-- --------------------------------------------------------
-- Host:                         localhost
-- Server version:               5.5.5-10.0.13-MariaDB-log - MariaDB Server
-- Server OS:                    Linux
-- HeidiSQL Version:             8.3.0.4694
-- --------------------------------------------------------

/*!40101 SET @OLD_CHARACTER_SET_CLIENT=@@CHARACTER_SET_CLIENT */;
/*!40101 SET NAMES utf8 */;
/*!40014 SET @OLD_FOREIGN_KEY_CHECKS=@@FOREIGN_KEY_CHECKS, FOREIGN_KEY_CHECKS=0 */;
/*!40101 SET @OLD_SQL_MODE=@@SQL_MODE, SQL_MODE='NO_AUTO_VALUE_ON_ZERO' */;

-- Dumping database structure for carting
CREATE DATABASE IF NOT EXISTS `carting` /*!40100 DEFAULT CHARACTER SET utf8 */;
USE `carting`;


-- Dumping structure for table carting.admin_settings
CREATE TABLE IF NOT EXISTS `admin_settings` (
  `id` int(11) NOT NULL AUTO_INCREMENT,
  `feedback_email` varchar(255) NOT NULL,
  `parental_permission_years` int(11) NOT NULL,
  `points_by_places` varchar(255) NOT NULL,
  PRIMARY KEY (`id`)
) ENGINE=InnoDB AUTO_INCREMENT=2 DEFAULT CHARSET=utf8;

-- Dumping data for table carting.admin_settings: ~0 rows (approximately)
DELETE FROM `admin_settings`;
/*!40000 ALTER TABLE `admin_settings` DISABLE KEYS */;
INSERT INTO `admin_settings` (`id`, `feedback_email`, `parental_permission_years`, `points_by_places`) VALUES
	(1, 'softserve.karting@gmail.com', 18, '20,15,12,10,8,6,3,3,1');
/*!40000 ALTER TABLE `admin_settings` ENABLE KEYS */;


-- Dumping structure for table carting.authorities
CREATE TABLE IF NOT EXISTS `authorities` (
  `username` varchar(255) NOT NULL,
  `authority` varchar(255) DEFAULT NULL,
  PRIMARY KEY (`username`)
) ENGINE=InnoDB DEFAULT CHARSET=utf8;

-- Dumping data for table carting.authorities: ~0 rows (approximately)
DELETE FROM `authorities`;
/*!40000 ALTER TABLE `authorities` DISABLE KEYS */;
/*!40000 ALTER TABLE `authorities` ENABLE KEYS */;


-- Dumping structure for table carting.car_classes
CREATE TABLE IF NOT EXISTS `car_classes` (
  `id` int(11) NOT NULL AUTO_INCREMENT,
  `lower_years_limit` int(11) NOT NULL,
  `name` varchar(255) NOT NULL,
  `upper_years_limit` int(11) NOT NULL,
  PRIMARY KEY (`id`),
  UNIQUE KEY `name` (`name`),
  UNIQUE KEY `name_2` (`name`)
) ENGINE=InnoDB AUTO_INCREMENT=10 DEFAULT CHARSET=utf8;

-- Dumping data for table carting.car_classes: ~8 rows (approximately)
DELETE FROM `car_classes`;
/*!40000 ALTER TABLE `car_classes` DISABLE KEYS */;
INSERT INTO `car_classes` (`id`, `lower_years_limit`, `name`, `upper_years_limit`) VALUES
	(1, 12, 'Популярний-Юнаки', 17),
	(2, 15, 'Кадет', 99),
	(3, 15, 'Популярний', 99),
	(4, 6, 'Піонер Н-міні', 9),
	(6, 6, 'Піонер Б', 13),
	(7, 9, 'Піонер Н', 13),
	(8, 5, 'dgfhdsgh', 8),
	(9, 16, 'ICA', 98);
/*!40000 ALTER TABLE `car_classes` ENABLE KEYS */;


-- Dumping structure for table carting.car_class_competition
CREATE TABLE IF NOT EXISTS `car_class_competition` (
  `id` int(11) NOT NULL AUTO_INCREMENT,
  `circle_count` int(11) NOT NULL,
  `first_race_time` time NOT NULL,
  `percentage_offset` int(11) NOT NULL,
  `second_race_time` time NOT NULL,
  `car_class_id` int(11) NOT NULL,
  `competition_id` int(11) NOT NULL,
  PRIMARY KEY (`id`),
  KEY `FKC7F8C1CDED6F4EAD` (`competition_id`),
  KEY `FKC7F8C1CD1F1B02DE` (`car_class_id`),
  CONSTRAINT `FKC7F8C1CD1F1B02DE` FOREIGN KEY (`car_class_id`) REFERENCES `car_classes` (`id`),
  CONSTRAINT `FKC7F8C1CDED6F4EAD` FOREIGN KEY (`competition_id`) REFERENCES `competitions` (`id`)
) ENGINE=InnoDB AUTO_INCREMENT=11 DEFAULT CHARSET=utf8;

-- Dumping data for table carting.car_class_competition: ~8 rows (approximately)
DELETE FROM `car_class_competition`;
/*!40000 ALTER TABLE `car_class_competition` DISABLE KEYS */;
INSERT INTO `car_class_competition` (`id`, `circle_count`, `first_race_time`, `percentage_offset`, `second_race_time`, `car_class_id`, `competition_id`) VALUES
	(1, 6, '16:05:00', 75, '12:40:00', 7, 1),
	(2, 6, '15:20:00', 75, '12:00:00', 6, 1),
	(3, 10, '15:00:00', 75, '11:40:00', 3, 1),
	(5, 7, '11:30:00', 75, '14:00:00', 3, 2),
	(6, 7, '12:30:00', 75, '15:30:00', 7, 2),
	(8, 4, '15:30:00', 75, '16:20:00', 1, 2),
	(9, 5, '11:00:00', 80, '12:00:00', 1, 1),
	(10, 5, '11:00:00', 80, '12:00:00', 2, 1);
/*!40000 ALTER TABLE `car_class_competition` ENABLE KEYS */;


-- Dumping structure for table carting.car_class_competition_results
CREATE TABLE IF NOT EXISTS `car_class_competition_results` (
  `id` int(11) NOT NULL AUTO_INCREMENT,
  `absolute_place` int(11) DEFAULT NULL,
  `absolute_points` int(11) DEFAULT NULL,
  `comment` varchar(255) DEFAULT NULL,
  `race2_points` int(11) DEFAULT NULL,
  `racer_competition_carclass_number_id` int(11) NOT NULL,
  PRIMARY KEY (`id`),
  KEY `FK706F8784CA0A6B84` (`racer_competition_carclass_number_id`),
  CONSTRAINT `FK706F8784CA0A6B84` FOREIGN KEY (`racer_competition_carclass_number_id`) REFERENCES `racer_competition_car_class_numbers` (`id`)
) ENGINE=InnoDB AUTO_INCREMENT=16 DEFAULT CHARSET=utf8;

-- Dumping data for table carting.car_class_competition_results: ~9 rows (approximately)
DELETE FROM `car_class_competition_results`;
/*!40000 ALTER TABLE `car_class_competition_results` DISABLE KEYS */;
INSERT INTO `car_class_competition_results` (`id`, `absolute_place`, `absolute_points`, `comment`, `race2_points`, `racer_competition_carclass_number_id`) VALUES
	(7, 2, 40, 'без штрафу', 40, 13),
	(8, 4, 0, '2 за маневрування', 0, 15),
	(9, 1, 40, 'без штрафу', 0, 11),
	(10, 3, 24, 'без штрафу', 24, 10),
	(11, 3, 35, 'без штрафу', 11, 12),
	(12, 4, 0, '10 за красивые глаза', 0, 17),
	(13, 1, 64, '-5 за таран карту №1', 24, 14),
	(14, 2, 40, 'без штрафу', 40, 19),
	(15, 1, 0, 'без штрафу', 0, 4);
/*!40000 ALTER TABLE `car_class_competition_results` ENABLE KEYS */;


-- Dumping structure for table carting.competitions
CREATE TABLE IF NOT EXISTS `competitions` (
  `id` int(11) NOT NULL AUTO_INCREMENT,
  `date_end` date NOT NULL,
  `date_start` date NOT NULL,
  `director_category_judicial_license` varchar(255) NOT NULL,
  `director_name` varchar(255) NOT NULL,
  `enabled` tinyint(1) NOT NULL,
  `first_race_date` date NOT NULL,
  `name` varchar(255) NOT NULL,
  `place` varchar(255) NOT NULL,
  `second_race_date` date NOT NULL,
  `secretary_category_judicial_license` varchar(255) NOT NULL,
  `secretary_name` varchar(255) NOT NULL,
  `calculate_by_table_b` tinyint(1) NOT NULL,
  `points_by_places` varchar(255) NOT NULL,
  PRIMARY KEY (`id`)
) ENGINE=InnoDB AUTO_INCREMENT=4 DEFAULT CHARSET=utf8;

-- Dumping data for table carting.competitions: ~3 rows (approximately)
DELETE FROM `competitions`;
/*!40000 ALTER TABLE `competitions` DISABLE KEYS */;
INSERT INTO `competitions` (`id`, `date_end`, `date_start`, `director_category_judicial_license`, `director_name`, `enabled`, `first_race_date`, `name`, `place`, `second_race_date`, `secretary_category_judicial_license`, `secretary_name`, `calculate_by_table_b`, `points_by_places`) VALUES
	(1, '2014-06-30', '2014-06-28', 'НК', 'МИРОНОВ В.І.', 0, '2014-06-28', 'ВСЕУКРАЇНСЬКІ ЗМАГАННЯ З КАРТИНГУ СЕРЕД УЧНІВСЬКОЇ МОЛОДІ 2014 року (фінальний етап)', 'м.Кам\'янець-Подільський', '2014-06-30', 'НК', 'РИБАЛКА Л.А.', 0, '20,15,12,10,8,6,3,3,1'),
	(2, '2014-05-29', '2014-05-28', 'НК', 'МИРОНОВ В.І.', 1, '2014-05-28', 'Чемпіонат Чернівецької області (весна 2014 року)', 'м. Чернівці', '2014-05-28', 'НК', 'РИБАЛКА Л.А.', 1, '28,15,12,10,9,8,5,4,1'),
	(3, '2015-07-17', '2015-07-16', 'dsgfsd', 'Gdsfgdf', 0, '2014-06-06', 'Test', 'Test', '2014-06-07', 'dfgdsf', 'Gdgdf', 0, '20,15,12,10,8,6,3,3,1');
/*!40000 ALTER TABLE `competitions` ENABLE KEYS */;


-- Dumping structure for table carting.documents
CREATE TABLE IF NOT EXISTS `documents` (
  `id` int(11) NOT NULL AUTO_INCREMENT,
  `approved` tinyint(1) NOT NULL,
  `checked` tinyint(1) NOT NULL,
  `finish_date` datetime DEFAULT NULL,
  `name` varchar(255) DEFAULT NULL,
  `reason` varchar(255) DEFAULT NULL,
  `start_date` datetime DEFAULT NULL,
  `type` tinyint(1) NOT NULL,
  PRIMARY KEY (`id`)
) ENGINE=InnoDB AUTO_INCREMENT=13 DEFAULT CHARSET=utf8;

-- Dumping data for table carting.documents: ~1 rows (approximately)
DELETE FROM `documents`;
/*!40000 ALTER TABLE `documents` DISABLE KEYS */;
INSERT INTO `documents` (`id`, `approved`, `checked`, `finish_date`, `name`, `reason`, `start_date`, `type`) VALUES
	(10, 1, 1, '2014-08-29 00:00:00', 'werwer', '', NULL, 2);
/*!40000 ALTER TABLE `documents` ENABLE KEYS */;


-- Dumping structure for table carting.files
CREATE TABLE IF NOT EXISTS `files` (
  `id` int(11) NOT NULL AUTO_INCREMENT,
  `document_id` int(11) NOT NULL,
  `file` longblob,
  `name` varchar(45) NOT NULL,
  PRIMARY KEY (`id`),
  KEY `FK5CEBA7717352767` (`document_id`),
  CONSTRAINT `FK5CEBA7717352767` FOREIGN KEY (`document_id`) REFERENCES `documents` (`id`)
) ENGINE=InnoDB AUTO_INCREMENT=10 DEFAULT CHARSET=utf8;

-- Dumping data for table carting.files: ~1 rows (approximately)
DELETE FROM `files`;
/*!40000 ALTER TABLE `files` DISABLE KEYS */;
INSERT INTO `files` (`id`, `document_id`, `file`, `name`) VALUES
	(8, 10, _binary 0x89504E470D0A1A0A0000000D4948445200000690000003F20802000000F4450B600000FFFF4944415478DAEC5D058015451F9F7D717774C7DD8112D2069DB694A8708485821202224A3708522A16A818742B48AA9F818D745B1C2828725CD0CDE5DBFD267667676767F7ED7B77C71DB27FE5DDECECF44EFEE6F79F91D6AFFB0C00459224004552E03FF81F50007E4496D80A3D401374E791A02305A0BFD812602B2C0A722AE1A06020F0512196E81786A390203D0A11E40E074582C70EA09DACA88951F033F1469285E2C749549D6B2635F19CAD5142B2B7B734BFD572AA0843107A0CEAC0A11B1ABB4D1ED9F2B112A11B617AB85F2E61669B30449847FE5796651C17FE8B7E705D44F507B0BE49B672D9466B3E3913B29A01A31B252FF265939E9CB24145C7D8C0CE842D55DC49A86E4821131BA0F653A1C5E5F578504501C083BA2CADDB026A4797AB12765BB00F8A36377333CC8DA8AF9A38E9B25CC93F42BF97C458D147DA721903D0DA36D09ED4B6AD19F456A93665752660EC06B560A990A6ADB66DD54CE628B43F91248B887451DB8C161B6D64AAD994123DFFDAC44812E40F500B5129017387E65C68EB67D28F870C6C2083A262149A15ED1FCD8E4293A0F7B5FA27A3E5A6E74B2B016EBA605549B86CB34E4C5F43D267A0349340EFF8D43CDA88CCB8D03F251B1FA05F8666DC3897A10509A853662C629EB5FFB4992A53A0820622FA86EA7732D54063F557C86C80CDBA9A4AA0E84168FE0DA569A86B129F0EB6840117029D81287C7B30A792CB983E53E72A03DB2770BFE03A1E057263C8B69A540B0D66F7F68F66C9A96F67EC2824C15B8B67897BA9D575C5CAAF4DD1A9FFCCF36051BE8DD1B1D6121FA0628EC2180AB01E2C82955B48E56FC89D64CAA3A8A79680B00A28DC2802684711B4E8CC311ABB23C9D49D69412BC1F21B4AC98550AAA1B6D3B057E2411D04B5B4EA546D3A5BAE37766296443D3C7D8452AE5CB9F143FA2E5FBEFCE4C99366D8C43E16615CF0B778F1E28B162DEADFBF7F52529238FD74F2A2DA335308453064C1003F7F6542875EFD2EFD190F1F3D08F742F65EB50E293EECCC83FF0740F610204C905AD542612615E41FFC5FC6615033FC0D602F327EC4ED4B0A28A0E00D9546BDF4D2CB73176DDBB615597FFEE917282875CE8110391A0189104FF8085847F03CA041725ABFA24D8D09E2A63A43BF1A12A739C2D327C05AD29C29CCAC4C510B9594A5C436545AEA8AEE51D866786B45D0D66D3D882C6DC63CA16550F7CEB1BCA0A151D88E7D65D5388562DF1909D13AF3AF192F3007422372D2DF096615B21C80FF07B23232B2D25253D3323202998180229399B9E6D2303892FC69D9049C8D6810CF151BE3A246EC86CCBDA98D96EBAB9442A10D6CB5B91D17E976A88DDAC33025A6AD10D5D6AF19428E0BAFDF8157F278FDDEA88888A8020522227C1E8FD7EBF158C176F907F0B241F0CDBFF92DF1574DAEE1659E68657BAD88C4FCA336129D21008A74F04B758F64B5703784C66F1C285A39D1AE8101EC74BCCE208C3BC0E22D7A0E0C9F81832538E08E4B066072C8618F4234C2107136A03A2619DA5F1DB0D1F12CDDCCC03DDAB336E932EF79E81F82831F19984B02FCE2985D91D2F91ABB68E26123D12A5AB0DEA6D9637BBAE0981D0B5EEA889D796961588232B099013C63305EC177252561D1E72A5CFEB845BD8EB7D12AA877DFC69418E147F5D1502EDCB2992F546327695AA20B56D90658D7149D9E7E436534221CC2E9A810B9B3729CAF249F8FAD61AC6884B377FBC97C1812C6A734A1DD0EDE4B0EBA52D3E6009F47FD8F196413A742D4BD8B45B13349DCF820862615201E44CCD974F6B18C039B4D672C40F9CDC5058C9D88A13F914CCF76C564F0EEB0DAD95433138A60D853C913B14F2D6D6B0E3295AD471B6721417E66588DFC96295366C2B067972F5F7EE2C40936100E197082D9B180DDC2850B9F7BEE390AD8319BB16869A9CD09F500308AA0905F3A84D2D730C0CFA6BE18D7BBEFA503BF137B84CD21EF32C1ECB4470AE1211B8BF2A10438C3A28CAEA8094E47C65602D521F04EC1401E0E27EA862A23264D7E6DC16215B0FBF27F1B907B0AD841938781CFD408281EA4AE93C9CC851407D0104C40F62891B58ADF9157B2A2D6390AD26953265C11E1AFACD00E48D67879C42D798F514EC56AE0670B421159025B7132B0B1363601DA0C758A2D0BCFECD8893335D8E09B3E4E1BB9393BC2341BE68BB6109E30909084F5286309040297905C89F047D4BBB566ED6A958B15295CA870419FC7E3F7C31F0F1BAF393BAECD756B032B4F666656962C5FBE74E5C2A5CBF187FED9F7DB9F199919850B172C54A89017A1761E618BC83F53736163B479CC6FE90F49F2E1222DB7055651DA835D2BC2CEAD0C360C7D4D122CCC0D0425E313F16DB781C4C4A94364A8F9C2B9870708C03A13A78F8105013B5B57981F235B8983EB8C2893A4EF30B0B9D4A02E0ED2112CC284941026FF769FC0088C1811141D9833F2B774F22022A863A493594DF15F54835CF5B932BB632D4C129328B5A015E12AD68C132AC07201C712BEF41E4F03E6F4BFCC44DC3049115523EB3E5F615865EA1F16A264C13BE69FE893F0311A6A8E01E2520C8B5D85B107809F6299013B03EC278E5F621240CBD938AB3464C1901C86E867681E86486DF3CE95B900A837313B6C3E53DE4AFE1F58836EF3DB380E3A85B0CF7EF6BF9700E217BA113D4BB6BE2CDC9B3268F813142C1291014203EC0C7E820376C031660782C376EAAADF0160678C2B9B809D295F8AC0AC38FE0634AF76754638B6E683EE25C7613BB38D1348CEC6CCD9D8A378E64EBE74E9D21335C08E8274A67C59850A8461162F5E7CDEBC792FBCF0426262223BFF229BB65F7CF5C3CE5DBF0BCBAA51C35B1EB8FF6EE3CE1E1218E0FA9746C7F5E97FE1F77DD05205E93C2A8DCE8B812B8D5E07BC5A4BF04A8654B1890C609446D2C65099406A1A48A7A8DC3A4CA923E09D8CF977127A2C5CE9A6E15326BFBE78F9F6AD18B0FBE6EBEFB047B4D1AD68B34B85E2CDDA149592FCF5464DB03D15A393143453F62ACC1486A4405D2AABE33C2D7E15AAD36250477B59DB40042AD1CFD06BE89F5692D8D98C04A450471AB3D8EC23B17D8868FCA345A5040D333C900E38182F6DD633A1DADBC46558BC18603BC02C68F86DBA6C4E6B68808140D6E5CBA9172E5C888D2EDFE69E261563A2514B90909E63665616465B3CF97F0AE54A5E09AEDB08F3F5FB10B00BCD5E493A969CF2CD8FDB8F251F2F52A448A14205BC5E5F7EC6EC6CB6C4CD509DC3AD725A38799DB9EB5DE027C8CA0AF87CDEDCAB6CDC47CE663C26948287BF98F53730A2733A3447D13303C746541DB945805A643A738EFCB2509D4E08332276C00CD8F15131E80367142E198C288E29120307CFAAF0CCC9702EC655138B2C8AFF63B3066B5D16AE75A64C717363EE4790723354C34380A1E4922F1E0E4B35027680C3EB80C1DAE2EB9919967461C8C1B3D423F5A2576CAB2C09D1412666AE348CD9E33E2AC557D95F267B3AB66820801A96DF8A186615B734DD2B0F61EBE09DEE8E22C19659E08A21186007CC352C5F8E50F964621052F29C2F97429A42E4AC187065D652EC947D728096897D5BB404DD0838A3143C203B2410981A88B65DC1F815F42FE22E27485E6D013B230728483119532004EC5493627AC1159DC5AA9B290BC3A0A27952F41ECD9845411988B0BBFCD89384DABF5D05D8CEE655485E58C06EC2B07E4B962C494949B14AB609B603F681972C5972FEFCF9CF3FFF7C626222D0A684040D80FF4D99F6DEAA151F0A4BA9CBA37DC78FE98F497632D9B624F6254A94F8DF4B23DBF71970F6979D2A3027A9643A8FA4E274442B165B2A582556C247AF482BFE3CF173E20512CE9D158A3D5EB3FC470752361E3BAFD9147DB47A390465A8243B5501966276E851A3DA49F86DC12A35474E9DF2E6B2152A60F7C3B71B0922879AB364D80AD55B376E1C787C96089310216EF4C03B60987463FC4A52C13840BB1F9535206BE43DD2E2F00080CFAD03CC7C04DB00ADA569189D44F747494C0AAF7E40A72C00803001239D05A8885F851C94751AB8B96350065F507BA1037117A69D3018D4D28AD163E6D605A5DA852D24F04020EBECB9F357AEA4768DBBFFA62A15B3909AB684A801DA420F18F92966E4D1B5B9CE6DD8EA412A15EAD681E2F380C3FF247CB4FEEBA8A8C892258A0B31BBFC332F17F66CFF3D7A5DFE979C5F404A203323CB1FE173AAF591A3E2BC9E0897529A3DE0303086582699F4440D989A81866795482E3A66926745A93393EB8C08949E60433C0CE060201101605ADC98001C9E83259C83DA50416CEA952D45427FCF750BC6D4337405B2DD989191E98FF033133EC37A93E3040ABFB245FA14C35F7672096CDCF1A11AA763B66C3323D9CEC42C348348A60FC22C1115F60FF77998FAC36547A017AA58C4665D84E6B668E0B609003BDD010BD8B12B5BB6A6B330A3802AA34509980AC5A181E6299EC20C3F5605C094BB80A32144F184BEF28FE4F3E1D52133CE7E1171D5603BAB0ED90E5C666C25CB37C0CE9B9D53635FAF040F48B20BCD322045ECC76E378007CDEC5C12E796805D70B44E9C4D31E6662E32C1C014A43CF43C2940E4D484E16926E16A375866F29384D1C53927E558A101560EC240E880A96F671F4B952A357158BF850B171E3B76CC2A79CC26ACA3BC97295366DEBC7903070EFCF7DF7FB10D3AE108FE7EFBFD96BDFBE2AD3CAE5AF1619747FB8E1ADE07C375322672C8643A0413F9E58BC3DBF71B7066CF3649AB283EFC87C076BA62AC8AD6A91AB2303183B626527C10867F474CE19F932EB136339B5720A817C1EC305487396D80558945F81D81BC0A57AB3362EAD4191FAFDEBE6D1BB2DBF8E3660CEA21D15A01A1BFD106A1DEF380ED1459E7DC31DF069F9047903A0F398E4A556BA5E7D951D4CF300350344BA0ED9402AC42AB3DE3F0C9D61D3B1506A415DACC6CC2048BE8648B56167E24130729E8581CB2E438FBA029B60AD6C6A35324DEC29D100B104C96ADA1BAB007781A8E2C074E9F3E0B4DFD9EEA5CA87091F4CC00A2AA7ABD1C5CC8C2315C865C1BD70660CC0E306B03F81B0804E06FA4DF7BE5F2A50F16AE56507F5DC2E3F1E6C3B5019B23F3A38BD971926FBFA0658281949E991EE98F747C4E4BFE1216C833821A3A5E65D087D5F7F998266984887431C3649A13C918AE647AA651D3AD4423D662433132005EFA1F3EE31293599A610EB5333810959D33715435D8A991D16C3A151C28C65AC7AF387960C592F6C18469354952FF8851BD108441AF0C343B4AB7D3E680BA81C6A49DD72729FCA79080A174B8F3E4F86CD0ECA81BC76C7F6B2A05C5EA0B3BEEA358EC55A1B81D933FD3DD0FC2D21554401D72A4A9544C0501044D814B92B9D0F8EFCCAD1AF404F1501D355C737D78FE1427885B78DCBAB0A716CEBFAC64F9A08564E12194AA637F861AB007B50C9D61D0589D1798204849EC4CC3AE426D2D4EA13A7192AC013B206AFCBCBD62E598B1603B4EBDFBE6C6106ECEC1A7F7DAE943C2EEEE4262DB092D6DF038B38D3D4227B424BFA54A959A30B4EFECD9B38F1C3942E941D4A5C7E361A66F745BD744D434F639E5CB979F3F7FFEA041830E1F3E4C02C1E27DF7FDE536DC3A02D80D7ABE3B3E125F56F13A942450B66CD9AFC70FEDD07FE089AD1BE985125E8F4AA6F30055499628C312B324A9C7D8AD494ADD722A9345E858738BD2119D620B10480EC66666D5C99855A7C8481996206F45EBDC366ADAB477D67CBE6DDB5684AE6DDAB80D6015022011300E35075991311E4F8A1BE09E4022201E0223B5964620357AAA87A2826A5E3A4B57D489918600EA77BC02BC70565B23013661C0D08BACBED0304342FB623677814AEC974CBD05D92E96287C1314CA526B0370B03E320251A470148BAEC0E1A6965607C53CBBA06270A94FD92CB369B655FF0671A7C72382E400336FCB2D925D209075EEFCC58B172E0DE8F548A1C2450398550718B48550A5888DC2DC994BA955AE8D6BC3DA13622687F97A3D9E2B972EBE3B7F45E122858B172BE2F5FA82B7BB3C127BCC4E6870987E77819487023BB1F4F48CC8C8084ACECFFF629E2B1BA03A6000AF18F44CFDE7D1796F26029C3158C3829FC6AE0747C367A13A6A520D8C172D1849901D7625A1C3768C25E7439055400D2CC02358EE7005993D61317AA391EB30181B983052EBF88E815BEB083054AB5488BB18F1766078F954141D3C62C139D33F038E457E4C401D60BF3B5F428AF10507F0717E8DDC45364C4531F93001DC16C5C44CC080069B29945E075883D1BD0019D52BA0C59D27C0980DF3FC0F6840294D9071A2C7960303E2598A9985617EE41CE74FC90F13833092171498CBAB9D3F766122B0B4B60A1DB6E22261F22E3059A6351CB02C48561C45C081ED82F02C803533F2A50764B1C3106AD99A1A3F3F8A9A613C9155682299BAF7B025BC0E278C66126A4421E0DDA103764E1C0007BDB4B9572F59B2E484A17DDF7BEFBDBFFFFEDBE8865C1726C115199EB079B44D5C42C151EF8830B0E935EFD1D1D10B162C183468D0C1830725AC0C8B8E23F77A3F98BD32286037E0D9AE814040C3EC147CF21B4200BF1937B8FD73834E6CFA1168B7C17A3CF0174DCB7D9A622CF9D5003BC9A3CD35D7A6646C3993C5450DE36A5ECAD7A97C9482703AF5D40E02D865E13C21A84E4166944FD92363EC0BFE16BFB5FEA869D366ADFB72DB76AC12BBF5E7EDF055001704E205921B6161CA3D2A8286DB282A4CB22F898A4ABB8F53A1DC3802DBA927EBE11683356C25A2212B0172CE1BD1875528E4A5A9A26B6B69A086AD09F93A927A7F85EA8CDDB637360C134CA7CF60B83D52BE41878CD93910E15EB355448A68AA276C03E61439499B064D6A8F5C699834619D4765A6DA992D43293641C499199989C9C94F746A57B142ACA2EDC8C26606342C0636515943F1D44AA2E1B614A9716D5C1B5AA34885A19614B6832D21312979C9AACF63A3A3FD11FE9C5A1EE4EA34D73C9F16A275F97C39914B929F17786681D5F2CA95D482050B5C43801D152108C169871A813506A9D3103C0B5E0D0FA3719B4C22D84E8DD01C2AC38203C1A6F54C4B02C6758631D346269D498954FFE126B6E115B3780261970D33EAC464C623792E5FBE52A8504138F7E3291D36D405BB52B34E13290045B15843060BD9B898D3671D26C299915E07B4B9A4B1EC25FE893FDA5C4013E30A48AF9B1C11879FF4506350CCCEA2B019E45888D6B114507EC96B58838B313B91029A117B339DE4C87C0143869912174C7875969DB1F4F5A59D701D786DF5E4D994AB30580BA310CE1C82A62A2C780284D4FD59383781DDFC9B60613AF21634773904D7D9A63C0896676BCD6C790963E7913B6A96428FD62A83A6CD0F7E94E08728E3B314EC33D8D728E37EA278FB257F4A36FB3D2BEF61A078F65E9C6076504A9428316168DF77DE79E7D0A143C657885D47A036F88BCD1E89C179103424AB7F15E6BC3928B1B1B104B03B70E00009C90783F1FAE6CC5FBD70DE1BD0C1D3BD8652C7D4061AE06FBF671EA1801DFC4BEA464C4CCCB7630776183024E5A7EF8011B09382037628D96B4F666D3D27CF9B3D9D44DAABCF88E6C53D9DCAF94906025A3674C00ECDBD54C04EA6801D34C312ABD770D4B497DFFF6C830AD86DDBBC0368B7DB66A155AC2C29C4BB44886FB8D810C5109F3387665A0152581222AA68C3364AB3A241A5EA55AF800276443116E142FA508F3F865AEC924ABDC3602190F5B68C6140857689AA822D572944CB546D4E231C8124C9BC85A0B0332AC5540599B99FC5F864DD2B8AF6AC4C6823A7C64032AE049FB258A1624AB0BEC8DCC3E18C8B62E1436727BF6C09DB0076AC63E77D10AADC81C0C993A7AADC107BDF9DCDA20A1624388B401956432449E097BFFFEEDCE79F15B9F7BE222D5B4951510EA373E5BF2DB4415929C6628A53DAF73F6D3D7424A14C99D2B09A09C3D97AA2E63F17CB3B8CB472919466650FE4465E84360ED13AAB49F675B52ECA6F02ABDFA52B570AE35ECEDEE5DF870EFEBA7BFB9143072F5E38071F8B142D5EE9A61AB7366852E5A61A5733C1627A1D3050E4B8FB61298026E93F403FDE4E0CD8E92204ECD85F1AA008AA13C06856D40A16AAA16A7EE23210F3E944B8489048735EC41C31530E48AD136A1985944E0B589306A718820C7D9D2F64B1B1381D07D3D94ED8B464B13597771A121661BC1802182B9140AFD6801C03077DAF401F5678970800E2E5AF3E8516A6439C1B365896776880ED181B8E6767BB0DAD2522983EAC3B2AE5883881E1EC1F6D2C734AA4600FCE487666A312C48F855D50644D0A1E4A0E169724343AC98720358E08846238D221D5CE1EA7B3EEAFCC09934C967609304F49AE5D09B5F70BEADE215A67B6B447F4B84761675EA2448989C3FA8D183162CB962D945587175E08AB4B4CBE70E972BA4DCA8B1629705395720462A3BD50AD5AB5962E5D0AC3FCE1871F11D2E7F5FABCBE8808FFA6ADF1EFBF3B053A7876C0B8B8F677793D9ED5EB7EA036D0007FEFBAFD96ACACAC4000FE8F84AC106BD4A8B16768AFF623271E583A17DF098B50392F5186F54083E203B20F73D27C04BF43EAB1FA1C17CA86C255F64446CF7A7B1249E1732FBC583F3DA5CDE57F28482203F5DE091903769918F30A006F00480119DA4804B0538054A175FBD133DE5CBE3B9E02763BC9E04F388101C2D7830B060F42D30862E8C1801D4A2F06EC30682261AD5B8DDB87D1BA391FEF4A4ABE14B43EC54417EBF578533C96EBAD1E13EDB46B2524A071F824AD85ABE521C4B0F8252A0BD631765C4523343F7D7FD4305BC5889E312E8A0D391CAFF82D5D60E9D518BB39A5F64B18C3B4D4765AC46D2D88FB3306C73374B14E76E458C0CE063E702ED0577A7AFA9123097D9FEA5CBA4C59EE8BB0B00B34FB7C3E146B5A6AD2F0A160F972F9B1C72ABCFB7E564A8AB764494F642407925206966B73FDD890AA92852F14D6A15EEDDC43A035F933A74EBDBFF0934A952A4646460ADBDDB2437786548D9FB869E35526D959590A1FAF15F9CF2FDBE054E3E2C54B458A149603012B37B0A35BB374EE6F7B7708DFDE52AF71A7277BB3553AB785C3EC386E1D194F588C8E5589A5028C74382D2CD3E73651A4D42D4223C38E05EC587E9FEED43202636CDCB8ACD9B2393773E98CB77FF2EC299E99957BE2BC894BD2858B978A162DAC1D65CC254F3C4F10D3A67228C9767C0A86CE05B88907BB554BDF59F476EAC7316DDB7259B3DED8B0D49D30441B94A367AAED36BD9C9E590A4FF2809D155F85CB389B0FEBAA6862EDD9037626869D0141B41F73826276410BE7BF2779C2B30B3A55088F671732E8207876C04EB646E194E0CE43AF5A5230A3563621871C5E226C902CBD4BE5BA2D534A25A341F3EFA0F4E91B429E30EF1758EC299849B8CC5F216267952EDBF7FF91AE43033D42E3BED8380E836D27B4113E72FD3966D8F5193A74E8E6CD9B81CEADF3601D56EFE123E7AC9458897479B4EF6D3757842B38C289239A9A75EADCBC74E9929123477EF7DD773838AFDFEFF7F9FD3B76FDF5F65B13A0AF1706BFF440DBE61EAFF4D9FF36531B6880BFCD1AD7C0485D1606016552AAB56BD7DE33F8E90EA326ED5FF42107D8F91C0076DF16AFBEB76085196F8C67533E68E8E47AA989ADCEFD49A627985EC701765200780240CA32027615EF8F1B3DE3AD8FF7FDB96DC736F4BC6DF30E047BA8F7648080129030F99068BF02529EF08F57D2E03389DC484B5C01A0A8B89D045E9B7FD0E70FCE66CACA4C1BDAEB5645BF921660055C957C276B233FA198A9F750001DAD8336E45E0BB19A8A805FE774E0230ACCC2C1428C88E9DD8F781B879F41D9A583E5AFF1D7A8D9EF34EAB3248E610714A71BE4ECDAC3366D801913389E1D9D3803C04C9A35CFACCA2A972F45535D34478C6E863D73B67891C2ED1F68191911C9BAA78113BF994949C7A7BF12FBCAF47F9F1BE05FFBC9799F24952D5FAADB53673F595165DDE7BED858D61725D9BA36FF6D1B56EFD550DF8D87DCB1950A1AE078B0F6B3AFCF5DBC54A224BA7DC25C2D97FD152260576D6348EE1D8ACD64DA096CE74A2E095B97A8A5B9EF328BCFE73B7BEE7C89E2C5600D143A80F579F68C97938FFE63137BF40D95FB0C1A9DDB981D87779951306DBA06542C0E682AB1924109D6F08E75EA341D0C2A27BA9F553074EAE932A4DD2886B582C53D970098013B4394DAB3B09872FA8BD0D91197547DD3C2C2239C7A9D3D7FA144F1A20A05EC822DCEA222FC5AF92869199939960563ACC21D42DD259D6BE8E8957122C44CA9985D5F95871F2C25CE2048231153DB1C06EA856AE2BD62368FB678AF71B798C66642EB18829B9E7A73891A62E6603B00B8753F37CB15C3764CAAD8F875181100A34F83259B1A7E0FDE0ABF73259B623307B081EAB87D5027A1391449F4278863CBE7F07453838419CC95646DA5955236E20CB57CA5A05E4C789DD536896451BEE25741E2E4C65300B8FEC07A832154E13623724A1CF63FB931C7CE66D717D4BB8D0327909C950D67D601BB2108B0DBB409017658EF55BDD415CE7E0F1F3933E783576C92FA4CBF51F56EBD3133332B2B90454640186AEDDAB5962D5B3662C488EFBEFB1E460543F321F1EFDC73E8CDD7C6425F43864FA521501B6880BF4D1AD508C0C0E4009CFC040259A4A38301EE19D2236ED4A4F845B33D04B09388EAABE243209DEC9514BF06D8798D80DDB7C5ABEF2B10FBDA2BA34874C347BDC29AEBA526B63CFF97A2E9C362561DC8844B4E348C4B018CD965A12B622559BD0A56AA787FFB5133667CB4F7E0B6ED5B91BEEA964DDB31A082B03215B043D74FE023FE485963861DD1D0C5032F569905FA64413D870E96C59223E6222E5A2872508FA60D6F89B97C25F3F8A94B83A67E052D0776AFA14DA124BC828109419C97767735A41E7BF51F14D7A5ABA2F7238A36D796340C4F559E25D01EF5084B23AE65D3590B5746C7540082B5ABA40565D9B4BAB4BDFD9DF91F13EF747ACFEEDCAA018AFCF2C31EE3DE682F98110A5ABB6458FF989B08B79D6B5EA6DB6DD88A860AC6BDC29D6D604A33B36B2322D6D15460B40ED721EC43C6182FFBA8885571415666E6D184A4D67737AD53A7169B3C49536C244A8B1967CF1E69D3B26887B8A8C6CDAFF4ECE8ABE24BFE4D8E027271494AEBD0B1E28773249F0F1857CB267C67FF2B0D6E7B85DC015D6BFCB6DD2FD6BC6AE852FCA4A60D56C5EDFE6D542DC60DB25C1DB7FB979135F316FF5AD5A3D0A49ABB7F1D552BEFD1B7506DF459A6D65F900A43E84B1E5C73A00D8136B81A1B1FFFE757DF6FAE5821DA1F1161AE964BFEBC0384224F9A00BB051FCCF8F9FB0DACCD63DD9F69FD60C7A041F57CA4DDB49973CA47C7521BAB69B4CDFCFB784AD2F821FD88F9C6CA378D99F24648D9114ADF273A4C7EF383B2E5A2ED9D9D389E4CA386E2C40B2BF97FD9A6A01312D19849F65D685F471F65D912B383B38C3367CF952C51DC0AB05BB1E0FDDFF7EDAA78639536718FFEB26707344745A2FA79F6CCE93B5AB6BBA946ED6F3F5D95F0EFDF37D76DF8688F676D12396DDCD0237FFF050D95AA54235FBF4FD7F6F05B942B1FE3C4D7ECE59F72362F8C98704BBD86BFEFDD3573FA4BE4D5A091136FADDF88F6D6BFEED9B56BC7E6DEFD0777EFDC9606F864CF7E0F747898C0778F3D742FB51F3DF1D5FA8D9B82602B1F231587621EA247C0B3988C2188A3A1639B658998C2E4E952C63844D1E54C7DC67D1DB0A9758AF5E61D7476FAECD952254B900D58F31CDC1419888CF075EFD11B1A172F98EB04B0B3A670859C4FCD9722507CD5213CF60E0626322E1DFC3EA5800E176C9F1500332EC8415640BC8C3346CECDEFF81E826514D23F0C5A47313B51A11AB658CDB422C91E3010A375FC75B4BC0DA71E6C0F7DEB89B1C5E99C903EF283E4FF8DB1F060BBA0DE8366DCFE7B498E6C1DF49EE1560AC9B97F295C8F214B0ED425258815DB2F881685D6C8BE39DF8275B508A7D37F044C3CC9728FCC19B06B23240403533F57B6CFF28538E91E9DA375568E9D74D1F4B778F1E22F0EE9337CF8C84D9B36113298A421763E9FFFAFBF4FCE7CF3459BD40E1C32A9DEAD9531214E26A802EC736AD7A94D00BBEF1160874E24871369F8B363F79FD35F1E290C67C4E85701BA5CA2C48D15CA624D58ED8E58A2125BB3E6EE613D3B8E9E7470D95CE0514FA9F369B09D07E8C43AB876F4210219B9221665F0F5E2CD5E9E328CC4327ADCEBF5338FEFF197636D869FDF86013B04D5C1A50062D821D80D1D421700EA1976E8303B5C4503927463AB0747BCFED647BBF76FDBBE05A17A9B7EDAC6EE9AA9574ED0AD3389E0611E8F17D1E008FD4B06586187547D7DDF4F7A63B160E77F649F167737A94C1FEFEFB51495FB532AFEA200C2AD834123A5DAB677D49FB76C6D74858A74D4A77894BE51ACDED1AAF967FFE077F037EEBE26B3167D421037609848115D8660805D9B16EF2C5841BD4B9A9FA067A2041DED1C7B15D778B64D08B83336C963BA3A2E89C2634CCCFD9ACD548BE3D6097FE157866BD15F7F8FBFF3F6263E7CFF6656206BE3A6EDB7DD52BB44F162B2C5B4202D2DF5C891634F3D16175DBE1C43C5602E02C6CEE4D3A72F6FD954B47DDC3F4F3F535B5979F45844CACE40C1EAB1D1EFCD2988177E41247E72D346936B2DC958D0517D7CE5C0F851C1C193ECC8EA1E8527D5D8F9CBA85A412DF356F261929C8A824FD63C9290B8E1874DDD1FED181585A08DB4B48CC52BD6B6BEE7F61B2BC418783D4CA582BF274E9C9CBF7C4DA54A15A2A20A9807A125076F2786EFC614B249C07DD32E13C393D57FB672D3F3E1FBA7BD3D9705E0EC45E8DEAADB11D2EB105A37B8EFE4B73E2448D9E2D9EF74EFF37CF64BBB6FD7F6344C1B39713CF9ABF5AB488C0EBDB0923F57689C783D9EB3E7CEFFF6C781DB9B37F2628666400E6CDAB2F3963A35615F17B03E9F0ECE334E9D3E53BA5449216077E4F09FF366A2EDC77ACDEEE8F4780FD837C2D2888C449476688606F8B8E6A3057BB7A2CAD66BE0A84A55AB9B03215FFF798CAF91C713C949D0DCE7F187E0B7B001ECBEFD625DD2B104F8E1A8E1F77DBBCB46C7402FBFEDDDF5F6AB13E77EFCF9F1E349E5CBA39A096D66BC3261FE275F502DD79746BEF0ECE0D1D131B1DD3AB67EFDFD45D0005F746D7FDF3DADDAF51D381C9A1F7DE0EE997397C5C4544C4E3EF642AFAEABBEDC689E4AB3B5BC4BDB3BDE99FF510C1CA34DF424F35869D24E35138C5479E89E261F2C59151B5BD1182333F69977F0251BB3312E619439245E493A71EAF48E5DFBDAB4BACBEF430CB8CCACCCAFBFF9A971C3BA654B970A58AFA5E1A4F9E4A9D3654A975268CD0CD6CAA2FCFE516390C6C7CBD326A5DB01764EB2A9D87A176D8E9A713A6AE0C85FC004B771201DDDBD354463BB256B4A086B324CC18C981D179E6485D649E2B91ACBB1D3D13A9EE866F422E6852A42A28C09B7331104050C3BB1216CCCCE866A071C2C17F389FCE701BB30EC413064447264C5DBE60D609723689D2D1BD061FF131A9D8E7FD657C15CBF441AA8E8E8553BDA1DEBCA421F96F9CB936E59279265D7953BC85A2E91F2F28338EC1E730FB6E3B65E4A9428317E50EFD1A3C76DDEB29558AA989D07D1E21293CF5CBA6477865DB16205AB568EC14AAC3256F44455A54E9D5A4B972C4167D8FD88881158C1D6077F77EC8A9F3679A8309C31E3DFB8EB8E7AF8F4BA00B96B82EAC342A959B3FAF661BD3A8F9DF4D7274B2549BD744265D82140105DDF4AB8753E4C3AA20C3B28DFF92AECF39426E67ACAA95672CA379EE8BD522962535739D5322B1100A0DF382123840E9A0388BAE409C808B693894AAC840C15EE6E3BF2D5D796EDFC75DB360CD86DFC61ABDA4A707B50F0451801AD15CB184A2304388D68861B13BE151668C01946C0A4D7161E3617CDEA771F29582062D084653BF7A17B7C8B9646E0DDA0A76BA35B273C74B2E42181B5BEBDDEFC8FD645A3E9B2A490BB2F544C90B2668071EEA3D0A40366D6D4E15E04D8C5C45614AE5D5911DAF3801D8D4931C51F2C34E19AD9EC0F00207C29D2E89180552CF6B965064C631729E96AC78678F97CDAEFB659417540639DFCB0710B79BCF7CEE6F0F77BEDF19E3B9BC33663EE0560133A7BE64C5464C4BD77B688892E47C221AAB5F40C32A2F648120C6BCCDFED1FAC5F7D637252D4A94D99728BFB2AAD5C7BE2B5570BB5B8BD60B3E6248FC4BDB143897FB9FEAD07C7662EE8A4E7DDE426C76D1073ADC6AE5F47D766DD103ADB6F236AE476ECCE6D609226D7D8B96F54ED7C929E106C487DFE70D147C4A6DBA31DE1C8B0F0A3D5A422F5E9FE9884B97592562B702D556F263A71F2E4D7DF6D4C4BCF2851B2A4F9EA090AD839147BC0EEE577E6D9339B1CBA7708DB4D1B37E4A1CE5D095E0382CCB04398BE04457C88FCB677574A5242AB073A3AF772CD89D7EBF969D33662BEE78E66F0F7879FB792C7BB6E6F8AE70762F1FBFD274E9C2C5BB64C66A6000459B9F083DFF6A0A3EBFA0C1957B152156108870EEE5F34EB7568B8A57EE3479EEE677600BF7EFB2E4FDC5CB701671FF45B508F278E278D1BD477CEC79FB13054EFC71E9C3A734E79E85DC3217A3ED26EC1275F925DC79494A42FD6ACEC3D60087C7AB263AB373E5804C756684E49491CDCA7DB8AFFFD08DD3CD2EEAEB7E72D8FC1636E97FBEF44609C869A09A5739BDBDFA56E04BA85367C374BB40E60C0EEC325ABB8A8999586188B731C512E90EB48CA60DFE5F57CFEE5B7E4F1C13688AEF8F9D7DFAB8FF7B7443DA4D5F2D6E33971FC44B97265CDDB6656686954847FF2CBE806B4F1A3465832EC727CEDC3695D723F0CF58CCE52AD1266AFD2650FB8085699C6D917DFF10653AF35225362550A0E993371EB18E6A1302E01DCCC1406F3CA0C9172A89B08B3635220BE868235020080D5143A54C02E1FA2752058FDC96FE29043170AF92004098532150E54170E8AE6CCBF14CC988D648845119842742B66AA28801DDB2CF048F260F30D4C08A4624E8408B55742EEB3B221F4540485B7CF8F3D49F6721A728EACBC38E9786D6CD89EBC44891293863F3B62C4E85DBBF791C3C419C84EC2AAAC3EEDAE58D556C11A9F0853C3EB7F0E5F4384B81AD5162F593C72F8F08D3F2348C1A3C93FFF2626279F16E62836B66CB5AA37E29B6103E412060C27A84842F5EA376D1FD6ABD38B930F7FBA12BE20809D0F91E8C815B10AC1EFE0BAD083CFB303887C27794C99A5065951349695FA93854D592824F80B979FEA6176583116B908903B1E7CBEF22DEE1D3571DAE2EDBB55C0EEC76F37AB703AE19BE0BB5E65AD61CB1ADCCDF649482956C2F7724A400341D08B5717FC652E9A2FE73D097F5B759FE3F317A096837BD491304807E8D41AE350AD5ADC36FFE3F531156E20D9824538E3D5491BFEB70E3EB66ED7E18511E3498687F47BEAAF83FBA1E9C5696F356C767BE2B1A3CF76EB4C425EFF1D5AD274B8AFF18BD3DE9C346608343FDDF785F69D1F8786A4C484013D1E21CEC64D79A35E23B4944A4E3A462DC74E7EBD7EE3E60A02EC9ABF337F059CB5776ED3BC65DB879E1D3C1A30D3326031A761C5194EC7BD628236CE290D8D813EF09E154178617443A2E9AC588117F013371B921D6C805151115F7CFD0317C8036DEE494DCB08C802C02E2B33333129B94EF5AA8D1BD72F5CA820D15E6467C354319ECAD1EE4FD7F4AC89AC29FFBDC197FC4754F949E32ECC5FE0A97AD30DCB57A0F6989AEA2958902B7CE9C094668DF68FBAF451076A43C38C9FDCACD1E483D8D841E5DF61C6D9E2CEEBBB4F39882D47C6DFD67C1AD2A4AD3166DFD631B539079A2550F64F6ADE780A0EAAF3824B5DD6157E7C3D89A2E347679600E8A5E6CE170F34E22D6BECD837B21649A1968CC5E9F33BC214AE415EC6D47E751A829F6A8CDEBB756C1D63BEF64F6F54EFD5036ACAE7C729EBBB47F65C4B03EFAC28AB7A16990C3A82F56B6B2F30E43DFED58675558F28AED5D059CD9DBFC064ACEF16D183090146A1BB4485B39FF5B8A093C497B374B56D08C32E2D3D6DD1F2355C3D79BA6BE7888808BABE62BB5752CDD2D2D2B76EDFF9FB81C3B131D15EAC4FCDCA923F4363D875ABBEC9CA4D8F87DBBEFCF63CCA985BF0FE5B1BBFFF1A1AEEBCB74D8F670743C34BA39E3F7218F5AB83474FBAB57E63EA1E1A881BD6C12DF51A7145018C9D424A72E2B8C17DE67CF4B9D9D989E3C9F01531BF3062C2CD751B9A2D49F8C7539288E5C34FF6FA64E9BC296FCD2E573EE699C71F2406FA160A1B1191C5B3DF861D2F0947E885C642DF42C31DF7B43EFAEFDF1DBA3C415EFDB677E7FA55CBC64D9D015FDD58E52668207E37FC6F2D4D8F391934406A9EF3CEF47FFF3E44D3069DB16E88986DEC0596A7CFEB857DDD57DFFCC4BDBABFD55DB0AFCBC2F7110BFDFAFD1129C78F972F572E3333C3FCF6B509C3CE9F3D0D2BEB90F1AF942A5D5618C2D9D3A7DE983412CE678A952835FCA5D7B9B7A44CCC1F856473E0C889335F9D08CD8F74EBDDAA5D9CD9015B7A5367CC216609073BFB9DE92F4E9B09B4D1FCEBFFAD494E38DAA3FF60C2B0FBEAB335B1156EB8AD4113687E22AEE59B1F2C898989253387D183FB3EF6644F58251E6E77E73BF310636ECFCE6DDB37FFD47FF02876F07AEFAD97BFFD0A25BB65DB07FB0F1EDDA94D0B620F1F9FC3A33369F371AD9BBF38F58D4963D1B6EA8B53DF3C967064FE076F4373CF7E03E31E867300E9DDD7A76EF812E9F3B6BEBFFDF3C3C7429BC1CF3E75E820EAC027BEFCD6C4D18349B0ADDBB57F7ED8D8C46309FDBA7721369F7DB71DFE3E745F13E81186F0D9F7DBCD4C3A8AD13D7077C3DEFD07CF7DEF2DF8000D9D1E7D025AB6BBAB419B073A7CFDBFF55FFEB4FBD8B184679E504B78D2F4B71B3569E1B0763162581F9111164E73D77DF635E7AEE3436DD0192D861156018C678FE44D3E9E125DBE3C9CBE32B901DC4A29C26FE8065F7DE34DF83B72E810D652C8B6332F6759064768D755F027A55930CEB41FC61FA74020050BDEFC8A35311340EE04398BCB2798800C7BCC34390CC2ACCDBF24ED4E0CD3A1719451C8E7D696B362F149AC194206ACCD8C42EA496153C0BF57B890F442B0E7D9D98377AEE494E42D6007C2DCC4B082161C45246A0AE1B1EA4C768E003E87B95542B4B27E694556B14DACF0BB48C10A423276F25C52C4AC3ADB4B2744B1E40ECFEE3AE85EB2A9246BF596B3B4EABA894AEC6B13860C1A3C2C3EFECFD4D434624FB1390FC5EA74204F5287406D94576482AFE9DBDED5ABDFB478C9E211C3866DDEB25D5205F92447E3A1036A70682AD34922B72EC844A996E27480E9D06EBAA9CAA661BD1F9930E5C8864F259522A5F891122806EF3CE8EA098CD9C91E2FBADC81B4162F9F77DDC88E7AE431803343F45EE18A53BD7D428666290BFBCCC2909BB740E122759B4E9F3AF9ED6F366E2580DDF71B7E56B0C6223EA5CE2B7934C00E4F16B44908B90A422D764552B07B0CDAE1D221CBE46973E3D9CF46A03A568EA55C78662C9A2E0FED752B77BC2E9999DCD7EC16EA78F26BEF366CDA829663BB3BEBCF5EBA26A6C20D83FB76BFF3BE361DBA7445E9C2096A7F4FA30F96AC8989ADB87BFBE684A347E0AB0EF735AE5ABDE61BEF2D4A3A76B4FFD30FCF5A88D4633BB56E367EEA9B706D4090BB7717AC8C8EADD8B9753302DE41CBE77B3E4A713A6898F1CA84C7BAF5AEDFB839F739852395603C03862ED16278B39DB93869405CE8D91C456DE312F4AC1633492E458461E7F3F9A2227C9F7EF92DC553DADFDF122E60F19D2F8A10B03BFCF7913B9A356CDAB83E613F9130099D4AD56184955D92CEAFFC38F2B6BA11D56B248D7BA9D2D199455AC9DB46FBB23295020044C186346060B9092F25F6EBED295A347AFA9B6C5E5180F1939B75030B768DA787D669EF57F728FCB8B424737E47ECA6D1AA38845BADEE59F8F17535C76F81EED73E5EB2DBEA1A63F66D1B5B4759F35849180842BE90AFF5C481C117522C1D590B80B58F378B1FBF754CBC6E8331BE9A3B7F19557BF5D38526D5642D77FD3AB2E62A182020702113208A050367D2DAAE25BA290474D3F215FF4A83DBD67552B14260C8171BD7E307C6706EFE78B5615DEA11DBAC22EE71928C36071E2FB9A6CBD9A55DD490D7A247941ED3E1C47965A3EA627BA4F4F4B405CB5649DA31763D9EE8121919A528EA01765419D6A311EE4805DBB97BDF8F9B7654AD52C9E7F7733573F1C1D016D8DD6B6C16372845E9F170DB57DE996FC68388FD89E4C45DDB3611E48EB5FF60C6CB9D1EED7E4BBD46BFEDDDC93900C63E8033236CE5ED57C74F9B09CDDF7CB16EE592B9D09EE26203474EBCB96E4302EB38B1242170801D35FCBE6F5772D2310EFA993276D033CF8F6051339B5808A616F7F093F0150C6DCF8E2DDDFBBC0030EA07BB656849003B1A20B4FFF9870D56C9203013D1C075622662B6B117D2D7F9FDFE0291FECFBEFA8EF6750FB5BD2F353D138AA258F6B2D05762724A6C747921C36EECC09EB0CA162E5662F494B76C12F0F2B8C197CE9F85F57EEACCF9DC2BFAF5CDBE7A3FF6002C49F80AD6A89948BFF57F343B64AA051D504B688665523E3A864C9D278F19D8F1E1276FADDF189A5F1AFDC291C37FDD756F9B9EFD875075F36E9D5A2D5BF72D195DE0D8FCD6874BB02A2B925183FA3CF664AFFA8D9A7569A79F0BB9E66B7C83989E3A9D17DEB14D8B590B5640EFAA21B6020B9CC5B56A7E131AF717ECD9B1F5A531437AF67B21AE4BD7DD3BB640F3A7DF6D670BFDA1FB10932EF958C2969F7F787ED838DDFEDEC61F2E594D1876C8BC78554C0538AFD802E7153028E8ABD7B303E31E7E4200D5017D99F3C0DD0DDB3CD061E0F0F1BBB66F7E71E4C02F7EDA0D2DDBDDD5A0F773833B3F822645F7DFD500E374B727261EEDDD356EEEF275B1789352AB43C66FE3601D81771DF0E92D5E69F5FA2F69ADEBD2E1FEAC809285B6912D6B1DF4959098543136061DEE2959C617E1F7F5E8DD272A0AA960172D5AB4D28D3742C3917FFFBD70E102404AD9690BE6CE4ECFC8142A52654778F4CDA869A9C276C6EB1704981D9AF3F3CB0A6605CFA37BFA5F1BFC8E45C9840433C32C48FC6979ED6DC97802A3313ADB5FA62E9872028C20A98EDF314F66828C1E80CE9F33C667C8AE00B6A3656222DB7199B3E36B08B44C44CEFEDB72D5587B5701BF93447F040F8E42E1ADA4D0BCD8BB7286FF899D0681EE42AAB8168B44C5D9B3626D210851088E497CA2AD18EAD6E9E77F80B82B301E3E61D859B25D9A9AF56825614EB221CE7B9BBCE5D8E620B7CE899BA0681D6B2852A4C8FA651F444646B66AFD40C2B1C4B4B47485A8674A80627614BF53E9609244777E14E3A04482AD7653E5850B170D1F3E6CFB0E34D1823E35229916083E549A78A26923689D2C3AA0A66A951B370EEFDD79FC94633F6E40D434209353EA3CE43C3B099D67E701709E0F300686C2F462CD54531131989DB14AE0236F3CB282B55FB3907A2C4C25BE7A020464FC164EE5220B16AE5879FFF9D4435B37F57AE39D6DDBB722C0EEDB2F7F224439B590BC005F2BA110608E1C7126ABDAC2B80DA0BB02140280E22B740960875E4C99FD3B9B263360B76CEDB6A59F2346C3F0DE75552546122EB9165551EE6D76CBA2959F456B0C3B58A43BB6FD3C61B87AC4D2ECA56BE06F9F273B7DFAFD4EA035CFE4C4847E1ABD0E4ACBFBDB0F183A36AE6593590B3F21D3EE596F4E6BDAE2EEF2B11506F47864CD065535095A36BBFD9E7231B1CFF77C74F5D75B4868EFBFF50A7459AF51D32E6D5B54AD56F3F6BB5B3E84A979540C85EE14B67376B904606AA344A0C82038B779E756B18982DF5E67FB457EF5218C5831CF0383D1EBD8475859E0C20036906FBFFF892E275ADE7B17AC3CF842657E360DDF66A4671C38F857C7875AD5AE5583557BA4AA8B0821CFCAF2FAFDC79EEDE32D54B8FC6B6F1C1B343CF6D0ECD271F25F8B7C09BF7A4B57F3FB5232BCC3C695EAD3E770F3C6957FF8D95F0AA997B31A94D281C9CD1AC68FB8B82C8E63B1FEF1528BC6F1233110066DD677F3AF8B4B9FDF690D01DAB08A28566BD5F0B59E185F1B5EE3935E4526134BDD57AD29CD358A1C928ECB4F2F9144E1A88140BFB2AC850326376F143FEAF2470FE134AFEF16B1BE53C6824EAB91971DFB4622EFAC2F9CAF78E865FFA8CB1F776073BAF6F152DD56E3E86B8DE0E3D2DCC41BE2C28E69BE64695D571AC2486823C3F29902C6ECDB32A6368E7452B38693C9A35E866C395F759B00A63241637A7AFAC2A52B25A2462DCB4F3FF948444404AC7804B023403057BBE0EF81838756AFFFAA668D6A1191115CE5A4805D8E30EC58C0EED73D3BDF7A59BD0E1CDAC3DF51CFF77CACFB336D1EEA4CDD57AA52ADE9ED77139BE329499C03A00173A35FE8451EE7ADF882B51F3BE81982BC90B649802D6860B9578B66BF5DBF51F3B2D13142CBB9EFBC3676AA8A1971381D0987A6E4F67B5A3F852136223076B35F61D4B7D443601CCC69E3E67712FD59E29E389B3A76300904DA3CF264AFA4C404180B51B65D891976C26440C76CC9436784D8D8FBB1075833753070E44B3019EC5B2742A0139FCF07EBD4F73FFE4C2BD5BD77DF8186E4AC2C1BE82422C29F702CA96285980C115369FCA0DE7220CB171935F1B5F72D29428A327168DFACCC0C8FD73779C65CEE2DE15752DC8D15AE10B832845E0848472A2A0BD82DFC10C17F3DFA0D6281865FF7EE7A73DAB8C5AB37C064FEB26767F2B1A3EDE21E2669D600BB8A84D43F7A609F81A32644C754501976B11511E7BDE763EFCEFF980CDF249FBB776C9B325E3D8E64D6FC15D1B1153AB569316B3E06EC746A1262D8BDB77025F408CD1D5A357B1FCE012AA0403AB46CFAFEA24F62632BEE46409E8A6E7FB07815FCEDD7BD4BAF7E2F7478F80962D9FEBE26D01E86002B15A5D74169D5AEFDF343C792B7B19A1E2EF947303E16717BF09E4670AE426C1EB8BB213163C3DA0A152A2626263CF3444782E24199397D728B3BEF257B93610BA97570360647C4CFBFD8406BDD83ED5A7B3D3E74099A1D60E7399A907843C55859B65B6644FA7D23C6BE58A60C1A4023A3A28A172B060DE7CE9F4F4F4B838693274F4D9F3A293D232B77D80F22F54B4A6013A357C2BC04E593A911D82543479E3850CB9044CD21CF4013258AC1EAB45936A07F8DC1B37914DF03C167C660678172B046C95C7C564ABEFA3F4352843E586F5CF88AAEA9275AFBD96BC582B016A85741AE2DC558FB043B3FD8CE42FF47150651CB3EB066E7213BDB06A1F9740AD471153BD41C221172427893E05911595844A12EC5B954DB7C374BA6A322089B8B5C0CD801A6A7529CD4176724EDECF41261FBBDCA9D40F67BC2F0903B7B1B765DE6F7FB2323235F1937F0E69B6FEED8A973F1E2E8BC66D601EDF3C970689F1CEAF8C30F3E983C79D2B1C424763435AE07D527D3EE96220CF69B014F3CFECEFC0B870F60455885F8C56640A03F9F47A636403CB05A01298036490513EB886540F1105E5C8084E68F3C9596117FF8C8FAE54B272C5C76FEFCF953A74FA1D8BFFDEA474505E224C94BF45C55621D34CBEADEA58CDD601CD443003B84ED79B0177C21052A9D89EFFDC2A6ECC2A97FE0EFE6F568FDD9A2C364F81B51B07854C112D030ACF76D12D6AA252D9236EFFB9ADE4C003B02E61D3BFA6FCFC71EFAF2E7BDB058073EF3E48817A742CB3E4F76FCF4879DDA9EA302E7F7FDBA755EFFFD0EBAC30A25AE6593F7D064FD066833ACFFD35D9FEE5B3EB6C2734F3F4C01BBF7DE7A99A27804B0A396F51B37EBDCA679D56A352B55ADF6ECA051A21217F645C187B490CED1B3FFEE965E6C8FA4D2D5314C701E5BE79CC4A8584CCD38C00E68336A9FD79B1508FCF0D34F5CB0F7DE7D275C5198D5C4A097CB972E272525B57FB075951B6F20E788516085E543A5FFF5E7C93B5A448D185EACDB5387EF6C59A3EE9192FD32031BBDC7367B8A5604E70E4B8987CB14AA5426F3E2A5AA9B7648050A005EF6BFDAA8EEC13119F3B95B26E227376FBC7FE44595B9B6BE7BC4FA8E19584574528D1D1A482730B3965AC8350D416109EA57338390922148B9D10626E971B0988BCBDAA320193404F4FAC0B4DB5ABC1CDF61B15A7ADC63DE0A2107A5A6A52F5CF631B5C3BFD2535D1F29086B8256E5D84A45C1BE846349ABD77F111D1D5DB84861AE722E3AD03CA4943C55738BE5ABCEAD5F7D7701014A529213470EE8B16835BA3D76E28801FD068F26F65F7DBAEAA345B3878C99725B83C6D07DE5AAD52B56AAD2ABBFAE8C461DDC5A5FA012CB3DF67CE4FE6933E75288B0D7A3EDA6CE98030D14C8030C36472D61092CFC7026B19CF3F6F4F12FCF64BDC374B2E1508890930D9FA31D97D60F7632474DBDC0581A346E714BBD86F06DA52AD5604E9FEE3B90F54E840402DDC0BCCC9EF92A4C0FF4787F8787C70CEC0D6DE02B68E092411C938C0735FFB677D7BA954B60B0EC5B87B50EF6750159FE71237F35F03D77DDE191BC362AB191111147128E55AA58213D43A0123B7DE2F073A74E40C313CFBC50E7B606C210F6FFBA67E96CF4698A972A33C2A4120B65F2E881718F74A32718062D1CD6639F8123E18786B51496EDFC955FC23C7CFDF99AA4C4A33DFA0DD6D13A890071A05BA7D6AFBFB7B07C4C851787F67F6ED83874689D7A1BEC3D33662F25985A7252E20BCF745DF5253AE1B1CBFD7720900E0379C307F47ABCFB330D9A3423512725263CD7E3D1B51B50231AFE5CCFC1635E82DE3BB66E3E6BC10AED76087595112702E9A0B93D364367CF3ED5E553ACDC3AE4D9A7878D9B4C92B1EE93E5F33E983961DA8C864D9A3DA441728918B0238E811A0750DF6AD81CF98A0F32801D993F52900EA8801DC2E9DADDDD70CEB2B5D032F1D8D1DC00ECE0442C332BEB8BAF1895589CBE07DAB6F679FDC2432788C0EAFACFD184CA37DC109003365144FAFD450AEBA3E7CCF7512B1BF86C6F6A73F112A290662717761964FFB120918532AC055C07CC4A5D6C21EA71013B370286880204690C9E22922C8E87C09CC8684411398A9B1569CDBC2EB688D7980841999B321A846467F8400627C2943A38C94E503C6257AE842CCE11BAF0DCDB4B308E96D3AFEBC077687430A1D390C979C1C331182DF70FAC91361BE29C4D47C600620A103A339596646F6F5F12CE40BA30602D0984E32B78B0D76BB7629971062E7048B2335BB25B2F48D32E2A6AC39A45870E1D3A77EE9C105633A17536343EF4101111C9BE05463A7DE8DF548AFE7BDFD900F58E096DEAB171383444E29334D48CDCC02051B77AB5D41E08DF4D621E0150F12A4515B4598A4FE9537FA08372850BD6AA59ABEDD8A9C712132F5EBC44AE9790BEFB7AA30A637B81CA1CD4B8F308B003C4994A5B2449F47835EE22A6D761C811B99FF0EE2FE6AC139E1DB91C96CAF03EF5D059791E45AB0A58259630EC567C1E53B1A2022498EE1D5B362E9DF7019CDF1F4B38D2E7898E70E25B3EA6E29067BBDD796F9BF69DBB6A1825886BD9F4E97E2F602559553A629BF69D1F4F8673FDA71F59F3CD5658069D5B371F3BF58DFA8D9A252395D8475761BD9B2E6D5A8C99F23AB17CBEE763D4F29DF91FAF5DB1B4C28D951EEAF4981AA869500A6900B31FD27206890F2F141B1EA76DF026A80EB06C55CE195C4E6CF8E63B6213D7FE7EF8BBEED32FC963EB56F7996F4E94E5C08913A70A4745DD7B4F8BB2A54BC9B28C097A8AF656BF7AE2F8D429118BDF382917CF4893CA143F53BDAD2C8DC990FEE7938E22E439FDBCF4EB729FF70AC82C53AACAA6EDDE52A5E8E1778A76F5B0B2A66BE9A75693B3DE90CDFE49AFC68F1BD9694DCF225D013E8E0D9F40173FF2E2F2387278DCCE5F46D484DE56F52A3A8598C9A17235B6EF1D591BF93A800F9533FA42FAA75B46D7D262178683CE95ABB1631F09909847D5467EC1A2B4F99D247ADC5E7B6595F6565214D617C9D71FD31BD55BD771EFE6D1B5549B358F979A567BF3CE7135F64F6ED164751C1F172D8DF8571AD65DDF71CF963175341B2D5F079F2021D4426958D501E554F575F0E5BA3D94E534AEF8A9B7F5943E6272CA94F3D5B50158D37FD6EC05C4A6F7538FC33E6ACE82E5A47A3FFBCC53B82FF3D0EB2668E50F0402F0F1F4B973DF7CB3F1525A5AD9B2A531F1589745F12A606766D851561D2B4FD5B206EC3AB59E3E6B41390CCCFDB267C7DA8F164F7CEDDDE3C989239EEB41EDA17CF9296203DDDFBE0B71FFF99A1531156F808F341CE2A02DC3B3333543B5797E0D3D2F9A336FA50A66F57AA4DDB499736044D03070F44BB7D66B741C2132CF1007F69630A8958BE752EFD4F048F7DE6D34548E15F88AC6EB246AF8F6CBF5ABA22B5424A1C1B7B367A2A3EEFB0C1C414A06BA79F9EDB97B77A11B1E928F253CDD6F20B1295B3EC69C0CFACA89F9D7BD3BD7AF583AFE9599EC5B87E2F37ABFF9563DEFBFC3436DE1EFFACFBE228FAD5ADE9B1530C2224C6F1B1911F1F791A3552ADD40013B7632BB7AC9DC9D5B379E3E73A678D162FD878FAF5CAD2617EF91430797CE79F7CA25A4A258BFF99D5D9EE8654EDB6FFB76CD98F6E2A031936E216714A6241D4F498266AB02011A0885B0B984A33D9E1D440C3D9F1DF40B2EA2175F7D9B43EB504DDEBB73EDF24593DE98053FD967AB57F4796118D57A78EC4104D845C75690F04513A3274DAFDFA8297C8300BB791F4523865DC2809E8FBFBB4005EFA0ECDEB975C5C2B9D367CD43A3798FC7662DF8183AEBD4BA0531682944FF3AB66AFEDEC215989A27C5B56A86D87618BC8B6BD9ECFD452B93128F7DB470CEEBEFCD87E13CFBD423D0264683DED67DB21C397BB86B87FB10B4A7427EF735EDD1EF0568494B0FDA7CB0F893680CF309546E349B87EEC17AB53810645EBA3A36F6064CBB5B4D627CF0EE46135F9DD1B0498BA46347FB3CD9F9F31F77DA189C5439D8BAE108BBFE3395A6FA48E7F6F077E5EA4FB54AF82006ECCCFE24525DFF3EF26F95CA370602012771010CDECD9A8DF8BFCFF5E9690BD2059D282B46670ABFD4631F38C04EB847683CCD3CD8B1E8ECB2CF8ABF620DB6192F81352E92F5478E8F27281CD38529D6EAA99CE6AD81B5C22F8D8188D462F1812C5734C60818B4CE680082A99FF8E03B3641F6D0AA08A7CBDE32CC1581844A23102D6D4078E04918AC3307FC1FC173E8BE9CC72885F45240F0952C43B160D02941ED6CF87446205F12B8609223843DC53B1E7C6FC5876D8BD901E3EE001FB0991A6C441CC39660D70F5D27E2AC270DAAF3676F2951484B4267BF444444986FF3CB852EDD18240B37E9B096EE542217449013EF003AF90DAD0DF1896D1E72C103D62CC537A6A277C49DEA1ED725CEE051914A80D96DE40C398CFE114891F2E030B3152D5471A46A7AF0BF84A309A74F9F02DA7DB0D28FDF6D2299F0A2EB38BCC0A3E06B27547E3A62D6E14B9A49CE305687E3C1FC3AF80FDFB4A80276E3DFDE632E30216037EC997A12D37569CD4FBAAF699D452BFF0767BA640C9081F242AF27FE3CF047B59A48F76FE8F829B1B1156519B4BF5725928C9FFA668326CDF14175EAC5112DEF6FFFDCD0D11D5B3683866FF1F1D2E3A621900E60E5D9E79E7E94389BB5704534BE431683772A24F72E5E00A0935FDADCFECE7CB478183900AD795E7D779EF6B91D31C39DBC75E2C0E4DED059B253D89C11A66E539D1A5C8744B359D13959568767015C7D2F5EB8B065EBF6B8F6ED32B2D0C220C2E75DF7E917CD9B352952B4A8F97EBACCCC8C234712EADE5CA361837A91B86D131845325E092A2B7262BFE76F3AB73C504A494B524A3F287B5B67826A403E09A4731EF973AFF71438BA2BF2C426C97B4FB31B567F4A011D3E8FFB27DFDE648AAAB55A73DCA69DE36BA0E3EDA66896B546ECD837BC26F4B5BA77D12935B059C5D43074859968936B227B84BE49E83207749E6387C5E973E3705C07A6B468AC85DF71D9C9459D3F7D2AAAD75A643EB558A2E1ACEF1E892D979F5CA420146FC7BE11B5009336940C64A3AC82C9A8BE7DEF08A478BBA65791C9D5B177265F303D5DC972AD3D02FBE2A737AA37FD00CC1A5CC9EDAFB108018B225F24E427C8DD1730F1F33AD27CFD31BD71FDD7B4106A2EDE373CBE6B99A788866CE77917967558F744E9EEDAE3C5E5EDADCAF92ADAE08B11C1BF478F7DF9F5373D9F7A22322A12DA676664CC5BB4BC5D9B963754ACA0E0E34E6975A5BAB1A4B241C3F69DBBF7FC1A5FA9524538BEB09573FEEF4D436A583D6FDE26B487D1758B6BF5FAFB0B29303761D8737F1FFAB3CA4DD5A1B9FFD03129C989AF4F1A4B5E2D59F70DFCA5EEA14BF8D8A9EB539C0327EDF4973D3BDE9CA22ADE3EF6749FB60FA97018E9EE00EEF148928496D0FB5B535F247E3F5E389BD83FDDB92D31B05EEEBCAF6DCFFE8388193A101602E95DCDB1D0005F1A818E449830FD1D54F2EFA1FB25D83069EC83C74EBAAD7E639B64D057AC47B3994D189B2FE79F1B8E8C972E5E847D5D8787EEA77DDDFACFBE847D5DE1224564EB6E3F3232EAAFC387AB55A9929E21B8DBFED8BFFF4C7F71E4A5D4CB51510552AF5C867572D4A4E955AAD580AF0EFCF1EBACD7A71688D00F5B1C347E5A0C7B2C1A232949C768C954AE5A6DE26BEF02041CB781D92C8F2F6965CDAC4C1C3EE09FC37F512FE491BE1D367ECA9A8F16FD7D48B559FEE97770ACFA62DDAAD88A37D46BD8541DB924E9D17677532FEFCC5B466E8487ADB6731BFD0C3B82C4B133ADE1CFF53AF4E7819BAA238C72C89889F0EDAC375EF9F6ABCF5AB67D68C05072E904FA896BD9FCFD452B489804A4D3A037D53CF4D91E349C61E3262525264C1AAD6ADA7EFA1D6AA4EFBC3EED9B2F3F6D757FFBE7878D494A3CDAAFBB3AAF4036C3C7B4BFB7E9078B5732052B04EEF055B34B5711670FDDDD7836363FA819A065D2B1843E4FAAD83A46F12A129BCF7FDC613688BEA1605E0B87C6B367CE6CDCB4B94BA7F644B7154E2C57ADF9F4CEDB5B942855D2A6D6F97CFEBF0E1DAA5EB56A5620CB49F50618B07BF74304D80DE8CB0176B9B4FC311C17A73DF33B86809B7504638E002BA78A8595D142049589902816ECB21033562738C34E485733940E9F4EF1D17CA212D1AD246BBF3C99CE60667149C6927DC3C1874198355C1958F0EC040EFEC3729535EC42A21D8443B2B3E0C1851648705B5BCC2E049C5071E25F72129210B9138B62F7ACD81AED1876D6789D0121332BC366B39509F710F297FAF8F5D093E440DE1DA9AB0A9E4D304390F0ECE2B17DA70E2086BA852D747B895C28A105E621478B30B8B736C1C36438495B5AE2BFEA45AC927AB72C718F9546F17B491FE1140D1CA4282149056012A0B033001A3852C7C5DC3B2D6C45DAFCF3762D5D8A07F3FE0061BB0135096ACA3D4485157100097427E16B38547A1D8E67EC8C5DE66213027623FAD4C341CB6A6E302E48EF340D00C210D4CE27C1FFE1035674CD07FD8C615202C603DCCCC90863A43123624E30320B32B965C2B8184570B0FA93BBBD9AC47C0007A2084A46B17C8B9B81DFE72B101579F94A1A51BDF17ABC850A46A5A6A5679ACE75C2C04AE6EF7FC477E9D0B66AD5CAAC3A3A5BC8C4FEF807F34B7D32A84CEB2C7414E4E04CA5B0226579148F025B5FD6129F6FB7EFCCE988848F02C5E67F50B4F3A3C61CE7C6D507EAA16F236AE678C8AE4D98974EA06D13BC609565D9872E21924895A37AD6C0D4F3939EE7C8917F57ACF9E2E63AB5FC117ED6C1DCDF1A8350A4F72D3B42729F4D51CC8B2D1117C2CABD73399E9C38FCB91E8BD76C70E2B87BA7D6AF319C41B165B00E68DEAC371A35BDE3D6068ECA3F4FA65DB4AF2B5820EAD2E554DAD7152E54E04A6A5AA6ED19769191917FFE75B846B5AA69E9E942072B17CFD9B1E98721E3A625241CD9FAD3774F3E33A0749972D0FEDFBF0FBD3E7974A4763B4AF37BDA747AFCA9DCC89D19A0A23692F181FC376670BF97DFFAD088431890097D3791E11585B090E3E909418D22FF21643ED4E8C251AC0A43F03E30F0797D9191FED4D40C199D628CAE7F2D5820020DB0019B5A872E8322B50E564E87D14546FA5E9BF91E340C1FD83F3DDDDA97982D176E1EC98F99DE25DA2EA47F1C2F8C8168B667FD608E8BB33169A90A7A5943ED65CF2511513F8C1C142E3A3136E758D78CA83DB115C45E27D2A484ABF0712A667B3D5CCB7D5D2E51223A9DA3459E2B8E259BC40287DE9D7FA8F0387439E156751112841616772F7CE8CB128A0B0AD7596F64044FBE0EE119363DAC7600145B375CBA9DCD3DC5D0A3A2755C0EB291531D45363E5ABE911C280C4741586276C200C2DB890996101B8EBD8A8DE9E128DA9161EA997080DC2CABA1780AF0906B1734E72AF285A96504A4C3D6EA045803F6087227E9F1D3FA805975F017B14610E42549CCB84F4827F84209D2FC647253C4AE9D7BB5690D26AA90E0B5D11B31F490E62A722F29C880CFB053EFA8507F118E076074A3DFDC0E4C2204EC46F5A9A74194283E998092F83F9444ACCC8BD14564A16847D52293AC305A6F80CE9DC21E54ECE9DC6272196FB241E880F3E61A36B15C9C6C41228311801DB763523B0480A67516581A1417A7A2F0374E040281F3E72F1E4F4979B863BB7265CB929B5CE8859EAC4768C83C7BEE589B160D1B2480768ADC3543CAF4A8EDD0AF480B2341BC72F667EF5FDE3B2AAF5FEDF1F981111634C334D9B659DDABE8E4EADB08ED2E6743766D42B6A1DAB29C03C2BFA3C72072958AD6B793274FAD58F379B9F2E58A152BCAF2B73FDC273E41CC4AFAD6DD6DEF20079ABDE32E4E71DC6683CA9C77DF38FACFE1C96FBC470ACFDEF1131DEE7DE3FDC51C6FCB6C69D307252726CE7A63CA9437DFCF7E69E5AA687D1D600B96E57E5AF893222323E20FFE59AB46F5740BC00ECA8CA9E392938E8D9AF47A4454814285548DECB4D4D4B1837ACB1870A97D5B83675E1891D37952713461FA598C4D02CC38223030439001BC938C9BFAA2912A38EA26D9BC0B9EBB304B45CBA1236721A72C0409658465C5E7F3C5FF896A5D963D60C7040C2B6A9142E83CBB8B9753D3D3331C2C8B832EDC1CF9E381210B04CBB0434AF73BCDE82EEBDB328DA637E624D9D80B278BEAB2802F311DB1E37EF8984D07265B1770C89B31D68B6CC3C68F20EBE6927070629D2D60C79492DD5AEF7A43ED726891E00C2971403508B2F8CA464FE70C0E0B21F8601D558E55240784BE20BB5296F4389185009C539C0418427618C82EC74A2994DEC990A990F392337D44F8A158ECD8E4B99851B330BDDB7974D4614BD681485623B77D88D65995B40B288806A1F1C03B405E9163CDA98A2B994469EAAB141EC31ED42B6811A045F745B1F22C20E7DB31B1ABCB4F9569464EA0C33438F29710E9248D6187FE1038032D49313827FDFE5BBC3648633B5AB590371985A4E0D413E798B122AB6B5E09B308D594C80A7877D9AF09C957B86232037631650B768BABAEA65F538745981D33C709A8809C84513A15DC931595BF0030598616BC06DE69419A449B2A48560E749FB6E39393C5AD13A84E4F8ACD4C302C091A5E884D22F81E093F0FCD09C9CACAFCE79F7FABDE18DBB449E30205A208BCE2F57A89322CF9F4AA0E23B4F1782EEFFBE5F2C8BE956FDC5F604426B859067E9C965D1E658E3FF177EFB9CA5DCA4C7FDD5BB498FDBA258704017635B623C55557F29B507D6A0A1FB31AD6442516FE12E56B44F3CCCADCBC79DBA123C72A57BED1E7D3F50DDFDB5D37A478FB37D897DB59B3D95600A269B75557166452815BCFD8417D0EFFA5AA777FFCBF9F9837B9286370A433E62C8B36A96A6643B295EA1CEF4B22FC917F1C3850A766CD8CCC741B671F2DFC70F30F1B0A14283866DA5B254AA25B3BCF9E39FD22BED1B565BBB80E8F76CBE164D91782095B33F2ED004F28301089B857FA1FD3BA203BB40A909D0FED60E995D3518699A030C3F2FB7CBFC71FBCB9560DE70CBBBC1025384EE55091C132061BEF41E92A8A853D10F2DC04F8A419F636BD3507651F0B30F5F886D0D82BC8E8444F4459110662C392B35C870B5C5A17B9A5522C302DD02C004E57AC2518C826749F2DAA9DB55833CE729E1675950E2DB3DDA3C97E0A148BBFD6EE1527CE6CB2938BE596DD6EDBCCE416EC888493E9EB6C23C0A18487F1096B90142C04871DBBC38D531D2F3298096887112F72750341EBBC74A7138F8FDABC55910C17D152921D3A4F8EB156297B920790439708CF4D2B0692000D9B53DD639D5C4D5596407B408D5CD60A50920E1DFA87B0D7A81A2C7A223AAABAE62C0A56D1229615F53C3D1C9987F6D51850C31C38191D3F877ED1A3AC068810414926CA699A1AAB0A6412CF88F527D389990C54C5617A93069D54102C4F6F9E021530201E75A83776C6A4885D1215D1A0989A3DC4071C8BED3EAF64761BAA8876BAF4DD67D304C85040614417B6C0AF999A9ABA73E7DE7E3D1E2B5DB62C601A987E9900C65380D62A6095CABA78E9E2C225CAE6F55EFF9F52E485409A2F702646BAA96944A7C78BDD7B573E51D2746DF2D68622B68A76CB04AD457403803B0EEFF4C913EFCFFFB851E37A05A20AD001FC9BC3150E9C2E019C49CD52675B553DE6D0710E8AB0E3E23A190190671BE6D59AC0E4683CC19959F9452222227FFB63FF2D756A6764A4DBBBFC6AFDAA7D7B760C1836AE7091A2F0F1CAE54B0BDE7BB34EDD8677B76A7715D36BB729CA6FAA5A3815F3F5AC1C0749CED5F89EC67132BFD5A070C4EFF3FFFAC7FE5BEBD4CECCCA0C7B9E917DB44401C6697410D74254292CCCC082B766E332F8FE6458E8058F42F1DBFE92D38E9AE3508751264C46C481581C40670DD5891103514A5906AEB03CB8BE2438FFC2959024B84E11B0A5A45A2E92ACD7E539F3F1AC783B3955303C2E14C475AE8E0ED9239C19DBA3799517144971524A0E3260B6CAA17E2B78C2EC9EAE1F0939DFD9A8D4561DBB3831A1441434641A26AF6BA522428A8AD6A9D81D3ECD8EBAF710169E47D38B2527C311329D768F04C6E6B063956F877F3048E7511F886E2AB9B142D5A7A55752101090A607072893175AF6C86DB09274F46822001A8F8D6897CA927ACB2C69400A3A544E52D44453A55AC98B8EDBC37820FA1350F05F5C10586F5521C89D82B138A2CD1A9065EDE4391C198E5546343A59D32142001FD526264C2A0DB35313C84E5BF0F5B794AE6BB90A0566900E0891799053CF425BBBFEDE76240CA38D2896266E7E13747D64DA5EA5D6121F884D51D8E6C3B0599B9515F8FB9F2315CA97BEFBAEDBBD3E1FC156D88B2600439502DA1C91556F948C175370EE5D9BEBD68682711C3F97E2BFB412EA554E56BEFFE1A78494D355AADCE8F3FAAEB54D37234EC76C56F04826C8A1095228C5734DC27FB999D98808FFBE5FF7D7BDB5764646A603E7F94484305C109736705C50BFBC6D5EB648A75BBBF959FC7EDFBE5FFFA87B6B9DCCCCFCCCB05345D055994E8B0B2538D68F73E509531076EE1D2689A59E728404C9AE9E8BB933CE225574A69D166FF0D2B0C95750FD9250D6E486D925FB232EA4EB76D19D93421745D60B08A309D8C1E421EDFA87BCB1E6EC7B077395ADC04395B04375D49C83714BC20896A36E08B2926374411B0838B44C596625348C2EE732784D497878AB035F41B6551CB5C3301B339F067DE787D2CA35BC4CA147D869343A02CD11FC0E8175843D2779D40B6425A2128BFE93D433EC546D58ED1550B4C3E314404240612A1AD8A786033D780960A7E9EBE250E8E82EA9E05E62D271A09D0FA71E17870F71524F92C35760C838E598E3862E97052A122991C3E7302B0ED911325D40D6C2C357E4CA98338789750A8D4365E1910025D5B582B562658AE761D178766AE962B450D174870D158787934487101BBF2BC739A3FEF50EC49A81C707CBFB0956A1CC0E79E28B69C323C40E2488B6815E71F970CDE15B90FF729A270D3F58201048397E3C2121B1FFD38FFA0B1646155DBBC7935421A0D1EB282B0A68C7DB9153C938C80630BC2AD7E63AB7A195841E54074CD5C95CE5B2522FBDB76065C58AB1E5CB97F37ABDD71466C7762A4CC1186C725C2F3F14B94A5CBA9C8E29A7032661F82322F6FDF27BDDDB6ECEC8C8C8ADD4E644FE14CB5792DD4BCEA9A40625590726F1C166BBAC73A8165C435D4050F147F8F7EEFBBD5EDD9B33730026CE66C1D8ADF0AD976D564042D088442F4245E5EC5C85DA997298B5D3599AED06B0D3EC8446DEB30EC041388EF78704009D5DB1B8E05DB6C5A2062BB676C1C852CEBAEFD03F594E92A41CFBCE6E32734C82B27C9D06C224D23C782B7CB30AB6C40D35C336A4DB5CE7D88509F9E6FFCE25674B2EDCFC666B433B074A5D348FD0EDE8BD67544B55A29C3640DF63284D3D990E5F6088B55635AC8D18081282DF22900D5F550154648E5CD1AA826DEA051018AF20409ACA34C297CBAA643D021102C245233424924E12464ACA09F25205D564955D27E3F5AA1C40F75F107C0CBEC6F992915AACA2E174446DD62305D483C564AA1E4B945F0332099BBC5102B2C6E6C35AB2B2ACD13D18854759210AB98A0611922B6131ADCFA3EE3552A69D99BF6D40BE8CCB54F1DA40320F48A6C025AB46605AF5F2B30649D0C3914C682AC87C308A21DDD47D583C3B0B3D0FD171E08471C93CB15BB78A6004369E1A2E2E1773BE2D0A115688ACCCCC13274FC7C7FFD9A77BA7F2B115B3B202144CE1AE9AA21C28AADB480017F8E8F57A59155AD7E01A58621DC1E3B84716E465BD904AE5F3794F24277EB86855ED5A35CA9429EDF71B6E8CCDDF22D8BC142993599EB2642357A308C219A3AF954F2390C888C85DFBF635AC5B373D984A6C1E4868E52A851380F3F974FEFEC8D756BA23FCFE5DFB7E6958F7B68CCC3CE7751AD6F5E1F44A46770E15536D4E86B3093CA4286CA293C4F5DE4423CBAEEAA713C0338C92B18174AC830AA9D04CB9E7CD02A02E3F36B46B4BAC3EBDDEB424C91ADE66D60EDC1AC7924913D6270BC193148EA76CC598BDAC6109A2A71FAC1D29E179E3F3A9684B56115C17C2269DA3841A2A5A0E234FC6FD7BA7BE8476B94B96CC11C965D82EF7FB58A7BCBD10D2A3031F9A27423BC3C7C8E1759F764503509561D5C3E630CF0E3BF16A47D4E15FCCE040C89AC7436E7C459E3C14A4D3B8775EAFA421749226A817F560300D8642A20380B0F6E8915F288D18D2F3A8B05D4ACA4915B00B04644D8F95C077C40260769E4A59238AAB920ECDA937D9CAF8783C406F8A20AC3A4565CF619E1DA1EF05E480A2D1EB307F0FE195F0A5CEAD43E5E52161932255C32440163EF38F2277F8B5FE314813A79B808A0294A0CD9EF97E0EA614468CCD7AE6666ACFFCF5785A1CFA65AB5A4ED5F5B38E1772FA108627471DB6A108D420E9F187FC7C10184886C684D12CB200A289C5147494D1FB4DF5E25F54D532B3B2FEFD37F1DCB973DD3ADF5FE1861BD23202A452D31B00588C91DEE3C9222F66DD58639CAECDF56E4339741CCE0B98BA04346A1EB9E7846C1B444578138F1E5DB2E6AB12258ADF786305BFCFE7F17A3DEAEEC1B5B136503B01F3B45BC4BDCB03C9BD636CF2B14F4E22232276ECD9D7B87EDDF4FCC4B0CB3DB19BEA33C39CC5B6FEB5D1EE72527227C71111FE9DBB7F69D4E0B6FCA288CD4C7B9CF74861A36841B5384D2E43EB2415EB8054E1A65FBABDED25CBD910E7006550E033D4620F0FB4E3303906B0636FD6BDFE3A84AB2236008A4DDD0E6F262185F32E3BC04B503F3950A9B21F44883D4E281B0EA2A49A0765C52A178621DA9057A78A60EC5FABDE213BF352AB4372EDB2132C085772491C7FAB90BE8819A625B7BE6A143B4932A21918A4239733C8EAC974E8883B09AFF8144AA95319761EF5B43AF417D1E70849CEA3DAE073E408EB4E5D2FE283E53C5EAA3E8BA3C5AAB31A3C874FBA63A6BD06C02E399900768A1C0804D43B2302B2828012190BC079D35024751AA56A27126492AE05150F01A01472141DFC0DE04C03A20C8BC2C70C3E04690634D21D86F530F74FD6156901000A5585D5F8689A722F209C2B2001F6765DC3129441BECC9C12C56E7960D57188813F6E192CA82ACC36A011B43385C3A2628AC22DA58D6A125CDAEC986BE2CE4ED22B1D933C4BEF2AE74F61588AC6138083B61FBE3B5794AC4000AE4B5353532F5EBC74F1C2C5B4F4CC9B6B576D7B571329A2406A46803A24480A455858CC8518AC22CF3F38916B93DF6C88504A2F87F612FC97D5B9865220C2AB64A66DF869DB6F7FFC5DA04044D1A2450B172D5C302A2A3232D2EBF5E6EB31DD6AEEC3F60EE68EECEA52EC726CB97535E8FBB995BE88C8C81DBBF6346E583F233DFF31EC0422C01D846F8294873A36D84CD6AE195DB7FC9D3AB14444446EDFBDA74983FA41AF3AB93AC24E151C2040218144809BD0D9BA1447910B49E256148699956600861612F670231C076DD2A8D8BBE18355AC43323F38EC24AC1462D989A89566AC2BE1086D81222AA6FDC70CB1A9982407C8C939C96F9642B2CE3309B583B2B56289933AB5C28A681662E1D875EBA62AC45864672759B0D517DA77CD0BC67CDE6D9D872039BC0408EB6548FD02333E2814FBA0B7C11251F47B6009C38E50E2542C8A9C54A7481E2F39874E85F1B0F22BA1C8C157D82FC6EC083C217914C2B3F3A81AA20A51ED22C1A28E16637494B5A772F3303848386A2A610F1A068C9E86554F25AC9E8A1225AB5743205A5D20A0901B2E08D50E50BE9B42B13B0C566A2582C8712CAD4B03FAC88978D8463BE00EE79F008248695746C0A3A29EA2A796A07A461ECE0EBE9F43A28AAD9287762B12D70D28ECBF6CEDF7B0A10907303E701382C64D24440B0FF372DA406B13544A01D827B2E7D3CFF8176B145885CB9016C5A9B002FB4CC23A9303B2CFEFAD51E986E8B2A56FA97553ED1A950B142A929685CF40D4803958A709C38E498A8A67525E29D59965151E39469E6BE3DA000DA1231D25AD36AC1B16FC250C3B5A0FE12FECA2A37C52EAE58BFB0FFEF3EBFE43C74F9DFEF3C8D1CC2C19F5DD392B576BB40E4E40FE8F495ECFB4EDE32F54B8E0DF7F1FA952A5D2E54B57F238A10E24376ACDF54293C94FB92C5448AB7597F347AD0B0DB10B2DDCB056B3CE139D334916C04E92857DCE8B831973368A28ECC2B12A13BB62C94FAD2CB7244FC76EB298CC86EABAAD84F5F9C25CF65F8F22EEB284B477252F86663111467130343848E9F532D3C8B792EDE20FB7C7375034881928146852D53735804BBB3A5686CB468273A94AAC6A6C1A5F483DE98E614191571E0D2B6389512A7046EEA3D0873184CE29E8C039D2A312C55B0287013531502EA45E035783B9F29F1305D330151F026B03C0E34D4BCFC8523C540D9652E7D8A645F95080813359088612F138C7AE8D6B236937C6B2F02E71C0D6280EEF031ACC47D5637D921C151981C8C392370B5D6121B9DBFAAEB8E28A2BAEB8E28A2BAEB8E28A2BFF3D0904646F8EF3334211E9E44517B073C515575C71C515575C71C515575C71C515575C71C515241200A969E905A222F390D62C1DBF903F4E1A76C515575C71C515575C71C515575C71C515575C71C595BC164902E72F5E2E56A4505E5ECE77FCC27571219D2BAEB8E28A2BAEB8E28A2BAEB8E28A2BAEB8E28A2BAE04158F044E9E3957A66471390F01BB94F34E013B59562E5FBE7CE6DC85D48C8CCC8CCCAC4CA44BEBF5792322230A4444142F56A448E1C2EAE5B3AEB8E28A2BAEB8E28A2BAEB8E28A2BAEB8E28A2BAEB8720D8AD72325A69C8C2D5F269077889D2395D8ACCCACA413A74E9D3E1B53AE64F952C50A1688F4793D5E7CBA7F4096B302F295B48C9453E7928E9F2955B2786CB9323EBF2FAFF2E38A2BAEB8E28A2BAEB8E28A2BAEB8E28A2BAEB8E28A2B618BD723FD93905CB96274FE05EC1445493E7EEACC99B3D52AC7962D59D423011928F09FCCB8F1E07FF8FE5A70EADCA5F843474B952A195DAE347B51A32BAEB8E28A2BAEB8E28A2BAEB8E28A2BAEB8E28A2BAEE47FF179A43FFF49A85EB962561E0276C9D62AB197AE5C3971F24CC9A2852AC79402922423ACCE362C0010EB4E51FE493A7DE6C2E5B2654A168C8AF278F2F2125C575C71C515575C71C515575C71C515575C71C515575C712E7EAFF4EB81C3B7D6AC9A19C843C0EE9C18B04B4D4BFBFB4842CDAA154A152B2C2BC07902257C38DF99F397FF3C9278FAEC858808BF4BB573C515575C71C515575C71C515575CE1A470C182B1D1658B142EC4D95FBA72E558E271F89BD70974C515577258AC5ABD2BF94DFC5E69F76F071BDC52234F01BBF3029558383624261DAF5525B668E1A8A0C43A41A0986A773935FDE8D1844A15CA1775EBA22BAEB8E28A2BAEB8E28A2BAEB8E28A51924E9E3FF0EFF15B6A55E3EC7F3FF057CD1BCB45972E96D70974C515577258AC5ABD2BF94D22BCD2B6BD7F34AD5727235F017699199909C9C76F2C5FB27489C2597258A162F17A40DAE5CB29A7CE54A9181311E1CFAB1CBAE28A2BAEB8E28A2BAEB8E28A2BAEE443511465DD8F7B9A35B88DB3DFBAFB97B8BBEBBB8A4AAEB8F2DF13AB569F4BE2F7AADD481ED2C4AE5189F0493F6DDF775793BA19597907D82599546293524E1688F456A950261050B2932E582F227D52F2C95340061563CAE6550E5D71C515575C71C515575C71C51557F2A7ACFD7E5753D3D27DDBEE5F3ADEDB30AF93E68A2BAEE48A085B7D2E093A882DFEF0ADB5F2F220B66B54227DD2B79B76B5BCBD617A1E02768946C0EE726AEAE9D3A76BDC10ED8FF0074DD4BAF59FFABCBE071F6C67E500DD37216725249FA850BE74E18205F22A93AEB8E28A2BAEB8E28A2BAEB8E28A2BF950D65800769D18C06EFBE1ACD73FCF387339F8A2B1642169D883114DAAFAF23A5BAEB8E28AA5ACC91E60F7D2840992045E9CF89213C721017673677F087F7BF7E99BD725942F24CAEFD9B07167EB3B1BA5656643F3347B22259D33A8C42624A6942D59A86CC9628160499AF9F63BABD6AC5314D0AF4FAF279FE86AE5CCEF05972E5EBC78F94AE58AD14207A9A9A9FFFCF3CFF1E3C72F5FBE0C1F0B152A54AE5CB9CA952B1728E0027CAEB8E28A2BAEB8E28A2BAEB8E2CA7F59D67EBFDB8261D7803E3E3CF38A13B48E48C942D227030BE675B65C71E57A94A473A95FFD91B2F9D0E983C9176A44176D7153A9B675CAC714E7910D61AB7728070F1C183A743034BC356366B56AD583BA770ED8CD9B3B67ED9AD5D0D0B153E75EBD9FC9A5227AEED9BEF1F1F11E0F2677C972AD5AB566BDFF612EC545A298F9D69BD03070F01012A97389F24B1A6017BCFBFDE0BD7757AFFA445680FD51068AA2C0F75DBA3CDCAFFF80FFB3771E8051146B1C9FDD2BB9BB5C7A213D218404124A688274941614A4059022282AD28B0A76407D4A5154500404A4230404110C52A4239D509290467AEFEDFAEDBEDDBBE47265AF84E49280DF4F5EDEDEECECEC37B33BB33BFFFD66C6121BB06C2DC14E2E572424A73E1F4E5D75CCB445EBD76F3871F2B4AB9B3B41280BF272CF9C8A36661646DF22645C424A8790402E47FF534F7676764C4C8CB3B3334F85442271707078F8F0215594E1E1E13E3E3E4F7E650000000000000000005A0CD7EEC6F5EA12AA17F8BB11C16EAC9660F7E257D5DA7B710C8DEECEA1FEF60E6675F4651DBB2DBF96ACBCF958A98970F62358F40F009A9A9C32F1CFE7924FC5E669070E0DF3983D28484FB3FBBD0182DDE7CB3FCBCCCAA6367C7DBC3F5BF9B9D9F8160A76DBB7FE72E2AF13EEAD682FAB82FCDC9746BCF4867534BBD1235F766BE5C162B1A86DA55259989F77F4CFE3D6381185442AF9DFE72B63EEDEA5B63B87877FB27C05CF8667F9E1F512EC5E7E29C2CDAD958D8D8DD99852A9A4ACB4E4C81F7F5A62838E60575A56A15448DBF8B632ED5EB77EC386BF4E9EF1F0F2E2F105555595E3468E183366B489F81C162A282C14F2F92E4EF6DAE15959590F1F3EECD6AD1B9FCF4F4E4EA67E9224E9E2E2525050C066B3A98B47ED02CD0E0000000000000080A708B1447AED6EDCE38C1CA94CEE682FF46AE5FA5CE776F7E253EEC626CD99A6DF6F7A02C16ED68BDC922A32EABA1CC7D00FAFF10B2A882F8E48B523806007004DCFF68BC99BCE25BFD2C57B7ADF36DE4EFCEC52F1CECB297FDCCD7E6750D01BFD83B4633EB16097FA3875D9D2F77CFC0348126567A47DBD664D9BC036A60F3121D85DBD72F99B35AB2B2A2BB81CAEBD83A3AB7B2B5BA11D155E5D555954905F515E2693CBECEDECDF5BBAAC779FBE8D554A5326BFEAEDE3A7F6F72249323B2B63EFBEFDD6B81C65A5A51F7DB82C3F2F6FD6ECD9D4E9366DDCD8CAC3E3ABAF573B3A39599842BD04BBDDBB765CBA7285CD323F1D814221EFD7B7EFB4D76658620396555A37875D7A668E878B9D9BB30361DC9E0D3FFE14FDF799565EDE7CBE402CAA1EFDF2F0D1AF8C34BD3805F520A9AAAC108BC5817E5E9A40914874E6CC99BE7DFB3A383850D789DA7BEFDEBD828202F55E8140E0E5E5959A9A3A64C8106A5B2BB1A809D88AD087B12BC2EA7BBD0C53687852DAC445AD8C8AA337DC06CC9933D08DDA283CBF71E385426A2334727964A8A571B4D28B0DAB0DD344D33AD442E843E342EB770CA30D0D2C9CF36E4F66838E256E9A7230282F00000000000000687E3272F2A93E9E44AA3351388E6384AA8B356FFA58BDF887CF32CF6137EEC5BA39ECF404BBA38B051B4EC9CEC62AA8ED619DD80B87DB8C58A313A19E825DE3768B5A0C54863A44453642BEB4FB8F13A26A024397D7A4DC024BAF059AF49F60E6962B0FB2CA7E5F34D0C7B9A6026695548FFDFE7C471FC76D6FF7D18EC958EBCD525850B079F3CF8F1FA7BD38F8458C24CF9CFD2730C06FD6ECB96EEEA656F83421D84D9E3891CBB36173B86C168B6BC3C3302A55DA758B2008859C826EC4944AA54C22DD77E0406395D2F4D7A67AF9F8697EE66465ECDCB5A7D1AF455666E6C71F2D2549ECDD25EFDEB879830AE9D1A3C7BA75EBA82CFEEFAB353EBEBE962452AF39EC708CFA67E9BADE0455D0964D72806595D679D8253E4E6F1FD08A2F101813E036FCF8D3DFA7CE7878F9D80A85D4257C69F88B2F8D8830BB942C65B65226CECD2F0C6B1BA009BC7FFF7E4949499F3EF48D5B595979FEFC79EAB6D03E2A2424242929292828A853A74E5AC12D41B06338B04E91AADD42E7376E2C1CB83C32B4B076C39238B5E95101512852A570A9C43AB7C83AEDEE7CE1C08166B4AA060B647A36349406DA536B099577B7817422B4F28940B203000000000000AC476171C93F17AF393A3AB2D82CED70855C515E5E3EF485BE4E0EF67A878824D2BDBFFF2D96CA82037D7B750973B4175656897E3F79A1BCB246505BF0FA78BD430E9FBD6D44B033EA61F7FB22C1A504E577D1B4575D677FD6C261DC37B688B52334AB60D7989D2C2B18FC04C732F41FB5C4C0A631DBDA79041A81DE9FFD29571037FE374A335D184992CF7D7C8CC3C6AF7E3E523B2663AD67E4FC3F67AF5FFF372B93FE8F20482767170E97B3EAEB5538CE5ABA6CA95C262B2D29C671CCD7C7D7D7CFB767AFDE03060ED24BC184603775F2246757F705F3E752DBAB57AFF975FB764303DE993DBBACB464CFBEDF1AAB94664C9FE6ED5B27D8656766ECD8B9BB712FC4C3870F562EFFD4D3D373CEDC79FB7FDB9FF638950A0C086C3D79D2A49F7EFA29273767C5CA2F3B74E868369D7A79D859091D0FBBB884E42EA1AD396CE6F56137FCB8F1D499B39EB45A6787E3B84C2A2D2A2A28292A148B44A44AB42308A25D48DB6DDBB6EA9F83D665E5191999E1A16D3581D1D1D1AD5AB57277772F2929494B4B9348247A47518FC6E0E0E0F8F8F8888808ADE09629D8E9EA6BF46658AC4682AB51E30616988F53AB40513FCFBBCF61D861218D21D8D5D9D0701A660F83258DA2480200000000000080291EC627C994C8D656A0DD03AFACAAB6E5B1DBB70D348C7FE6F2CD87098F4302FD22063DAF0EB97CF3DEADFB8F341116CD9CA877C81378D8BDD28DF3CE8BDC15872571D9C4CC81DC93F7E58F72745C1F40B06BD46319FB8F4FD0A904C1EE19E7F51FCF3DC82839B27498AFAB501D9259543566CDDF1DFD9C7F9DA7A3A359EE6117396E0C876B23B0B5C5719CC713787ABA77EAD0F1E591A34884A24F1C8FB97F2F37B7402211110421AAAE562A6407A27ED74BC184603773E61BB67676B367CDA25AB72FBEF8827168EA9C3973A452C9B66DDB5123F1C68C19DE7EFE9A9FD919E9DB77EC68C4AB70E1DCB9EFD67DD3E3B9E7A852DAFACB56B942A119E7CBE170DE9CF9C6F1E3C76FDEB8BE78C97B03060D329D54BD3CEC36FFFCF3D1238754C298693F3B92DA3D7AECF859B3675B921D2C534BB0BB1797D0B74B3B826438C1A1438777EED9EBE317A056EBA81042A994CAA8FFA464AD679C9220F272B24E1C3B6A78381B271F2526F7E8D44E1372E0C0013B3B3BB95C2E168B0DE3DBDADA8685853938389C397366E244EDA79A56EB437FD758A91A618A220F920723D511EA42D581758ECB359174DBD683915113E8E81A9F66A664B5D33C8826D43A4253BB57A01AE1A8C6E72B2CB6C6F54B5B51AADD2EB4208E4A81B244AFD30CAFAD1D1D4AA78042515C5C615D247A178AAA33F1BCDB00B70B17E8C3EA46D6D60EB7751B40ED8B63B0413B52EDD98C9F5DED0BA8175FC7B950F740BD988586835E19F4BA4674FE03000000000000002350DDE01B31B14E4ECE9AA9C4251269657959B7F050C6D14F5BF61CAD1289DF9C3CCA5E484B66976EC4DC8C89D78EB0E4ED57F50EA1BAEE3D0DBAEED74D0A7614219E787B6FD6BCA1DCAFFF90AAC7C66AA311EC4A4A4A162C58E0E4E4C462B1944A656969E9FAF5EB9D9D9D75A35BDA2DA2E24545AAFB47BA9DB29561B1359D31AD41A3EA6398BB6C6A8C77B26863183A7188B2A1A62FA197229D54DC0AB2CE0ADABAB0955AFD3EA66311930067AEFFC828D8992F3DCB4AA6363074F9F2B09551BAC687A92D66B04DFFEC664DD25CCFBA9475AE0CF0446C8C7EB0ED74ECE89E81335E6CEFE322CC2AAEDA7136FEE8F5C7B3233ABE3944473D65ACF58CC43EBCBF65F3561E9FDFA953D8F4D7A693AA6F06EAD19438462F484A3543BFEEDCF1F0419C44247A67CEACF6A11DF452E0D60A763203C1EEED37DFB47774CAC9CAA4B6797C5E4951516545B976043B7B87803641A2AAAA2D5BB7A24662D65B6F797AD78D48CDCDCEDCFCCB2F8D9578D481DF766CDF3666DCB8D68181077E3BC8E3F185F6F61C0E17D19ED1F2CACA0A8958346162647A6ADAE14351AFCF7C3372E22413A9D54BB01B3BFA150F4F2F1B1EDF6C4CA9585C5C5470E0D0614B72A42FD8F50E6F473229827BF6EC3DFDCF85561E5E2CB6D159F4A8E759466ACAFEBD3B0D77E1189994A42FD851CF0CCD4F369BAD50286C6D6DA95BAEAAAAAA73E7CE010101EAA1B293266917A2CE0C0248DDB4D479249B98A8C0B09D55359AEA06AC2E31A664E3EA1E4DBA4969EB6C7AB3D1694FFFA68964491CA433759C79652A4E4B8F8B2AAC91E118A540955656A7B721BD2D95716880A10DA6A6C1633CBB617C4387382D11537B9A3C8659F30C839ECCEB1000000000000000EA4D7945D5A3940C575717B5E655545C12D6D65F682B608CBC6ECB3EAA3BFDEEAC2996A7FF64821DA25D2250D442414611F1D96169B948A72BAEED61575E5EBE7BF76E7777F782828269D3A639383818A454FF6E51D484B015B128F2A0BA0346C5D3EA7FE9A95A865D36AD88C63A593AB6D5F5DD62B50529BD98BA6AA26AD3ECB1C6B60D4F6D7A48AC65A51766B664EA0255DA1A5AAE6F3C73B1D49C5D371D26936ACF4E5DBED8E5AACB699832F08494574BDF5E7FBA522CCB2F1569870FEF1E30F7E5702F17A176A0E5821D86A1FB3177B7EFD825AAAEEED7AFEFD469AFE945D8B563C795AB5705B6B66FBEF17A874E9D0CE72B3321D8BD336B9683A3D35B6FBE4E6DAF5EB5F6D75FB7191AB060D162EAD49B366F7EE292A19AC489E3C6545454E0386E67EFE0ED17E0E854F7CDA0ACB4243B23ADB2A25CA924BCBCBD7E6DD87C76EA89E408929C3A65AA7B2B0F81D08EADA55F29140A515565417EDE9EBD7BD4D14C4F24572FC1EEB7BD7BAEDDBCA516074D2397C97AF6ECFEEAE4A996E408CB28D11A129B98DCA9AD9F0D8F677899A9BC6CDAF44B526ABA40608BA93CECE8D907A552EA640459EB61A75438086DBFFEEA4BFD7360482695E4E5E6680F89FDF3CF3FA98707B5D1BA756BEAB121140A1312121C1D1DB3B2B2C46271F7EEDDEDECEC0A0B0B333333478ED41EEF5DDBD020FD8F2874A31CAA13587744CD67084DA365FC0B89D1646BDA4B1D1B7486C4D64A4875AE767A9219D5489A8D53A3B66D2C18A8E5FE66449BAAF355537BCB19F3D78BD3F1B0D30B44DA82607D6C30717686F83A29EB1C887464423DD5507D689D259A33C3FC7500000000000040539198922696115487A5B2B2C2DE9617E8EF632CE6CFBB0E575455BF3D65B4E1F476C6384475DDBB1A087677EE8D372ED8F50A6285FBB38AAA4801178DEACAA99692EFEE951455D675E1F486C4565656EEDAB5EBB5D75EA37A584C26D4A75BA412E7E22684C5464646ADA0B623A3F4F43AFD1151068968BA6AB1263B59463B71C8B8B4A7511369392ACC8C679CF16D53FD47CDA2131AAF388B4B2FD25CC9846A6B9F4686DC9A2A16A613E998B4B2CEC350DFC1106810E5D5D2D9EBFF7E9451ECE62078A9679BDB49798F328BDBF9BAF4EBE03BA267A0978B7EBD63ACF5C6C03074EBC68D1D3B771617154D9E32F9E591AF68761D3B7AE4B703BFB9BAB9BF3E7D7AD7EEDD1957173021D8CD99FD8E9DBDFD1BAFBF8E21ECEB555FFDBA6397E1E18B172F964AC41B7FDED490F2B97BEBE6965F7EE10B6C6D783C3E5FC0E67034BB14F4984B918442245AB0605EFB30F353CB59C2DB6FCDF4F30FC4592C854221518DE9A44ECC66B309A53223FDF1965FB6599208BF56B0135BBEE88425CB4E90F55974425BB04B7C9CDEC6C7CDDE4EC8BC8E04496CD9BA3DF1719A4020C4709C2AD2B12F0FEBFD7C4F9D28F4B9194CAFAAAAAA282FD55E74E2F6EDDBB1B1B15E5E5EDDBA75538FB11589440F1E3CC8CBCBA30FC1717777776A3B3434B47BF7EE5A89D553B0AB6B0A35DF7EEA2FD845D6A6B432AED69F59AF69D3F3478B4291B46FB1D6AA1185036979CE6C1CB5A39BB64F9D11C58E217E230A76BA36189A60FAEC26043BC49C4DB5E7A1F618D8DA9FFA1E86E05C07000000000000343154E7EAD6DD588E8D8D522EEB1E6E4ADE3875E1DAEDFBF1216DFCC78E78413B5CAE50708C0C54AAAF60F7EAF39C2E01AC8F0F4AE4AAD14A6E76D89AC9BC0799C4BABFA49A388673D8555454D8DB1BD3102DEF16A9BB542BE226C42EA7A5BA956154074C4FAFB35CB053C1DCC932D589434604BB9AA8F4D8DA1A8B9E48B04316F61F9FA0F41A2CD8992916CD6EF32619580E3C39E5D59277D6453FCA28F270B6FD75E9280F5D673A46EA25D8219566B77BE78E6BD76F0CE8DF2F7262DDB0FA83BFEDBF78E952EFE79F9F326D9AB1B5404D0876F3E6CD757474CECAA0D764E00904C5050515E565DA11EC1D1C03DB86545757FDF8E34F0D2922CAFED8070FF6ECFBCD5628641BB4840A855C5455F9FA8CE96D43DA995DD1D442E6CC7EC7BF751BA4F2E05BBB6615B5F1FED20FD49E7DE9A92916EA8FF512ECAC848E60979E9563CB6305F8782A8DC97D24F1CBB61DC9A919025BA1542AC9CBCA9CF2EA841707BF68FA1C2C1CCBCACA1570B136FEDE9AC0EAEAEA23478E28148A6EDDBAF9F8D47CA44A4F4F4F4C4C1489441C0E87CBE54AA5D23163C6D8DA6A3F6F8C0D89D5B45CBA9ED69AE80CAEC8C6E620304CB68658CD2725FD21B1EEE7355E5FB592929BFE0AB028CA7C9C508609DBB446B2D2A8578945DAA36CD5C34F9F48B073631A128BF46C3018E21A67FAECC687C4161A1E58770E3D9DB266590E6D4B60A909000000000000A039A8AA165DBD19D3AF67573E9F67225A6555F596DD87A53279701BFFFEBDBABABB3AE7E6175DBE7E37BFA878E8C0E78303FD0D0FA9AF60B77B36FF8FDB8A4337E49A90B13D38C19EF8AA63A6043B93D4A35B447788A2906630ECCAB8B0D8D0E546466B2283819F0663A1543074B24C75E29051A5894E288E0A8B8CD5F37D3376AC964D9A81A77116F61F9FA0F4CC968CB121B1A68BA57658ABD113198E0B36B41C7842CAAB24EF7CF3677C7A9187B3F0D78F467BBAD85972547D053B8AEFBEFD363D33E3D589137B3EDFFBCECD9B08C7BA76EB7EE5F2C5A843875BFBFB2F5CBCC4D8812604BB05F3E7393ABB4E9F3699DAFE76DDF75B36FF6C78F8FBCB3EACAEAC58BFE1C706161486A184F8B89D7BF609ED1DB4353BB95C2EAAAC9CF9FA6B81416D1B4BADA3983B6F6E406010B5919591F6C3F73F501B0B172DF4F10BA036D21E27FF6499FE582FC16EEB96CDC78E1DB5CCC10E8D1A35FACDB76759546E69C5752D7B6959457E41DE739DDB1B2E20A2953CB1FDD79D296999367C7E455969465AEADB6FBE3178C81013E7A0D725897D1416E8E3EAAC3363C2E3C78FCF9F3F6F6B6B3B78F060F5BA4B4AA5F2F4E9D34E4E4E388EE7E7E7F7EDDB3730506FF525C6452742B55A1EBD494235F3764652ED5EA8590F3BC66499E61D553FA8EA169DA85B2C41B35A42DD6A0E5A42969938CC4BB36A1D581B53736068282A74D3F7B0AB1D786AB8E804D3085CF51855CDA2137A2A19D24A0FE92D0D61E4EC06F10D66F1D31C58681051EBA79B91852F904E190200000000000080D591C9E55CAD915CC648CDCC3E78EC945CAEB310840D9733F195E17EDE1E86F10F9EA1BAEE9DF402AFDFB93F6130B360B7629C8DBF2BFEC16F92FC72BACBC666A195E378FBFF953FCCAC9B1FBC31043B23BD2D6D070923F387D7F59574965608659887CD58274B3D27117327CEE01475A84E56B78202B3D0A673ACC686C8C8C8A8588D186641FFF1494ACF7CC9D4DAA3B7E884B6C268689B663D8DDAF2306B120C896D1C9404F1FA97BFDF4FCEF370B1FBF5E3B19EAE16A975C848AD37CD471F2C5510E4C897469C39752A3E9E5ECAA67D58E8E0C143FF3C7182CB667FF9D5D7C60EE4B26B053B85BEC8B378D1423B7B87A953A66018FAF69B6F366D6158FCE1C30F3E9048C4DFA934AF06429D25392161CFDEFDB6F6F6EA51B172B9BCBAB2FC8D19D3FD5B0736A25A47B168C1FC80A0606A232D39F1FBF51B1843CC522FC16ECAAB137DFCFC797C81E961B124222522517E6EF68EDD7B2D2AB4F4E23A0F3BB94C7EEDCEFD617DBB221C37555E24B17DE7EED48C2C1B3EBFA4B8383D25F1705494D11360F46A14D76FC70CE9D385CBD57FC2A5A4A45CBA74C9D1D1D1D3D353A954E6E5E5E1388E6158696969BF7EFDDAB469D3D00BF5946130615B53A219BADB8C36B49CD2000000000000008027A2BCA28AEA55A5A465521BBEDE1E3E9EADBA766AAF5E37D690A833CC1E769146043B210F9BD687D337845D2622734A09891CFD7D5FF1304BA97D783D053BA0E561DC215117F0926B66AEDC4BFB7AE7F95F3E1A67B95A878CD47A1328E48A77172F74F1F02C2B2E94C9647676B4235465653997CB757476292CC8FFFEFBF52C168BF1581382DD871F2EE509EC0AF272300CE3F105C505F9E565A5DA11EC1D1D7D0302E552C9AA556B1AA5B8300C3D4E49DEB5679FAD902E2E5175D5EBD3A7F9F90734AE5A47B168F1A240953CF73839F1FBEFBE670C314BBD04BBC351BFC5DC7FC8B1E19976B2A3324A956778A78EE322275A5462DA821D4546762EA19074086EA3303D091E49ECD8B53B3935532E9777E9D85E7721571DD83816979CE2E5240CF4F3628C50555515171797919151515141FDB4B7B7F7F3F30B0D0D150ACD8FFD061A11ED755E010000000000000068022C11EC227F1095545BDAA375B2C50E2D1458181968994459BA802B0876CD8F922058AA49F92DA7BE825D6666C6BA75EBDC3DBDC495955DBB864744449004F15774744CCC7DBE9D5D7E4ED6D2A51F787931EB2D2604BB87F7638E1CFD432C95610863B158329954A1D0710DC659B8D0D676ECE8573A740A6FACE2C230949E96BA67EF5E6A6BFAD4A93EBEFE8D2DD6D1CC9AF5A68F6F00B5919599B679F356C610B3D47BD109DC9211B1340461F1A21369BA825DB54814F728B14B585B3B634B4F682089BFFE3A495DC21111C38D9D8CBA189595550929C9FDBA84DAD9C263A305A23DCE14C69802000000000000409372D08860A73D24F67AB262ED0959A9059A9DAB105B3282DB33886D3626D0F2D01FB36ACEBD0E8160F79472B09E825D7676D69AD55FF7EDDB37627884BD83A35A7E6161A8B4B4E4E4C99357AF5EFDE0C38F3C3CEB2DD8611895887A7232A39024529264E37AC0A9CF8B68ADB3D15DEB6AE0B0EA72A59EF0CD30C42C7C0E76E6F2ADC17DBB8BE55632D382B2D213EC2852D3B32A2A4BFB74EFAC20CC5C18B5806842AD63E3D8F5DBF783BC5D83037D9B2B870000000000000000002D134B043B00009E25EA2BD86108B1581849924A034F2F164EEDC54C285F26043BC0343C0E76E17ACC809EE1926614EC520D043BB94C7E3F3EC1D95ED0A95D9085D223231C16169F9C2A1557F7EB1A6A387B1D0000000000000000C07F1CAAEBFE9C41D7FD06087600F0ECC258EBAD04975DE35906825D7DE1B1B16B77637B750993345FD161A94532C3D06A91E8FAAD7BE1A16DFCBC3DCCFAD93124AAF2ADCBCD2B8C4F4A1EDEAF8BB10956010000000000000000FEB3A4E596C43ECE0B6BD7562F3C3E2129AC8D875F2BE7E63610008046262DAF382E253FD4A0D6032D0D1B3676FB4142B78E21D26614EC1E330976146289E4C2A5EB216D7CC2420249845B38251E524FB687A1B8C4C7F129991C369BCBE59A19150D0000000000000000F0DFC34E2808F4F7B5B3D35F6DAFAAAAEA715A664595A8B90D0400A091B1170A5AFBFBD8D9D5635559A059A047133F4AE9D4AE394713638F8BA4C6F6555456C63C7CC465B3FAF608E3D9F0E5E65CED300C71704C2A935EBA715F2A5776E910EA606F8BD773C114000000000000000080FF02A46A3677C33E1646FB4080D303003C93D02B845A6BB505A0F1E0B0B0C4D4CCE0D6BE0D9929AE819812EC90EA1112FB28E9415C42C7D0A06E61C15C0E87329550CD6848FD8F7E8660F45F1CC7581892CBE5F712526EC7C477EAD03EAC5D5B70AC030000000000000000000000009E2E382C2C3533B7B5AF67730A76298552B391A43259CCC3478F1292BD3DDDDAF87B7BBABBF26CB8023E8FDA25124B2452597E6171525A56566E61BBA0D65D3A87D970B9CD951F000000000000000000000000007862D838969D57E8EDE1A6B07C86B8C6C622C14E0D419039B9B96999394525651289442C9650813C9E0D9FCF77717608F0F5F6F6F4C471F0AA030000000000000000000000009E565838565852E6E6ECA86C46C12ED962C10E000000000000000000000000009E6D700C9557563BD8D9369F5E07821D00000000000000000000000000D48261482C91F27936CDB84208965C00821D00000000000000000000000000D4A054122C16DE8C06604920D801000000000000000000000000408B01043B000000000000000000000000006841806007000000000000000000000000002D0810EC00000000000000000000000000A00501821D00000000000000000000000000B42040B0030000000000000000000000008016848E60E72DA8D06C8BC555EA0D855C5AC16EDDDC76363FB2C2645757D70ACCB15E47E5A425E6A4279516E669429CDC3CBCFCDB7A05049B38AAAD3B9F2495D4068661EA0D84EAD61226D5BF6B7651FFCFA0BA766FEB4EC7C171550AA4B113517B0915B7930BF576D9B2E4E549315525C524663287042911895CBB0DE6081D4CC46221051B930A58153C24C248A98C648B94F612D296C0ED1AE3E258447AAAE4FCA9E20777AACACB08EAA7A313DEA18BDD8BC39D7CFCF9268EAA0C195EAFB3D8259C6C74CBDBB872B47FCAFE3A51397E1CBFAD0F55F8D52939F6BFFF6E333C423B424A91DC446A3695B76DB3F7DAE6FDC3294B453224B7695DEDFE42759B2952F76E8D6E39235507DCD41B9E824A3E0FD9D8D2F7B6B49AA036E2336D039D2BC5127A6FAEA8E6DE104E2C7CC23335989BF18A5DA7C50919845EB852A95028E536DCBA3B27C40F7F6D08BF477B76D31BC93EFF8FFD92F93A41549DE572118B85A432CA56BDF82577629BDEC896435B771BC3C094AF51EBC8CFF0A0CF0D7759E99B162B6735264A301181148428BD96355321B574F39EDE2C80554FA33D4FBBCD601B64A1E51BDC02AD6A8126414E9BCBDA263BE9D3752D8026A34EEBD156EB2E5FBD9C9E993D76D44B4825D811A4B28A136449729F7FBD3B2525C76CB4366DBC3EFB705A73E7DD521CB10A5757576AE3FCF9F36DDAB4110A85C50A5BB34789AB2B63AE9EA92A2F61DC2B74700EEF3D986FCB2C57D5097638A79A90CB10A2FEA9BBDD2C843854679C4A01E79084D498603720BC7569692949923C1E4F1DA296EDD40A9D5AC8A336140A059BCD96C964F7D3CBF45228BA76FCC6DE9F0A1E2722E37A9F1A9944E2D47160E40FFB8C456091655E42291B23315241121252514D2A451829A37E54CA6DCBD85D308C63ECD89CAC8CAB17CFE7E7E7CE5FB26CC3BAD554C8C831E3A9BF7F1E3944FD5507B66AE5D9BBFF402F1F3F638928E4C4AE2D3967FE2A21087DF511C7C9A1235DA7BDE9C962330B93E23E9314453585A3C4A4AAECD8A8B73112C7100BD3D252D9AE8EFC2BBF99BD37EA4B901B57BD511D75907B623B6EC3450489080211882494D45F65B544FEDA42DB57C660AA4C2417CA18D3C108B173DA470E993F2339496745A2BAB1A87F728408ACA2FDECA25E5F911CBEC5763D2175829D8B22B7989D98438B5CCE0E283E0D8BCD20DE7D95E5E284D92A4AE233E95A16E85C593044626D938C31EEA3E20E7D849EBE5C8220E9F256D27F2FFC935A9459E2ED6A53CDE687867A086C6D944AB2284F91FF587AF82B97A637525FB0A3EAB6B797CDECB7589D3B4A376C52FC731EC975045C2B09768D52559B0046C14E79AD17ABD735C6F8D672424F98D1BAFB2C95B68AE8AF3024A16AA395AAF6162349223D66270AD9D16CC5D4C2CD7B7AB300563D8DF63CED36836D9085966F700BB4AA059A04396D2E6B9BECA44FD7B5009A0A1DC16EEF81038F5353A9EDEC9C5C3AC4CB53BD6BEEDBAF8B796D2D496EF6BBBBD81C9ED9680AB9E4E76F5FB3467E0889B8EA9385646A9222211629148C71F0B6A13897C30A0C16AEDD6C499A78659647F42DD9E5BB8EFBBF5687A4A6A672381C898DBBB143C4D595D7CE1C55C86526926573B8BD068F66D4ECD45D4AAAB292B87DA6B27CFCBB478AD93E229C76EE131015CE8AAC43DFBEE2C77240448DC66AD8A5EC11DCAA4F9F3E9191918B162D522A9562B19832D8C6C6462A95B2582CEA2797CB757272A242F2F3F3251249429E582F85877BBEB9B275ADA4B2DC6CF9C809C4F6ECB8E8AF9B8C7B05588187906A6838AAFC28494244CACB0879195254D2F943B20A25BF883D146771190FDFB1E5C788974705F8FB4B15A48D4A5393AB944B0E8BFEAB0E4C4B4F8F3E7E6CC6DBF3185350C889D5CBD31EDCADC659D80BC39C060E75F4F0A28B37375B7AEE54D985D3A54A05D9A9AB70E90A7F3607373C5CDC7BA2A2982E04022982A23E2464B2D429DF1198DCF5ED7E7ECB97A7CC5E507E2C4E2DE12193825D3B4F81D99254F32857A417A2F6B02BE8DBC7ADA31BA924EE5D88715EBADCF7F5D7A9C0B49F7FAEFA617568D710449005F972AF0B1790310F3B42EC113F54507193967E652492224CACD2ECA4B4608751974889244ECFE54C38656DCDCEFD34EF71895D7BDFEA2D271DA3EFD4F87FF9B9621945E48C17E94B109B8EB9DAA37E61724F17059F141B13EC569D49492D33A5E5B576E47D30B84D434C1DBA387BC4440F2575DB2A49A512511B8F934B3C51D9DE8F435838B6EE50F6C6D3D5EDDA79D3BB1464C2BDB2B3EB7DAC5A748CE808766AB5EEED99DC5723311B1B65DC23C9B73F282E5C42B2BAB6C84A825DC3AB6AD3C028D891C55DBA76BE7B378B213EA360B7E7AF680B4F3775440463B8326E7A50CF774842AC7A09A35EC708D56B1941528D24A9C4102BF5DE2156E8CEE62AA5166EDED39B05B0EA69B4E769B7196C832CB47C835BA0552DD024C8697359DB64277DBAAE05D064300876D939B96AA94E23DB592ED8CDFFE0A061A0BDADCDA2D77B75EFE8552D92E717552DFA1F3D6670C3AA09D6C84FE5B72B445BD65B1859F0F602BB77579888C011E5DAD9D9F1F9FCEA7E6F12A9B4E720EEE6E4FAE8F7E5CB974F9F3E9DB033DA39FFF7F491AAF2125757D7E1C3E90195274F9E2C2A2AA236F442840ECECF0F196378789D60C7724950148D7DFF6211C7578A09B84A913D59E222CF8A5A6746B0EBE4EFF8C1071FBCF7DE7BAD5AB592482423468C78FBEDB7A9105B5BDBB56BD7FEFBEFBFAB57AFEED4A9D38F3FFE3874E8D0DCDCDCC47C7DE1E3C1EEB557B7AE554A2B567F4D726A1DE00E46A1A26234E79D9A9F0505E88BFF617202715A852D3C79DB3023A434BBB5AB18270488C5C3587CFA5381B282901612B27C242F41A48C6A8BD8A8AA546A57623719C3187CDC7EFA6EF5C2773F204C7AF9E118F6C3B7ABE62E66F610FE657DD6D9E8524767F6B29501AD83F4A5A8D464F1AACFD2CA4B15435E729939CFCBF0706DC1AE5BC159425475A7F5CB6CA1203CFD3415183B6C9CF466B1C6C98EEDE2C0BF7A80D18C860876416EDC926FBF714CBC48FF9048C8EDB45840AA50175AFED1236EBB37501BD583C73BCD5FC0E86187A57D6C9FFFA33D92B1E9665F50EAF94185EF5BD4157178B4D5F9D6D748524D8A102946E55DE6968E5C67A1A94F865AB0A3363EDA8DFBB962617E785105CA2F235A39E2EABFD4AE9BC9B4D8B3642CDEAF5D79666F11633A17524A7E7F902B6196E5118F8DC676F41CD0C6B921A60E9A9B3C68A4AF5A8F532A49A5025DBF9EFAD3AC9BA3FB94527B6F27D9BEB0AC47C7D0D66A2D2F3BA5F0C2268BDAC9C64547B0E37239435EB059B200F7F1C6F87CA2A4447EF2B474E31632235313DF4A825DC3AB6AD3A06E5DCB7F4412995FAB2519D43671AB37F2E722723AEEFEBA3A4ED51C24DC5813DF4A829DF4FEB4767DE692CA6AF51754D53B9952F542466D2BA877B2E43BBFDB74DADD5CA5D4C2CD7B7AB300563D8DF63CED36836D9085966F700BB4AA059A04396D2E6B9BECA44FD7B5009A0CFD21B1F7E2E27EDEB479F192456EF682FFFD7AC22662A97A6FAE04554B455972414625EDBC737D1073AF8C51B05BF6769F813DEB66C18B98B9071911ECD213620C03FD43C225F98979255501EDBB6A02D3E2EF78380B79ADF46782CB1F334811579708C6E506AFDB90B16E8DF8718A61CAECD0F05647CE192B1A9EB4C0DBDBFBC68D1BBC9F7EF73C71431DE8B8FFEBD1DF7FF1CA2BA35E1CFBBAB10373D212636F5DA236A64E9D6A67470B13454545515151D4466464A47A746D6565E59E3D74398475EF67389F1DD5A554554E0CE7B825288A26BE774A8AF37E5DD39F3A924A8EEA6EB21112625C92A47519C621B1BDC37C8E1E3D6A6F6FFFC5175F0885C26DDBB69D387162FAF4E9172E5C080B0BA3229C3A756AC78E1DFBF6EDDBBE7DFBCC99330D53500B76922AFAAE881C4FF6EF87162EC60802D9D8A07973487777F4E3469499A9F2A33122D82908A90F2F46C072233116C676C4B88EB437AFBC9890E490D25C52968F0829FDDD00E76092C42CFE4C2537D0B030F91C4CAA30332697C2868D89E50CD132D2244B67277138E8CB1F82FC5BF3AF5E28DDB939AFBCB446E37170626FDED73E2D45FCF1C214AA295CB3B1ADE17C765A829DBC7362142191C4749E60DBD52FECF4A1C78B1616EDFE97430AEBEE28EB087681AE6CE2AD9154D39DF738D72BD887A8AE26B647CF983E9DBE7F3A7478FFFDF7E97BECFC39E7F59F634A82FBD755430F3B59D5A3AAD8C94254628FAAEC6C3B14B43F89B1EA3C614985C473EF507EF27592BA20522C6FF1156980DE7C768717B84FD64814115BA5EB47A9B68E4D6EFBE661D5D6B8F505FB2274A2B59F7F296641084306EDFEE4213EFFC203DE8EB3C40FF3E9F1B027AF90B1AA79E2C6F7C74ACAD14B0359DB8F10D177947EAED80F6F571813EC28365DCEBE9B57C6B8AB8B87E33B7DBD2D2C7363F47BEB418F416D140A5223D815978A22C2AFAC9E4EB71B1FED1E1075B9378FCDA3FDEF08549A9B73657B478372FB22A8A61CE2D6F7EBB221645FD2D6710DB44A8F1AC10EC73167274C28244A4A38835FB0993983D5314CF6FB51D92FBF1299D9989323919BA7F6B33326D8C5E748FF4D95F238D8C0608197234B13CE4DCC175C4D25392C51FF20B9AF9331331A585555A88A483D7747C8277F5DFAB4FEF2A7768133A316EC0686A03F7F5E28106D95948A39760E2C5737A2A400130422A19FE8C179FBB7CA48424EB5BFC89C60B762FA2B351B3BFF30FC898C0B765577A6761C308F5456AAA47765CD3B19A154FD55208CF5E8D61FC2AE7BEA5D008D448B302FE18B887E87234C5ECD969E85166495A9AA612DABEAAEA0C1D94D5EDC86D963BE11A8CF8196A6D6D032A40AE44DB49E6AF4341BF52E6EABD9664D5AB26DCF6A169AA97E3563313EA1CD4FDD957D629EAE9C36D45ABAE712A7DF43610C6CDC22A29F7A5F26ABB78DBFE236C289CCE505781AA9D37A9CB19AB9E7162FFBD8DBCB33B075EBD2F057739435FE297A821D32A2D9310A76877F9C20E073172DDF7B33E631F5D3DE9516EF1805BBEBA7A21E3E7CA8173873C9CA948737CF9F3A3E70E8CB6D3AF4A042D43FC39FEBDBADEF10BDC8E93DDB9265459A9F2C7BFB3E89E9844894F8DEA282DFA3F433EFE8EA7F3DC944E97C59D07F9DE75F515151AFAC3E8E9757E16E4EFC99A3F7D88B838282FC3BF53376D4AD0B27D4AB4C5822D839B979741FF0925E0A6AC18EF64761BB3E52144D7EEF2F02E3EE5C3BD89D2A3DAAFF4C22368634AB491813ECFAF7EF7FEFDE3D8542B177EFDE5EBD7A0506064E9A3469D5AA559A3863C78E0D0B0B63B3D92B56AC302DD88D1B4B0E1C80E62FC4701CBD3593F4F5A5D5BABCBC1A873863821D4B91E76F134FE0CE886583739C30B6032DD8294A55825D0E292B40A49C1E8789719028310FEB217366B8257EFA6EF5FC25E6FD7136AC5BCDE8B6B36353CEC93F8A2346BB4C9F457BCFCD9A1CAF51EBD4FC16DDD1309A366AC18EA4278D53764E3A4C8845319D27D80F69DFEEB79D8F264DAF3E958A2336D588E2D41541B88582DDAEC3279FEBDD5F3F0B6BBFFC69DD578849B0137EF3895B412C5159BE6BF88CA13BD67B8705282AABFBA754ABA7176CDBB66D4565C5C851A3DA2E5DD2B37B584197FEB2F7BED04B212D6D7B69DE713B2416E2A47BB7A3384B7FDC3A2997F82FF5C6C4554886CA5F9C5B3645CFC94EEB75877E12205A9EA39F3DF10B689D8E7E0EAD4FF874C1A8BA68496BC3471C1BC7F840B2FB9327B7777D94A23C74911CDF1FBB741F5B38193F7345B9E32CB1E57D4E519E3431871DECA5F86837DE2388F5EE4B25A6E7B05B7E3225AF4A3F828790B772788306C3AAE93DFD6648F710B55A979D5D58585422D39A0FCEC9C545C8B567E3AA19EE48242A4EBFB6BB87B1728B7ED3667DC8DDE8F7431B6E951EB460F7EE02DCD7871339161184F4BB0D78BB60DEFCD9ACE77BCA76ED93EDD88D393971DF7A4371EE82E2FC452497330A76AB4F966CBD5673E3F158E88B971D4777A19568E79F2E3A6FB95A7393B0B1C2A52F564CECCE684603ABAAFA55A6AD460BAEB9A3EA5B1816097644E19FB8DBC8CA3D2142AFB2DCC47C616037BBE715881B82D83B08C50352ECC4760C26B27EC67D6623AB0976E53727870F9A4F282B6ABEA0120ABACD57BD90A9DEC9D88F6E1FB7EDBC19670B5173D0C2CD7B7AB3D07C5699AA1AD6B7AA7E1DE686D9D370C14E3B054B536B7819D20FCDB5F148FB935823D132EB42CBB7ED59CD4233D5AF66B4EA096D7EEAAEEC13F374E5B401D6AA3F9C8F8B3816A77B3FC4AD7F7372F43164E20361438B48F71B55F49B93D1D67D11D638910579019E461804BBDB7763F6FC46AB4BCEEFEC5587E44AD0DB5ED9D4C677A94E574B6A86475A2ED8456F9B4AFD1DF2DA2F6CADB9B11805BB4BC7F7262626CE5CB2D270D7FDEBE76F5E39D7EFC588E0CEBDB6AD5B1ED2B15BDF210C6F340921CE98F6982C3BFBBE0F69870D0CC3F2A30E247FBC8C90D4F5ED490C0B49D05F144259927ADB21BA4C5E5428CF395772E47CF7D2FDFBF787FE702CE8B3B9B623FA8A771ECF1FD0E1FEFDFBA1CF1B5D3CF4F4A16DEA0D5757D7418306511BE7CE9DD30C89D50BA14B66FC4CBD14EA86C4B25D1FC90B27BE775A843BFEB2A6871342D43F178404AA1C69E21B76297BB5F72A2E2EE670382C16AB73E7CE767676494949B76EDD52CB85172E5CF0F3F39B376FDE5F7FFDA516FE2C14EC26BF4AB60DA2D5BAE2E2BAB31B13EC38922B5EEC1C92E38EE33618DB1EB1552B75282A49590121CB27E5A548FDE900E39095F7240A6EB1CF06C3C26CA00AB0F8ADC4DC2CE997DF070685D0679F14F100D58A74DA2427883E5994E2EBCF5DBB49BF79D3087604260F4F3CA2282FBBFBDC38DFF727F92CFBF8E1C0B1D2FB45389BD36A6950F9C53CD1A50AAE9B932573D8D557B093BBD3D325DAC5C6F49FF136F5733F51E1E5E34670F10311D3FB0F183079D2ABEA68C7BFFFAEA04F1FEA42DA195CCDBF63D68AC5B96C24EFE01F11E03582D142873FBFB1DFFF31ED49E8D33EEF1B3D5F57A60E4CC2E4B66BDBEB4A7216F573DC4FF3BE3DE13C3502FB76BF32CC0F9FF232EEE488CE5E56AEFB9D76B80B6A8DDDBB2BDD14CDCA28227B04B1E6BC2CAE1C5C6AE2D2D30363EFE66A2B763C84C67669E8605835CF4DB9EC131CAA54AD35919C969CB275879F5B9566EF0F7F74FC64CF084721BD860649C8AB8B536FEED7D3F16B0A21E258F888844F1BDDB74E0DFBE23987AF3FB799FB0EE7E5E1B28387A5ABBEC59C1C59DDBBE2FE7ECA3BF7940F1EE26D5A0BD67F4B2FE8BC669DE2C2C5929B0FF4523815573DF7A04E21F358287A6EABE0F84CAF393A4D3AC9C632F7CF9005B73234A36155957E8B4A7EBFE1DD548B04BBCAED6E766FD04B0F57EDF344AC5CA96D3BE7FEB688DB19717F210BBEAB3CF4BEC33C92887B1D0FFD15594DB02BBEF66AF7C10B084559CD87D39AB73119A994221249CA93D3D332E4848D6DC06B366E031B58284F400B37EFE9CD42F35965AA6A58DFAAFA75981B664FF308762DF37E03DB200B8D6DB0B5043B6B5AF584363F7557F68979BA72DA606B0DEE8763932312DAB75D7BD8C44DD2B093D6E315B7A1B9B3202FC0D388BE60575E51FACBAF7BD5B3D74967D40876DD6C4BA67B1612A472779EC7AA64DA654C5C5E707FB49B61727A829D5AAAD3262BAFE2AD8F8F212382DD99C3DBD3D3D3672E59197FB7C6A7A37D97DE9ABDB1B72E5DBB78A67FFFFE6DBBBF682C3F0F8375476CD9D9F5BA51233D60185678EC68F2D225DAFB3B24EA6B01790937FAF6ED3BF0565D3A11AE539605FCB865CBAF7BF6EC086917B260FEFC870F1FF6EEDD5B2EF064B44123D869D3BD3BED9672EBD62DC35DA6043B96CB2345D1F8F7CF55E32E248E39288A9D14E9C7BE9B6E678160575555C562D1E3DAC462314992767676172E5CE8D2A5CB860D1B162C58B07CF9722A7CCD9A357C3E9FDAB044B0FBFB141A36149594A29F7E420585E605BB56A2DD1CB20C63DB631C370CB7A1C76092846AD18952525682E8E197AA256F941265E90D12F1F25AEF372C9C068EB39B31F6A1444CEEF8BD3D8F4F0FBD540B761A02DAD8ACFA911E8F5C5DA5981919CF1760BF1EEEA0978266482C8988D05B5B7881C1A2A43841DB50F1E384F8EEB30812B9BEEE1BF0F55032B7E84ED7235C17170B3DECAE5FB9A896E70C430C053B1B771BEA86B01389060D18885477C60EAEA2B50B2D41462A1C0A0A0AD4D14E9D3D9D61EF206712ECBEBBF6B3822008C45AD8633ACFC89A125845A9E7380FEAB622B9BC9CE37A8B8DE87AD8D5E874F400D8A4F7B5BDC62C15EC765E72568F78554F60E76A8F34D3D85111A88D9A5BC811FF6842998921B16ABE3F9F125F5427D9B577E52D1A68897B1DF504FDB2ED25E66F5C6ABA4DF8C7C5AF23A19AEFB5BCAA24C8FDC1BC6137660CBCA7DEBB68E7B09D175F120A1C49425E9EF52FCE75BD7DF00586727B3F74C3316D6553D70F712D9A6FA28BA8E5426FCCED827DF182D3CECDB67B7F450429DDB34FBAEA5BBD0878BB60C1FA6F59ED42A4BF1D927CBAB2E4DF3B7A11161D283A11AFEFA5F8C950FBF7FFBE647F545FDD2B99D5BB648EBEDC8C1A5855B5BD350D0A108D42D1C742D717EC436FDA2C38A60A1EA519595C378A56553EDA5DEEC9D1A3180620AB5B57F14F42FE5C5A7B556E63652A1CFD2705237617C4FB9ACCF8006FFD3315AE383B85FD22FD04B450B0D3C3AC60977F7962CF61F309AA31544A08EA9F42A2DA90215281B104E2E207D979D5ED7BBD76EBFC6E8F3E86631F7486A8D70E3F57E57DEBB8E837E91B26485331196E21ADC38D8CCB68B079759650279D9F50E33A64DC2ADDD7D99A462674034345508FBED7BBEED62861D35960ACB04D6195A63A44E89709EDC6AB5F416AE304BDFF898937F88658459D347A94E6BED2BA5E6B43A3B72203094C533191892E74235E3BA65BCE5871A98DFC34B95F6DEDD0D869989A356CD67F2858547993195AC5C6B5CD5841E9DDFC86AD8AD61407C6A7C8B0424B6859A3C7FC6CD544AB492ADAEAC55BAF2CE8153BF54CD49470CD8D8D9AC2608BEA9741886EF3D598566995A12AD7CC77ACBECD4DF21031FFA6C7701123988ACEC07EA6776C8B0EB45E4E199B77860F21BA05D2D40D9A41D1A9FB02E3A24DAABA0D3AA9D157DC46CF9D615EEAF53E366EBD6546024D4F9D6067AF48CD29A9E8F1ABF3A589D99565256E5EDEAB4A7A544BE9AEF2E2D6A51D0455D45E073EBBFB2D5AD17862C16EEF916B7B8ED37705A360F7E79E9F0A0A0A662E5979E9B4BABEA27E5A6E7431FFFE73FB5F7A11CC6ECF0F087FFE05C4C4DDB68EDA3F49A15DF78BFFAAB74B33322E2E5EE0939AAC1DA14B92FE04585C719EB7B7F7909856043D2815CDF4FE649AE7BBF3E7CFDFB1B7C0D1E5C59ECF05797A10EFBCE179E7CE9DE7874F64B4A15104BB9AE1AE6CD7784551A44AB02330E4A02876566668043B13436243BD856AB58EC3E1B8B8B854545450067CF5D557478E1C090909B97AF5EAE2C58B3FFAE8A3C3870FAB978EB544B02B2A42BBF76213C6934221FAF63BACB456EA3426D879546E6293A5A4BC1417B4C568DF5D4CE5D32B458A6A7AF63D126194F9844259729324E825380BDA1D362C9CF887F7C23A7646E6887D70AF7D078668D35E8995CB08B3829DA85AF1C6F8781E1FDBF13BB36047225A420ABBBBCDC6BF4DC5A5B3F6FD5EACBA73EDD190773182CBF26007ACEA56F2777AE9FE3CCB3DECEA25D8B1DD793C44DA555585B6AF79922C58B068D8CECD7EC101D55249AFFBA9EAC0FB0F63D31C1C650839195CCDA5FFFE2925D85252B0AA476F471B0E62A4ACD47DA0076223DC869777C550B0D3791FAA0DAF79E3317CA1343D24365764B7299AC568454611E9E78AA917A0A0B6978CC503DEC8357B032C3B1A5BA61AEBCC63A31F4687998D5F6BBC19C1AECBF8538E5E9D09855821AB24E4A2D2EA92BD6F6C9C187E51BDB7DF8635F73342C57937E562DA5157E8D5FFEEA1A18CE5A6FB3AA8F5FAD2EF8BA404146154B0A30F47EA638D4FF9447BD8ADFE1F6FC97CF6E041B20387680F3B6727567827CCA315F1204EF928A1C6C30E6749D6FDA0F8FB4CC9CDFB7A29CCFFADF0E423FD7BE6C321F61F1E3B6777325E2FBCF48D5EC50B071A965583AAAAD1699B0C4561A4A78F448F32948CE93760631F3335ABC4CAAF4CBD7864CFC0515D1E5FBA17342394B4E98C844B715E67E94E6433BD2EBE9504BBECF391CF0F9F2BAF4A547D44A5473AD47E4755E06C81A4F411F54E16D265C8CD8B27BC0746191C6DBCC35CD717D5CC1D66780B99773768B079B596A8A6B9AC792FD48CA6474C56254C6E7B6C9CBA6DA9D580983C9EE8AFC79F44877CA989DC7C5960723AB6BE554986BD357599307C38A92B671D19A871AD3A569B6BCA8CB571D40382B2843ADD02446DC4EB5E41ED8A69EA266CD46B6770BD4C1517A3879D616AD6ABD17A0F05CB2BAFF5CA93C94893BDF15AA8F699B2DF4C8363A596D05CB9197BB652E51F375FFB5381D58BF7C9B260F6E36893D42F46DB6AEA573C5388E1D3DC1AC5C878C71AD8DC14CDB5856F7AC6B7B58ACE54991B1682A903AD945363CD3B5303CB5C204D73031B245EF30843A6DF8B1A7452AD57DCDAA90FDA5BF3718C8C3FC24CBECCE83F1C8116848E60E7FD2D5BBD9DB690F6B678F921DDEFF5E1887E094DBB9A2D4B61F98D774C5FF038E46C2A2DD55822D85514D152C2953F3EA5FEF679859E578B2B70E40968E73546C1EED0B675E5E5E58C43626F5EFCFBFEADAB01C11D6C6C6C121EDCEED4BD778FFEC30CA3DD087622B586C4924261D753E7A98DF893D197BEFEB2BD4C22D4724CC330EC39030F3B8E28D7DFDF7F76FCE0E71D876DCFFEEA7CF7D2FEFD079494F2D2F24772F9BD31DC75E746818F67566C6C6CCFA1918C65DA2843623582DD237AD189D32296FD2FAB7BEA0D893521D88578F0391C0EB54B22910404041C3C78B0478F1E0F1E3CE8DAB56B7474F4E0C183AF5EBDDAAF5F3F2A825249EB929608769FADA0453A7B7BB4F43DB2A000ADFFD1CC1C7658F17E1F3C4629AB44840CE779621C37847310A1A0179A40185248496981B2FC112913B16C3CC4726E49D8AF8685D9284362BFF82EB06D3B53436213E3AB3E5B92EAE3C7FD66B3D121B1F41C76C987156565777A8E09D9FCA9CBD849F73B8E906757E188AD5E1913C7A8CBE5680DC1AEC4DDC60721BBBBD73A8CAA79B7B874F94AFF7E7DF76764E1D44DD5DAE305052D7E5DDDB92BEF85C19588F431B89A1FDC894D151115A4EDEBAD3D27F8307BD8B1B7FE205CBB14C79132B87DF91F4686C422A6CF4475B38F697F2B36FAA1465BB06BE588BF3506F7F644512794EA3528BCDC31A91C7DB45111E687B70F202FDDC7A67D9FC368F08DF492E7FC6BC6BDFE9D40AF184B6D8CEDE8392CC4D930820EDA33BFAA30F67DB5CBB8BF3936DCF2EC7FD5D305929E7DF23F7FD5CD9656339504EEF4D9514976BC525AB358B3C0ADFBDDC37A8D92E6D396F67B524D61B65D6B133D8A7AC531704FA0513DCB754B5BCB9345F7C29DFFC7FEBD0578803FF7D589A44844CF61D7BE1D6FDE2C568FEEB23DFB653BF7622ECE36B3DF925FBCACF8FB0C92C90CE7B08BBA55F1D1F10AED1016491E99E5FEDC9DA4561F1FD78B9CB5FD5549377FC3B26A505535E961A7F35E55B3C80943F968E22785C4A351467B051AC14E4DF90F886387F803BA92C2FE48249DF3FACF9BCEEBC4B79260977E767CDF6133E5A2C7AAF7B0DAD732D59B198B7A272B4FA1DEC982C2BADDB872D5FFC54306479BEF30D7DC2D218CB79079C1CE0AE62163CD8896558723D4AF8F749F59EDC3AB89AF556147ED4B7A3F8E0A41EF9B9A14D2BA59083196AFA6B22AC1A04C5492997E05A9D3C14D5DF4065955DB15497E333C69D4B8E8B5D4F6B8687DA5C6B0625ACD1EA3B79CB9E20A317971CD0D8F6D149B751E0AC8B2CAAB9F8B46B70D311594110F5F7DF9A0B64637F5B536576E09469EAD86DD5DAB176FBDB250ABE299B82D9BD460ED070D4313AD5BE3CC08228D6895F1AAAD6F731334D7E6DFF48C8FAB602C3AEDFB41E77DDBD203AD925383E6DD68136150204DDEA0E92F0767FEBB42434FAAFF8A6BA52691312F96BC8F193C1C8196479DD6D37E75A6F68ECC25D2887B74C59BDCAA64B25BEE2F71F2DBACE0F58109778BB1A931B454678960A746ED67A75E1C5603A360B777E3D7128964C0F031DA8141A1E1D7CEFD157BF7BA574070C4D82954C8C5BF8F26C5DE0D6CD769D008FDBBEADFEE410AAD452748BEA0D31F27CEAE5D5D14FD57081BD773E9613BBA3E7F2B592F0547AC82CBE59E387182C7E3850D6B1D2C089F33674E41F9F873578310464FD55FFCD87DD2A449EFBFBFCCC18FD991A751169DA8D1E354436227BF77528958BBBE19A25E7482EA6EB2CC0D890DF1E0D32320110A0C0C0C0E0EDEB66D9B9797D76FBFFD969090101010306AD4A879F3E6656464C4C4C4ECDAB5EBF8F1E31FAEFA592F05C639ECD4BB9EEB414E9B8A366E42F1F1A65689254AAF064AB6C9283B95324488E9A5325876382E200982945591D222525689140843362C5BBF42D45E1ABCD8B0301B65D189A12F3BBD31D707A9043BF5CAB07AD1B6FD9873FA84A94527907A9558F5A213E1135C227BB4F9F9A7D4654B8BB75E61913675829DB94527E62EF968FEFB9F202DFDCE30C450B023BF5BCEFD7A957DDF769D52CB711C5707B2582C7777F7B5376E71117208701FA6E46CCECC764188BF6C19EFDDCFF58B31B9F870AE5C490AB998E0786FAAC4717DFB64522CDCCB465AC5C69162DA5CC96746179DA8759DD079C5A13F19D173B421B34200520D897D5C5223D8BD13A14CCC61BF3490F5EF5D7A0EBB2DEF73C412F2E415B29513F9CF3DF2AB396C7945B5B139EC961D4F59FD72DDD0D74D975310E269AF0CBBEC68EC6A53DE76960C893D272D4F50AD0043B517820E1D84B7DF9BABDE9558E013BEF61765EE354D649E63E8ED838398CB2D41DB35A356C53BC638640C997B6BD737B26E95587737CCDE9E484C623DDF93F7F13276A70ED29D7BA53FFE4C5656E1DE5E44462692D20D05E3A21373F7159C4A94697E2E1E6437678003B5E1F1FE11E1A9BAD11AA5D37A14BFC73C238175E6B0D37B8B559746ED4B09B360373929A47D7288D11903F5043B0AE24A7BCCD689085CCAB21F6D18DF4A73D83D3E35B6FFF0A9F2EA0CB2F66DAC665261FA9DCC565A99AE7E27FBF7E2E5C0A1BF1B1C6D5642AA2DCF2715ECAC601E327B63ABDB96F568726D0B63F23B41ED976A636ABB75B3607C9AB326B2CA50E366AC209609760DB34A7DBA4F93E965E9C645D31F6FDAAFAF39AF8E878B6EC5B49E3DE66F39E6E26A9860D70836EB3D14EA273C6972D1D8B6992A2863354285CEEC19CD76ADEB25D8E94746D62FDE7AB690EAB16C2A8C693D4D6930F383C6B084CD56F9C6B4CACC1DABF3B261F5E6DA92373DA317D164996BDDD2356B9A8D3A6CD981D6C8A989E65DB7893055204D73031B9AC728A15AAFD620AB3D4ACC7E4AB1ECE108B448749CB3349A5DFC32DFE005279DC6D097EF6C588C9BBD4026AFE9CB958B15536EBBA714953F9CD6CE30B9060A767B36AD958AAAF402672E59997CFB9FB8E48C51136768028F47ED0AF072EDD0477FFAFC9BA307563EAC730EA2FAD957658AB66C96078E199ECEAE43788FA3E7F502A505F4E20C32152525258B172F9E3061E2E6CD9B7A0EB17172C2BA76E60EE8CD1DFE4271515191D09BF9B34C4E5A62ECAD4BC832C12EAC7B3FAF8060BD14EABA94AA4527A6BC771C27D19E6F5FF6A46CD65C399382DD8C312F2C5AB4E8E0C183BD7BF7DEB871A35028A44E47100497CB4D4F4F3FA882CA5A6868E884091356AC583175EE477A29180A760B17632A0D10D9D8A02F3F271312D1D66DA6043BB928CF276906CBAD1522E44829A347BD2AA90DEAAF52B54D2225413547B8433B4E794956E052C25D6F854D9A06CE61979126F9606E2286E15F6D68E3DF9A3F6B72FC73BD1D66CED351E5D252C41F2D4CA1BAEDDFFC1CE2E5ABDF99D7F2B0233A271D5256553EE8FA1ADB5D101E7FBAE2E299C431CB3192E538DEA3F252A9325F6A760E3B8D186728CF9910ECDAB8725271EA16406E57CF91A15D48155438F597BA0D629C9DA9236D7D5D459945D40DDF8B20528AE47A293CAA54BC1523C7083E2EE7847215DFF725B85A35829049AB260CE1C55CB7C11007C3E447AF909DBAE926C038FEEB8BF5219F6ADE03542313E3CD0A01A856B0FB68372D1AAA97852DAAA67D7BD7FD4E447465B5722235FADD57D3084F4165E548E65562671D8A35315D9D7A62BBCDE31B24D8F59C7A4D5A99567B9339BF35ECC177137E51FF3A78ABEFCC6D6F9095199AC83C87A06BBBF45650651C23AC7EA65AE2D3A1372E86F9995A23D8D5C2EADE95F7C17BACD0F698D096C8CE911D3A22DBB39FCC2FD0446014EC284E3EA8BE9226E360E4F050FE7381756E98B6671ED9FE9B4AB2F0EA016D457D028D955503ABAAFAB36A84FE2AB13ABEFA35DDBFBA911DC686C4D29F708DADC96B28D85148FE0EE10D4B404C5849B04B3A3966E0B0097251A666BC83D63B9950569DAD7E27BB7CFE52DBE1470C8E367AB7D40C38AABB5B186F21F3829D15CC43E66F6CDA572BBE2DF5B670494BDAD6CB9A9E9D4CDF0F9A240B5A9D1FFAD68DD37ECB6F2AAB74CB84A182583A24B66156A9F27B0C6906C36E48084D0AF94477DCAE61C53475135AB776982AAE2717EC1A6C33E343C15CE565C84563DB66AAA09009C14E6B61F466B8D6E61A3D6371745D0213AC5FBCF56A21CD1CD524F70332FAA03198D1D8C41CC7D62C46232DA181CDB5E7B562736DE19B1E32D3B61B2D735DC18E61D0B1A98C377AE11B69DE7507269B2A90A6B9818DDD8A56BD3FD58FE0509DCFF6D6CA1DB2E0050659F27E05B4287404BB908F6EE00E9E44393DB28CACA267657A69E660B557DDA644DA1DA6B7AB72B48FFC681667552C6E0DC1AEE124AC5991BEE53B0B23FBBFBD3864E90ABD406756556969299BCD562814376EDCF0F5F5BD72E5CA942953A6CD116C5BEF101850E3A577F6EC59FF4EFD8CA5FCEFE92355E525AEAEAEC387D38BC99E3C79523324563B44E8E0FCFC90318687EB0D893526D8A9E21018C632EC52FEFAFDCAFFFDEF7FD4C6DCB973376EDCE8EEEEBE67CF9E69D3A651673F75EAD40B2FBC70E0C081B0B0B0CB972F5FBB766DD8B061097962BD14D4829D525AB1FA6B92533BE9D9A1DFD1850BB4D0B36821D946D573DFBC05DD7D80310A7614368FBEF7CADF28F10C412C1C2914B45AA750924A02290895728710C78D2D515423E7E2BE5B709C616EB5067AD8A15A273B4767F6B29501AD83F44783A6268B577D96565EAA7879ACEBD4B7185611D19EC3AE6BCE5F0A51554C5BFA9275BCB3CBC6BFCD6DA7418E916E6D368C5424E7DEEB1BCD7575B4C4C34EB3202C6388A16017E4C64DDEB041B260818D9393EB811D64B7BEEAABAF91EDEEB9B909691F40E4B6617DD0BCF9C985324303BE4F4647D239B85489554985A2E237DA9243BB38935259F6D1D315DFAD76AF4CB22745024472A6CFC1561AD6200317125A7B0ADDA03FB19D792100A9043B1B5BFCAB838E3793E975275EE88CC5A663EA1527D47F5DED917A498A775F65D9CB8A8D09760B0FC5523B46B4F37CA583FEB8D73F1E96FCF5289787D00FE32D9CCF8E99DE6FDC53886BA42E8CE7B679EEE1F13D6BA6A1FCF4C0989FFEEC8C64752349D902CFABDBF4E640D41F88B120E11375B9194C4465E25BABDA59DDE8773F3DC10EF3F1E1CD7B87337E34C6E52A139224DFAD579C3DAFF6AD53634CB06B200DAFAA3A23416AA62DD7FF3E4CCFCD1C322E02C5056DD5FF3AAABBE8842A326258518151B02B39D8DEBECF6CB6F702C35D5612EC1E9D183D68F8584575A6EA23AA92FA8B08D57260D43B19472817E553EF64FE21E1D7AEDC0E1E6638CADE68875935A5773CD21EE5CD700B99AFA756300F597063ABAE5AC83E86AFF4DAF706D5DA8C3A5C3B6AC6E8D07BAB6741337267D4B8886371B58EB44D669541996C6DCF50416A8D34BDE844C3ACD29D054C6F4630FDF64D53310DA709B3F2B5335F5C3A1D60B5046964F6746BD8CC343BA1F9CACBD82A36AE6D71260ACA8487AF56F36BD572B3B07931B0413F8E9E738ABA167F9264F5E27DB247BFB106AA09EE07B30F9ADA1742FD103323301AD80A69D559E6AAAD6FF3B12668AE2D7ED333D3B623A6323FCC30058D45075AEF1E666CDE1985216342BFB56F60ED9570F416DD3A6CD5FB93A6EE9633B50048239CA87E821D53E5055A1EFA829D7A43ADD6A949F99FEFAC7FD99745355DE27FC253A8BF032F39B64CC14E29113FFC785155F2236ABBFC618C61047E601BAE8056BDDCFA0F0E9ABF0CE7724D27C8AACA562A9562B138282868D2A449DEDEDE7C3E5F20100C1C38D0846027AEAEBC76E6A8422E3391329BC3ED357834DFD6CE70579D60C772C85096BFB6782746A25DDF4F7756CD5EA7C6B460D7C9DFB15DBB76E3C68D9B3B776E787878515151AF5EBD2E5CB8E0E9E9496D53C78A44A29D3B77BEF6DA6BFBF6ED9B32658A610AF777ADBEBAED1B6955A5D932971388E51EBAF8EF3B86BB1484D226F60BBF948D5576BE2C5B3EC259B4C90A0229944881930A16475459691B54DE6F13C677664C7CD7D69F060D8EF06F1D68C280F4D4C7E7CE44BFF6E65CE65B4241AE5E9E76FF4E15CEC25E18E63470A8A35F6B7A6873FA63C9B95365174E9752113A75B55DB63280C5C60D0FD716EC82CFAC2265B2A4119F1198DC63C930AF850B1F4D9E23CFCCEF74E4A59CDFE2F3D63CB2709558D3300A768824FF1938D0E3E245AAFCECC25B0B3FFD9C18300C911876E1AFF22F5716C43C261056D9AFF7B08B97A9F88C829D4489165FE73CCA97E0D5D5DCF222B7FC5C978214CF92C7015989EEA5B9EED26467B254D8A98BE0C0299CC7B7C4CE2746ED6167EBC8DD134DAA1784556B766AFD2EA3A8C6FD2AA22B6B427F319F14170C6116EC0EC464E79649786C9D61B06A365DCE9628249E8EBC89E1DEA801F49B9544C86BAA00C6E20EEF5DB0E6ED53EE8ED5D4CFC8CF275EBAED4012B5CE8C1886B3ED2E6D0EB26AD131A227D8211CC703FC6C66BF8D770895FDBC557EEA0C92E814A09504BB8657D5A6C150B0535CEF252B9172433A61E9D759831EE9EDB5926017FBE72B2F0E1F49C82AE8094A54AF62AA45B4551B5490B8907A27CB2E42BEE1F36C5B3D6F59CE2C92CB2DC40AE635352D330B60D5D368CFD36E33D866011AF73AC69F4F45162CA5651ADC02AD6A31263DF1C3DDD2035B4C4E2DA259AC6DB2933E5DD7026832F4D72BD0D3ECB83D02A8BFB89D8B3A90A82CD6C46414ECBEFDE94C5A66895EA0A16017E0EBFCEEDCC1CD9DF77A50951D77FAF4697777F73E7DFAF0783C8542616B6B5B8E1C4C1C22AEAE8CB97AA6AABC8471AFD0C139BCF76046B50EE9742939D5A44C358116C211E2A966AF5383AB86C4AAB50DC32E653B4F8152A9747070E8D9B3E7952B5744221149926C369B0A64B1586AE7ACCE9D3B4F9C3871E7CE9D0914061E76D77E5E7979EB1A52A9345D3294019532D2AE55E8D2737719232814326EC28FEE099B7069158973487A22411C91D43F1686B1ABDD7B97F7FCDA985A479193997A2AFA447575F5FC25CB36AC5B4D858C1C339EFAFBE7117AAE4D7520752D8646BCE4E5DBDA58220A39B16B4BCE99BF4A08427F64348E934347BA4E7BD393C5C6188F15F799A428AA594A588949319285237AFC268114B545C0D25C110B179D300DB360A722F38FA379A3C7B054CE7454E52554EB77100893211478F477BF576A66E06214EC904AB3DB7A4FF6474C29BFACD8B530CFA124D3AD3CC3373FCDA538DF4D9CD97AF208E70F3FB3B65A876A053B6AC3D34551A114B8386119A9D28F76E3EAF1B0F9A55851050AF327077494E416B3039D2B8D09764DC0CB4B332BABD5C5AC2A719C8DD137B0AAEA518F4F426BE831C6B2B3C58EAFF16D7A23F5053B44DF8B4828C4B85CB2A212C9F46F062B09768D52559B003DC14EB61F952902DCC68C965E3AC119B44B716DA2CDC00CED08A6053BB31813ECD2AE7E585568EA42085D837D7B7CC6E2DA5B9CB3C614ECAC605E53D332B300563D8DF63CED36836D16F0E4825D8BC982A5B44C835BA0552DC624AB0B762D26A716D12CD636D9499FAE6B01341918636F842278C1C9C4F5C35F89CEAD96692DBA2AAF9175CE8E6F6349EACF0C1C516E6161A1B3B33361E753AF0373D21273D293D46B50A87172F3F0F26F6B386F9D36DA5D4AED456F51EDB465C89C60D7DE8B5E1455A95452F1592C96F684771A148A1AC989CD66C7E754EBED4DBF7AF1D0A70B0B0BF319BCCEB450128867C3EB3362CCD02FBE3516875607CB13AB134F12C9C7D8A252CA16B98D1BC7BB1B3F741CE9DA1167997272C431C466D1D64B15A48D4A53932BE94C7358F4B63A9076DA539284B9E9B3D25325E74F15DFBB5D5D984717572B4F6EC7AE762F0E77F2F137255155860C47F5C12EE1246378A30876EAC2CC8A8E3E3F72A43D3DA120568163034FFCE9332C42FB121B13ECD42414482FDD2F4CBB9B2E7D9CEC529D1FC41687B4F30E18D6CBAE7307D424541DA0D7ABF114D478AEE58AECE86D7EDD55E09335ED8C5AD7134E2C6C1AC30CB97C5FFCED81B2F22AD39580BE28CE42B4789243DF4E56973B0DC18A8A580FEF5B1E5F31F0056B98D18855D5AA300E8935819504BBB2D2E28AF272A5F12F227CBE802F10D8F0282CBCA91A53B0B382794D4DCBCC0258F534DAF3B4DB0CB641165ABEC12DD0AA166392D505BB1693538B68166B9BECA44FD7B5009A0CA3821D00000000000000000000000000004D0F087600000000000000000000000000D08200C10E000000000000000000000000005A1020D801000000000000000000000000400B02043B0000000000000000000000000068416007CFDC6D6E1B0000000000000000000000000000A8012349B2B96D0000EBC2E7F3BDBCBC9ADB0A000000000000000000C02839393962B1B8B9AD0000AB20954A0B0B0BD96C3697CBC5715C138E61B42E47FDD50EA190482420D801CF3E20D8010000000000000000B47040B0039E6140B003000640B003000000000000000068E18060073CC3806007000C8060070000000000000000D0C201C10E788601C10E001800C10E0000000000000000A08503821DF00C03821D003000821D0000000000000000400B07043BE01906043B006000043B000000000000000080160E0876C0338C31C18E0AA17E1204A1542AD52120D801FF2140B003000000000000000068E18060073CC3300A762C15BD7AF5BA76ED9A46B303C10EF80F01821D0000000000000000400B07043BE019C650B053AB75EDDBB76FD5AA557070F0962D5BD49A1D0876C07F0810EC0000000000000000005A3820D801CF307A829D5AADEBD0A143BB76EDC2C3C35D5C5C6432D9C2850B091520D801FF1540B003000000000000000068E18060073CC3E80976D4DF1933660406060607073B3939F1F97C1E8F47DDFF03060C50281420D801FF1540B003000000000000000068E18060073CC3307AD81946030F3BE0BF0508760000000000000000002D1C10EC80671863ABC46218ADCB517FB54340B003FE2B8060070000000000000000D0C201C10E788601C10E0018682CC1CEBE55FB765EE21B77D39A3B43000000000000000000CF1A20D801CF3020D80100038D22D8B904741D37BAE7AD837BEFE4543477860000000000000000009E3540B0039E6140B00300061A2ED8D9BA86BE3AF5FFECDD097855D5A1F7FF9D8924848410C21002090964609019C28C539DD0B65AEA8456DBFAD67BDFFF637B6B6BFBFCDF3EFFDBA7F77D7AFF4FB5D5B6BEB7B7F66F158B54AD14DB2A8AB6B6CA5886AA54C430051209040910660224FC73CE1ECEDA7BAFB5CF393BD3399BEFE77D9EFB9EECB3F7DA6BAD73823BBFAEE1C6BCB64F5F7C72E981DE6E0E70D9489D38EFFA3953C7E466665C683DF9F13FD6BDB9666B7B6FD709000000DD84C00E0146600748743AB0CBBAE9AE7BAE281978EE78C3B25FBED0DCDBCD012E1363E7DC74E3DC2BD223072E7EB8F68DD7D76DEFED7A010000A05B10D821C008EC00894E067679C3A67CE9DECFE4689A15D80DAE983C2AE7C4860FF6F476CB80002BBCF35F1697F6CF120F9D3B5EBFEC972F129A0300000412811D028CC00E90E8646037EEAACFDD3CA3BAE345DBF9C32F3DF1CC27A16323BEFC6FB7356DFEF31B5E837D463DF8DD45C7B7AD7E71E506EBD08D773D38A124FFB20F1D06CDFBEA5706AEFFD11F3E0EFF34E6F3DFFD6C95A6EDF89379E03262B45D7759F68097F207BFFBC57CE7C196977FF4545D57DD21D4FF5A6CDDDE71EAEC23CFFC7ACDE1DEEE15000080E022B0438011D801129D0CEC662DBC6BFEF892F0CBB60FD7BEF6FABA5A4D4B5DB8F86BE38665AC7DF5E5F5B54D8AEB9C819D9ED6698C121203BBD0CBD9472ECFA42AD4F6CA9D660614CA8E06AE271112245460070000806E4760870023B003243A19D8D5DC78C7951346EAAFDBDB4EAF7FFD0FEBB6EFBFE9AE07AF088D956B78E9E9979A2E4AD7C1B705768515B316DF365FBBDCA33A5D24B0730526E100AF30FCB279BD986555D906A0D98F08176991816AF6B26D3FD906B69917D8CEE88520D1DE2B71B7D776307C2CBE6E517797BDB784CFA5BB752EB093375F6C4FF3FAF54766CFD6CCBEAADC19FAB1CA387B47957156E4EBA18FB00BBFF8D3CECACFEA85F75C77000000041E811D028CC00E90F017D8E5140ECD3E7BB4F9F4F91153AFBDE3DAA9699177DA4F1E3DDE273F3F33B5E337EAD2F6BFBFF6EABBD289B1B6C06ED6C23BE78F1FB27AC5B20DBB2279DDA8D9372E9A37C1FAB13E321CCFB876F3B17CF38473FAB57AF097E5BA5978D4DEE62F7C7791D6F0CFA75E78432CBFC538125A116C887648480C437731CF0FBD16C3917FAE59FEC6FA6E5AA4CF8CA69A1DA9982D2513469CB926CDDA0EB8A3B81D5112A8D00F553B9C299DF0D2C87A7A748E6A67DB6B1FAFA7C5DD2D311FEFB989A1C3EE7DE8CE617D33C44317CE1C886DA76655F3C56E126250FD138FF490998E464E1703BB4878CAB8480000802E4460870023B003247C057685777C6DE1E65F3D57A76903CB6B167FF1CA6CED626BAB969999EE38EFF4E1DDBF79E6F727242588819D188D19C2115EA9E39A7AE1FCD68686FE2525423617CAEC76691531077646069798815D7878923D11B32F6D27642EE1173B7654693BAC2CAFE37555956C32632C43C6841B4903BB319FFF6AE11173EC55F77481B3CA55626FF86AAF33B08BB75B14C71D1F4ACFAEE436FF73F7CCAA2E168F34D66E78FE8FAB7D7571E4AB641F6C6735D396156BCED7B6C04E11046B73E6CC993B77AEE3E66BD7AE5DB76E5D8F74180000407223B0438011D801123E02BBB10B6EB97966D9BB2F2FDB58772435BDE26BDFBAADBF7676CBDA8FC6CE9EDA3735C57EAE6A8E5E24B00BAF5E97651F5EA7EF80796EF98F9ED253317DE8DC397B7C66666D46BAD7628BFCDC21A0ED881508C61ED83922C56E6386405A64E05388330CB222A8C27028F227EDB3FAB0B8F0F8B88E9F6C9369C5799BE240299130A5B4E35A6B909523B06B9EF7D539CDBF0ECD88ECD1D5CD84C8688C9FF6CA03BBD8BB4575DCB5D25E8F6EBD30F8EE7FBD7B445EA6FE43EB894F7EFBDFBFFD348ECB9DCD6F7674921547DA5A293632BEC04E736576A475000000B123B0438011D801123E023B7D89BA4375EFBFFCF2DFAAAEBDF9DAA99529E1016E5AE5B5AE617167DF09E77AAE322263D6A2ED321139B34588CFB2EC5785533FCD0AF8A205767A5CB8ADFFF8F15AC206761FBB26C17A0576A155C5420996169ECF1A09D48C50A639329D348645D9AA76B806538D31EFF2D5C275D63D7B723B82CEB5573625369E6EF1CAA16CCBC1F5E0A26DC3C7CEBEE5FAD9797D8CF9E86DE74FAC7FF3D5F5DBF7C770A9BCF93D10D8694266475A0700001017023B0418811D20117F605778D7BF2C2EE9EF98781A1A4977A0FFD8FBBF76737FDB20BB93AFFDF2998F8E9F7315628DB0FB54CFE31C934CA5ABD199D19E6A0AADB80A9E5760D771F28C119A7D92AC3EA6CF399BB6A557033BDB2260DE5362FF644457C6C033CD15A4382E522750D23CC678B97EFDC081CDBF966D87D133DD220676F1B5D711D8C5DD2DDE3388CD54B5A746D865F41DF2999B6F18573634D5F94E7BD3DE8F56BDF6E743672E785DAF6ABED794D82E0BECB47066D7F17F49EB000000E24260870023B00324E20FEC06DEF1B5C52307648B87CCE978CE2C4FBD0ABE730DBB7C73E308EB5D7D549D19E489A3EA3A15D8FD7E4BCBE2DBE6EF0C15AB3D98E8819D18D9796D3A61C52DC67AFFD208C61809A60FABF248A622598E23B0AB526CA6DA2DEC1B16B8A6C4C6D95ECD15D8C5DD2DD2E3F6FD727B22B04BAD9C32EFEAF9D3FABBD68BB45C6C3DBE65F55FD7BCB7B35D7586B2F98EF451DC74A22B033B000000F84060870023B003247C4C895DF0F97B6756D92E3157BBB72DAAA579AD826FDB25D6BE61AB31BC6EA730E64E3FA209819DEF29B10D5A4965FFE3AEE02F11A7C45A3FCED622A3EC8CC99791A997B254C995B485EDF85364EEA8345809BD5BE5AED10E7D3C9B909FF54C10639B6B6ADF7422DEF63A677BC6D52DCAC0AE59F86C8CE3DD1CD8CDB8E18B574E2C4F897EE2A5BAADEFBCBC6A93EA6D45F3C54E6F5EBFDEDC5A84C00E0000200110D821C008EC00091F815D7EC9D4C5775CD3CF9CFA7AB1B5F9D56797ED3C7E2EBF64DABD775DD3D73CADEDFCD13796FEF6A3E6D3B2326C819D35C04D1F4F67DF6242B306DC895362F3239BC6C6B1E944D6F1E35AFFCC4DC640BCC40CEC7A91247022724928B316DE357F7C492C67366C5BFD82F1CB050000802020B0438011D801123E023B4D4B9D72D5CD57CD1893AE69ED6DA7D7BEB67C436D53C7D1F99FBB675675B17EC6A5F6339BFEFCFA3B1FEC5194E008ECAC45EB5AC2A3E4E41354CFD946D81DD7FA8B67B408C3EB34556027EE2D4B60E74260070000002428023B0418811D20E12BB00B19326A7C5571FFC61D1FEE3974A2E3C7ACC88E13975A0ED5FDED8DB776868F2B38033BCD39502EB28C9D165EDE2E7FDA172694648557A9EBAFC7677FA9D716CD9BA0C9F799550576E714EBDC11D801000000485C04760830023B40C27760E7307CF2959F9B3BE670C3BEF7B76CDAD578A43BAB4C7C06000000E0F24260870023B00324BA2AB0EB410476000000002E2F04760830023B4082C00E00000000121C811D028CC00E9020B00300000080044760870023B003249230B00300000080CB0B811D028CC00E9020B00300000080044760870023B0032408EC0000000020C111D821C008EC0009023B00000000487004760830023B4082C00E00000000121C811D028CC00E9020B00300000080044760870023B0032408EC0000000020C111D821C008EC0009023B00000000487004760830023B4082C00E00000000121C811D028CC00E9020B00300000080044760870023B00324F2F2F20A0A0AD2D2D27ABB22000000000089B6B6B696B0DEAE08D02D08EC00893163C61C3D7AB45FBF7EBD5D110000000080C4A953A7060D1AB46DDBB6DEAE08D02D08EC00898D1B375E7DF5D53939397DFBF6659C1D00000000248EB6B6B6B367CF9E3A75EA8D37DE983F7F7E6F5707E816047680DCC68D1BEFBFFFFE4F3EF9A4E33F06BD5D170000000080212323A3A4A4E417BFF805691D028CC00E00000000000048200476000000000000400221B0030000000000001208811D000000000000904008EC00000000000080044260070000000000002410023B000000000000208110D8010000000000000984C00E00000000000048200476000000000000400221B0030000000000001208811D000000000000904008EC00000000000080044260070000000000002410023B000000000000208110D8010000000000000984C00E00000000000048200476000000000000400221B0030000000000001208811D000000000000904008EC00B973E72F1C6A3ED276FE9CD6DEDEDB7501125E6A5A5A9FCC218503B3FA64C475DDFEFDFB7BBBEA000000484AC3870FEFED2A00DD88C00E903877FEC281C6C6B6CC9C4B7DFA6AA969BD5D1D20E1B5B7A59E3F9B7AFED4B061C5716576FBF7EFE7490B000000F1E231128147600748D41F683AAFA55DCACAEDED8A00C924E5DCC93E5A5BE9B0A1B15FC293160000007CE031128147600748D4EDDB77B1DF20C6D601F1696F4B3FD55C3EB234F62B78D2020000800F3C4622F008EC0089BABABA8BF9C37ABB1640F2496F39505E5E1EFBF93C69010000C0071E23117804768004811DE00F811D0000007A008F91083C023B4082C00EF087C00E0000003D80C748041E811D20416007F84360070000801EC06324028FC00E9020B003FC21B0030000400FE03112814760074810D801FE10D8010000A007F01889C023B0032408EC007F08EC000000D003788C44E011D801120476803F0476000000E8013C4622F008EC0009023BC01F023B000000F4001E23117804768004811DE00F811D0000007A008F91083C023B4082C00EF087C00E0000003D80C748041E811D20416007F84360070000801EC06324028FC00E9020B003FC21B0030000400FE031128147600748042CB06BDEB9E5FF7E69CB49E1C8CCC9D3FEEDE669BD5DAF84B3E6B53FFED7FB07AD1F65BDB4EF3BFF7B5583F9C36D57DD70FBDC91D2A27EB774D98A7D2773F38BFEDF873E5728BF9B5154C9C8CA47EFBDBAB79BDE6508EC000000D003788C44E011D80112410AECF4E4C87DDC334BBA0C35FFF4C93FFDBDE5BCE3A898A6B9734F4D117DD6ADFDEBFFFADB4ECDB393ADCF85C08E272D000000C48BC748041E811D201198C0CE4A8EA4186767B13ACA8ACFAC40CD1A46671EC9FDCFFF6771B9EB478B98EBA9023BF11C023B9EB4000000102F1E2311780476804460023B2B751293A3A08EEDEA0CB34FFAFC5F777C765E65A89FAC4CCDEC25E70C562BE31327C63A26D52A023BDB68BE807D0A0476000000E8013C4622F008EC0089C004769A11211DB172284D88A2AC117656CCE40A98224BB689C3F11CD36CED91936D953793310CCD35ABB48F5831AB1A420466655B4609B19CA3B982334555BD38023B2B9EB3FAC195E849661F4B033BBD6EB9F9FDB496532709EC78D202000040FC788C44E011D80112410AEC5C8C784BCC9284784B9EA06991A04ABED69B509A32B0D314F373ADE8ADAB023B8F89C0B1A763D68DF486CBEE6BB4D46ABB304976CE2FED6F09F4ABFADC73D5E83FFE6D3B811D4F5A000000F081C748041E811D2011C8C04E8CB11CABD789C19C901FD9B239FD12D73C50EB1C2BE973C658266750E85E36AEAB023BF7F273EED170DEC491807A21310676070654853B56D50946DD3A3AF39E4A2DAE2A250B023B00896977CBEE47373F7AE8F4A1F64BEDBD5D17206EAFDEFA6A6F570148383C4622F008EC0089C0077661AA09A4F2E9ABAA1D2A5CABBF29B32A077788D6D5819DC782745EA4BB46C412D809E46F991F41A89E79716688C982C00E4002DADDB2FBDBEF7E3B233DA34F5A9FD494D4CE1708F4A496332D0476801B8F91083C023B402290819DC5CA9E1C49596E7EC170EDD4C72DE7C53165D6417760674F00E30AECE4BB2EA8169E0B730676B19CE3B1DE9C8A3DA68C447E5D11D819ADD64B8877D05FB220B0039080BEF6E7AF1D3B7F2C2B3DABB72B02F841600748F11889C023B00324821DD869AE3168663657F4B932EDF9F70F8623A4097ABA3473F2586DEFEEBF0B819D7B6B85B0E8819D6BC70943970776AA85F6B4E8E9986D013EE9F6AFBE033BBD04AB020476BAEE7FD23AFCC27F2F6B38D1AAFF50326EDE5D37CF16DF6EBF707CD3EAF5DBF7EC3D71EA4CEB85364DCB5FF4DD0747F57CC7A18BED79EA47CB5BCC1FF4CF7DFD6B2FACF9C8FAFD8E7CD07BD6BDBE7CED8771969F39EFD6C5B32B07855FDBBE6357CC5D74D31CBE4109E7F37FF87C4E560E63EB90A408EC0029023B041E811D2011A4C0EE774B97FDB9A59F7425357760F7C8F5C58F8552A4DC47EEA8FA65E845C7090BFEF1E6BB566027E6657A7415F394D84816A6BFA575DB94589D34DAF34CC794699D260C278C6DD49EBB139419A24E35E338E924576077F6D8DE577EF7EA272D6785F309EC8281C00E36B7BC724B7EDFFCDEAE05E013811D20456087C023B003248212D8451228315412922C5B0A164E97E63C1FCE958AF3FB35B69C128F8413A591EE682CC6C02E96C0AB0B033B61BA6EAC0BC68923071D699DB4B6AEFD37243D4F6017550F0776038A465DB9606E65E9D0F04F6757BDF8DBADF5CDF6F3B3275D7BF5ACA9E3F37AB4DBD0E56C819DFEB9377FF83721B08B7CD0BE02BBF451136AE6CE993E342FD3F11D1B563E69FEBC59A543F9062516023B2435023B408AC00E81476007480425B0F39E40EA5EC32E942E9D706E263BF2A792C0CE88E7845C2CD6C0CEBC6924C0EA86C02E52788C0BC6796CA16B31133DC7D616B6617DA6E80BF9312556D78B81DDC16DAB5F5CB941CF5053D3B3465654971617A6857ECAAC20B04B7A3D19D87568DDB9ADF664EB45FDBDC2E20A02BB44436087A44660074811D821F008EC0089C004769E03BB9CBBC49AE992352E4FCFE03421B09BE691009A095AF429B1CE7A78EDC4EA27B073EFAA11351D532CCCA7490B1129D23D02BB58F55E6077F6D5A54BB61F38113E9C3ABC626275E940F31202BB006878E689970E9F6FD77F18563EA966C6C48C031FBCBC7AABFE049392D277D23557CD740576E95903A6CD9DDA4F5E66F3BABF7C604E9F26B04B320476486A04768014811D028FC00E9008506017E24ED91C31933DB033D22BF3C76631B07394160E9BCAF570CA0C9EA26FC510164A03B59DEBC245D996D2D33A17D8E54562B54822192D1D5386899AF3125B002A9B0C6B2B90C02EAADE0AEC8ED56F5EFAE25FF5F025AD4FFFA9F3A7E7A767168D281D5C90CBA2F48170F68FCFFDBAB6E974F875FAA809D3268CAD1A7871DFD2E5EFEA5F858CEC826973664DEAB2C00E898EC00E498DC00E9022B043E011D80112010BEC801E932C81DDEA3F3EBFA1B6513F38B0B872F298D2412515258372C52BED7B147871ED33D0BEE7C34D5BDEDBDE74ACE55CEB05FD505A46665EFEC051D557CC9F3D29435688B55FEDD1E3A7DADA43FF9DCDC8CCCA1F3074EC946933AE18155B8C28CE0315774568FF60CD9BEBFEF1F1A97065ECB5BDF0C1FAD51FD6EE39D27222BC49AEE671DFC33BD72F7B658DDE95F923AE78F0EE1B76FC63EDA6ADB5878FB65C68BB94929AD67F60D1C4E933ADABC4F3BD65E6952CFED7BB0675A2F7DCDE79E5D98D3B3F0DBFCC9E74ED9CEAD0A8B796A71F7FE9C885D0B0BBBE05C5B3A74EAE9C322ED715D8D55C73E5F4F195B21C4EEC5EE51A76D24D272E9C695AFDD70D7B1AF69F387D36FCE1A66466F52B1A593669EAF4AAE1CE48DFDE6FCE5D50BCDFED70E6F8FE35EFACDBB3EFE0A973ADA13BA565E4170C92769DD8F0F0BE1CD3DF7BF7AF1FECD8A37F033B2E1C54543AB966CEA4D14363EBF284466087A44660074811D821F008EC0009023BC09FA408EC8AFB1EFECD92374E8443B19494ACB1B36A86F71F5035A12ADB7EA5DFC0EEF41B2FBEF8617DB3EABF943905655FB87F5151862D823BF8F1DFFFF4D6FA9673176457A4141457DF7AC7CD851951533B7960B77DDDEBAFAFFDB0CD55DBF60B07972FF9FDDEA3A715A5A514965E71E79D37E6585D690BECC694A41E9635336568F9E4455FFC4C8ECFC0CE4FEF49ED5AF3EA8AF5DB3563D05C4D5545F5D0BCF615CF3CBDEBF0998E8305C346CF9832A17A5C4566B70776EDEFFDEDB577B6D45E6897B62965D8E8499FFDECB5FD85167522B06BDFBEE12F7F59F7C1D936C9BDB2F3865D7BEB67C70EED1F698FD0F01163A7A437ED907D19D2464F9E7BEB7533937DE429811D921A811D20456087C023B0032408EC007F123EB02B9F5835ACFEA37FEE3DACAF5EA7F51B38A2667255FEA092D125831C57C61ED8891B83FEFDF597567FB8CFFB3F93C3AA67DDFBB9F9912AEEFCFB0B7F5C7DB6DDEBA281A51317DF7943B6E64D9A281D7DFEFFBCD8783AB290A559DB0CD926B90E2963662EFCEC8271663D235151E8F940F93490525C5D73F7E7161C8939B0B362B2F7E3EF3D0F8D75B54DC7F404CA5A97F0F4F60F76E87956565EE1B88A52ADAB033BFB2EB1EDEB5EFBDDBA8FEABD5B943768F4E7EFBDD54A21ED919C73DB628F771DC9AC5B5AE6C09B16DF35769091C18A0DD71FFB14D7A58C9D79D32D0BC6C7D2E7098BC00E498DC00E9022B043E011D801120476803F091ED839F4E93B7052CDA4BCF4ACF22BC60CC84873BC2B0676D90386CD993A5678F3D43FD66E3976CED864C0CA68DA2FEC7DF6FFFCBEF9BC9E99A40C185A3AB6B22CBB4FEA89A34D3B3FDED972D6184097913DE8F687BE3CDCF84FECB1E5BF5EB6A7F9B4F9567EE598CAA1057917CEB6ECD8B6FDD0F13356D7CEB8E9AEABAEF0FE77499228B5EDDDF0D2AA8DE11BA78F1C33BE2CBC136E6171455EEB0E6B153F4D4B2D1A59595156DC27ADFD68D3FEDADA3D672E1ADB35F42D2CFBD7AFDE9EAE77A533804BC92D1852565E36383FE7744BD3CEDADD474E9DB36A5BB3F0EE2BC717B59E68AADDD5A8775373DDF60FEA0E982784A6A98A7341D333732BAB327E1B77EF7939DEB46F77E311BDF06A23836BABABDD7E2C1C5FE6150EAF281DA2756760B76FCB5F96BFFD0F33414BC9CE2D28AF1815FE704FD4D7EDD9DF74B4CD7CA01A3E76CE5DB7CC954D258E35B03B7BECE3E797AC3C6AF45EEAC0A211A3CA4BF3B2333A7A6FCFCE3DD64733A064E20377DDA0DFC8B53D6ECAC02123CA468FCCCFCE68F974FF8E1D7BAC6D345252FADDF43FBE327E40B4C43881C519D82DF8F6F50F4C347F68AAFFF7476AF7F6760BBA4447BB6E3EB8E191652792A2D85E14FA0268DB9ED6C677FCDF7B7FDCD8E5E5972D9EF71F457571944C60074811D821F008EC0009023BC09F240AEC52D3B38B4B478E2E2BCECD1F5C3D6A843BFEF111D8695A7B7353FDE6757FDFD774B8F552CED45993FA5AF5D8F3D1D6BDD6DE2FD9B36E5F34BF2CF48FCCC16DAB5F5CB9411FFF96929235A666C6B07E7DF4932EB51DD9B8F6C3F6CCBEFDFB0F1838685049F9E8B115A5699A0749A254FBF64B1B7786EE9BD57F68CDF4F1FA2A66E16D4CB3F7EFD9B169D3FB079B8F6859836AA6545B3D50B76D4B5D93514C7AD6806BBEF8C549C30668AEC02E2B6FC88C1957F4317FBCD476E2BD0DEF597D923BA4F2C1FB6FBD184F60573D7EF4C9387BAF4B745B6077ECE5FF6F69DD512314CD19306CEAD4B17D84E29AEAB66FAF3BD06E7EF4F36EBF77D6C802CD6F60B779D5CB7FDD5AA71FCD1B5C3A7D4285F5815E6A6BD9BCEEFD1346969739F78E2FCD09DFC811D8F51F3C72DA84D1D655E74F1DDCB2F9E3336D46743BB462D67DB7C534B03131C511D8E52D7E6CD60D8722314D38BC3BFCF4BDEFBDDBDB8D403084D2BA1BFA6A5BE3890209EC0029023B041E811D20416007F89344815D584ABFC2D23BBF72FB40D9702D476077F595F3C757964A8B1507555DBA74F2E3ADBBAC45C4720716958D189A9196B2FF9F7FFBDD1B9BCD35EAB2A72EBC615E3815FAFBEB2FBDFBE13EEB2EB3A78EED93955B32B2A47F4E56FB8533F5757B8F4586ADA5158DAA1A96EF31CAC99928CDAE19FCC6737F0A8F594B19563E616C79515159F9507327DCF3A70FD7D63698554A1D38AC64C4D082B4944BDBDFFEC3AB5B7619A5640D987DE3F5B3C20DB74745A9232A2757950CC8EA3760C488E2BCBE99AD675AD6BEFEA72D7B8C582D2DA3FF67BE72DF44A1B6F678C89943E9E2EDBD2ED14D81DDE19D1B96BDB2DAECAE8CCA29D34B0AFA66E5F42F1E313CFCE19E6B3A50BBEA4F7F6D3E63346B48F9B4FBBE784D8ACFC0EEC4F25F3FB7A7591F8F99563A664A45F180FE8583870F1B9A95917AEEF4F13FFFE1E5EDFB8F1A35AC9879CF6D0B529C9F489FAAE93346F4CFEE973F6844C9B0BE19A9674E1C79E395E5BB9B8EEB6F67E615DDF1C0E2A20CCFC43881C51CD885C2944987ED43EA8ABFBD74FC90551B7EA14D0CE52C366756FDFB9A657BC3199FB5378719C484C79D6DFB60D278FDADAD4FBFF9E377CDB0465288F89671C4480F23BB7E58B9A1FC8E02F985E25038DB28C248C9D26A1827EB4DD089478462ADFBBA1B656BEFFAD9310D319357B2ACFAB1FF2815F742312B16FAA426DA6FB4CC313672C194A50F0C8AA1334307277D106E94E41259C542A76991603754C9BEAF39725EA3E667B66ED5266A8CB0033A8DC00E814760074810D801FE24786037A068D4D891FD776FAF15A69AA68C9A7CF5A2EBA6B9AFF417D869DAA5F3E74E1F397CE4F8A953172E65141664EDAFDBBBFF938686C643E72E58CB8B455298D77FFBD4879FB458D59B3ABEAA6CDC98824C7D126A28C0AAFD675D7B9FCC7EFDF2F2F3F37373FB7AAEFD6F4B94CAC74DC83CD354BBF740C77FB353D37226CE9F39ACFFC031556542E2D27EE6E4C9A3478F9E3C754ACBCCC9CFBAB477CFBE4FF6D5371E6EBE6046666280E5888A265E35BB38AF604C7579BA59DCA73B563FFF870D66AC9639F9FA859F991419E7154B60176FEF75896E0AECB6FDED8F2B37D55AC54E9B3B75506E61656569BA50E2DB2F3FB3A5EEB0D1AAFCE23BEEB97D484E9FD837EB10BA62EFAF1E7BF9587B4C8F677983CBBF78E7E70BB3336C0DCFCC9F3A6FDAD00143ABCA8BAD8F6CD7BBAFACF8FB4EFD755A46DEBC458B6A5C4B3D268B58033B21A65173CC00D5A74F1AE14B38DCB162AC48C8154E6A0ED9032FB19070B075DA887B4285E45851A0599FC86BD51D150DB15D280676D33787AF1292264535CC7C2A920C1AD19823B0B32AE6CE3D25ED8D2DB0735732DC99833E1032CDA2D7CC0ED7C41A961F740676A16A6B4FDB4E5674A6D569B9EE4B14158B14AE6C6059F5E292DA65EF322516E8220476083C023B4082C00EF027F103BBA9E3CA2EB51DDDB8E68353E6326D29297DAFFBF257260DCA715CE937B0D3CE1CDFBFE5EF5B77D7D71F3D7EAA4D9EA12803BBD933A78FAB2C8DBE3C9B9C982889520A87574CAA2E09CF84B5C55CCDFB77BCFFC1F6BD0DFB5B4E9E9156D423B09B74EDDCB1A555230AC57EDBF3DF3F5A6E061DE9A3A7CCBBF13333ACB135B10576F1F55E97E8A6C0CE35A57A624975F5A09C3EF65BBFB67CED47D6ADAFBCF5D6A925837C0576AA8F5E76CD8061372FBCB9BC7880A3E1D3E6CE1C37764C6176867566474D9E7F658DB95F49F6F4CFDDBCA0BA3C4987D8C51AD8D9321715CF25DB8AA5F98EA6497E140A89A44EF6934F4A73B718EA1C35B013EE18899C54D5D053ADC35B276A9BAD2C6FBAB675E220CD16D8E57AF49EAFC04E5A495560E7A8BC34B0B3D547B63E9DD59992DE162E91574C7E820C811DD03508EC107804768004811DE04FE20776572E985B5694BBFE8D3F6EAAFDA4DD3CA9FFB0B15FBBF716C7E0355F815DFB87AB57FD79E3B60B51C63A2903BB8EEA55DAA67AC5459EDA64F62BA81E3B66F080828A89637223FF5DBFB0F6B515EB3F8AB225AB676077F5CC29E3FADB6613EFF9E58F961F372F1D3561D635D7D658BB79C410D8C5DD7B5DA26702BB05B36BAA5DC5EE5A13FA0CAC5BCFBEF1BA9995239BBB3FB0BBEEDAABABCB8B1D0D9F71F595D3AFA8CC12CE747CE2536EBC6ECE84EABEB1DD25D1747F6027CE91744D140D710C3AB3BFEB4C97CC930FCC16676BDAB7BF70DF51609FE6695E680FEC266ABF08DFD136464C5A8DDA127313067D5859787CD936ED81F1B6C06EFD3021478BD2698EA9B24DABA401A8B492CA1176F61E560776FABCD4289D690FEC9C97282A66BD96CE8715AB4060077409023B041E811D20416007F89314815D65E9D04B971A9FFBC5CB874E19C753523267DE76CFFCD1E22E087E02BBC33BFFFEC21F579F35F3A694D4B4ECBE39B9B9B9FDF307F44B3DF3CF8FEA8C1D1914815DFED0F2ABAE9CD7E5815DB8267DC6CEBAE1E6B963AC233B36AC7A75F5566B96696A5A7ADF9C7EB9B979F90306A69F6EFAD0DCE1411DD8F5A99A3EF7EAABA78BA9996BCEECFC49D563C29156B872D1023B1FBDD725BA29B0738571C65280A275AF2E5BBB7DBFD12A33D43BE10C466DBB739CFA74EF967FEE717585A36ED3CA06F7F36872666E61C797596C786A5ABF69377C66B6BDE1AE39B373A6745DB7F7B0CE4D892D2BCBDBBBD736D2CA392576A2158AD946D875496067D5C736DE4D76475543C40BCD9B765C3564B323668A16D8DDBB79C8D2E987EEFDB116BEF6D0F4A59D0BEC228995B14AA06CF0A0BB92CAC04ED31CCBDBC9D6B013EAE3D999DE23EC1415332BF3FBE151F238023BA06B10D821F05A5B5B3FFCF0C3FAFAFA23478E88C7DD815D7E7EFEE8D1A33B7E2308EC107C0476803FC912D875BCFEF02FBF5FF58FDDD620BB01C563BF7ACF2DE2743F1F81DD5F5E7EE61FE692647D720AA7CE98989366FC77F458C38EF7775A63FA229193B8E94466DE906B6FBA617CD70476E9A3264C493BB66FF7279FEA374DEB5370D33D778F3566FE8A7B1468B903874F9E5C6DCDD5FCA4F6831DFB9B8D5294815DCAD091136FBDE37A31BED9BDEEF5156B3FD41F11D232F2A62C983DB6A23AF6C0CE47EF7589EEDB74E2F957569BF34933C6CEBDFE9639E3EC05DAB6912D1C5E356DE258BF81DD91979E5ABAAF45BF48DF60C46BB1397760D7F1898D9A38EF961B6AC4866F78ED85D5E6AF40C79773E68C6963031FD849379D90EC1BABCEDABA6F4AAC55B7935F50DC51B3D7D975612877336EBA60CAD29BCF18CD8C754AEC3623AA7B5A7BC088EDC677D59458798025AFA44760277E5251A6C49A85AB3A5316DD5AF55155CC68C8E155434A3DE6C36A0476405721B043E0B5B6B6BEF6DA6B3367CE2C2828D08FE871DCB973E7DADB3B5EB777FCD8D6D676FEFCF99696E37BF6EC9A376F1E811D828FC00EF02789023B4DFBE4E99FBE74A4D518649692923DFF9EFB670E8BC411AB5EFCD5D6FA63FAEBBE05C5572D981735B0730C979B36BE3C25352D332BAB6FDF9CFA0FD66CACFDC4BC3C12391DDCB6FAB72B3798F94BC61557DE7C534DA579DAD95797FE66DFC994A1C5C5234BCB2A2B2BFAF7CDD0BCB88759F5F970D3A643278C7D6607944C7CE0AE1B525DF52F2A9B386ED4A0D4B4B4704DB3FFB97A95B5A3A83AB0EB78ABE0A6AF7C694CAE95F01C5BFEEB657B9A4FEB3FF41B3862E6E409A38539B351033B1FBDD725BA29B0EBF86C97FCFCB787CE1A9F6D4E41C9DDFFE3AE02A1B8EDEB5E7F7DED876DC6D72F6BECAC9A91438A3ABE63BE7689D556FF71C986DA43C6D7287BE075F72C1E5FE0B1A1B0FB13D1FAE60FBFF3C1C556CED77E61DF92FF5A7ED8FC05291C5E3575C2D86AFB9CD92412736067843E5ABD3814EE818991ED4135496067A554C644547D82A76DD3096103075921B16C3AA109A999FC8E8E56788CB0B3DD3DC64D2784F168E14649C612464249D79C501F23EC5495B4176E9F126B555E1AD809495FB4CED48C0E14860DCA062A3A033B73889FED0BE3466007740D023B045E6B6BEBB3CF3E7BDF7DF769E1A8AEADADBDFD52E8FF9D3A75BAAD2DF453DBC5B6B3E7CE9E387132BF7FDEEA35EF7C71D11709EC107C0476803F4915D8699B57BEF0B76D0DD67FD20A468C7FE0EE857ABCD47EE1F0F2252FEC35473FE9DB41440DECC48C2F353D6BD4F8E9375E37EBD289439BD6ACDEF2D1DEB648ADC414E6D86FFFFB379F98995A5A9FDC79377D767AD5F0B633CDEBFEFA57F1AAE2EA59F77C6EBE6763DD89D2D4E6F7DE5CB571875948C6F49BEFBE7A5C47F38FBCF4D4F3FB5A8C9BA667E65D3173DED533C79F6EAE5FFB97BF7E54FFA9D5271E815D87ACBCA26B6FBC6ECCC8A1279BEBDF79E3CDDA03C7B4C8DDA78D2A1E52252C791635B0F3D57B5DA0DB023B6DDB3BAFBCB171A7393030257750E982AB177474D7B9E34D9BD6AC79EFE3BDE66A7D2905456593C795E70F2E1D3DA2D05F6077FAF07BBF7EF62F67CD27B49C0123AEBEE9BAB1C30B2F9C39FEC1E6B51BFEB1332BBFA0B8B8B46CF4E88A51C333249F48A81A794346DF74F335A585B94DFB3E7EFBCDB7F7B718DFFFD4B4BEE36AA68F1834786CE0379D30882B9A39568ED3DC6BD885B716D55F6E7DFACDCDD31D1B350C0A97E49C9EE95E084F58D6CD3AD9BE149D150329EE28D4517EA17ED3D78A66455AA739CF915543181E28DB14D5B197857E5FC7B27ADE6BD809FBCFCA3E02A192AB56E5DCD07161E47C33B06B082565DA2AE52C63D77DBD3B3332B6D17189A6A898382B561C8F29456007740D023B049E1ED87DE94B5FEA78DDDEDE1E8AE8C28E1F3F79F1E2C5B68E0317DB4E9F39D37AAEB57FFFDC75EBD710D8E1B2406007F8935C815DFB85DA5FFEECD5936D46A2929A9673D57DF79FDFF8AA3513D6943AA272F2C4F115E32AA20476FBB6FCE5E5B7FFD11EAD4E8E05E00E7EF4B7DFBDBEF99CE74E0BA9197957DE76DBA4118332D252D5674913A593CFFDD7D2A653C6D4CC7E85E55FFEEA173BFEF6DCF2D6EFFEFAFEDEA8FF39179736734C894D49D114CF0346FCD4377FF0D8512322958B16D8F9EBBDCEEBBEC04ED38EFC7EC9F23D875ABCFB3967C0B0A953C7F649C92CBF62CC808C347F815D873FBFBCE4FDBA43DEF74ACB1C78D3E2BBF499D162C33D3ECE8E6FC1B0F2B163CB87F60FE7895DD4EB3D2DCEC0AE4B28F621ED7D924D331CC3C41240C256325AC5A2EC0FEB13811D20456087C0B3023B7D785D78505D28B66B397EFCE2858B61A1F9B01DA7F5EF9FBB7EC35A023B5C1608EC007F922BB0EBF0D68B4FBF5F1F59C37548F9B4CAEC4F1D815D4676C1D439538A0A8B850B5519CDE9154B96EE3E74DCF59FC994BCC2E1B929C71B0FEB7FE43916803BBFF92FAF6FF8E7EEB317DA3499B48CBEA3C74F1C3130A75F41515599C73F4DF244A9F69D575E8D8CF34A1B7FE51716D694B55F6878FEE93F1C3C71D65548CAA0E165974E34361BAD8B2C6DE6888A2AC615D57FBCF7BC33674CC91B387CD2E4AA3E5A7A7165F5D0C884D9587689F5D77B9DD59D819D76FCD09EBFFCF9DDBD079ADB14E1E6802125575C51D1A7E3CFFCC2E2D1A543533C2339CDF3DD8BADCDAF2DFFD3EE46D5BDB4B43E39E3A72F983571546E6EDF5457C3471665EFDD77D0756DEAA0E1E513AA47A6A665958FABCECF48D2017604768E8A2566169614958C52B1B2EAC7FEA7F60BFB90CC2E4060074811D821F008EC0009023BC09FA40BEC4E7DBAF999257FB32612A6A6E5568F1DBCBB76DFF9707696929AD6B7DF80D163C70EEA9739B8B46A44618EB45831A339D55CBF76EDC6BA4F0E9C3E7BBEFDD2A5F056A7B9C34A46960E2B6CAEDBFECFBA03FA9D32FA0EFAFC03F796671B6BD29D3FDD5CFBF18E5DBBEA9A9A8F9C095FD871302D3D2333AB6FE190A29125C57DD25252D3B3CBC756F5F74A4C5489D281677EFEE2E1B317F437B2F347DCFFE0DD1D753DFC49EDBAF59B3F39D87CB6F5FCA5F046B139B903869796150FCADBFBD13FF61C3466A7F61B38F24B0FDC912B898AE6F43BD9BC7B575DF3F15317DBDAC596A608F153A472D1033B9FBDD749DD1AD869DAC5C6BABAC6434D0DFBEA0F351F397BEE7C5B28E24C49CFE893573070F888D2C1F9A12F55766E61656569BAFEDDF21BD87538D4B07BF79E3D75F50D478E9D3C7FFE82B10188EB8B54565D999F99EE68F8B479D3DA3FDDBF7B6FC3F153673A2A297E1F3ABE1D85C565A5437B38F0EA4A0476E876FA7460AFAD69FD23B003A408EC107804768004811DE04FE205761D5A776EAB3DD96AACFD9F6B1B28177260EF8E83474F593FF61F54D2EFD2B1C6E693E23919597955E32A32D5C51616579819CDC54FF6ECFEB4E5B4BB1E59FD0A72335A0F1F33DE2A282A2F1B36C07AF7ECF14375FB0E9EBBA81864979E357CF4E8C29C4C2D8A13DBFEB1CB4C73D28BCD4D5A4F1E6ED8D570D8FC8F77DAD0B2CAE282BE972E9DADABDDD372A6D555484A6EC1E0B4D6632DA7F589B46945A3AA86E567BBA3A229A3061EDC7BF0826B326F4EFEE0D1A346A4BB2BD754BFABB1D9FC29B342B20E9DCFDEEB24B162E999B9D5F2C04ED9BDEA2F83AEBDA9616F53734B9BFCE9A9A3B7879497158BDDD57AA2A97657A3B91589B3A33CDFBD74E893BA838755F70A7D918A46960FE91FDA8FC29D54560ECC3C70B0D9756D6AFEE061E52386A46849AC37023BA0CB10D801520476083C023B4082C00EF0271903BB8BAD473FFE68EF79F3BF6C2969D9830A328F1E3D79B1CD18649795DD6F44D9C8DCCC748F62ED19CDA513CD4D070E8546AEB55FD2C25B9DF62D1C5A347840EE492118CAC8EE5F3D76741FA1C44B972E7CDA78F0E8F1E3E75A8D99A669E1C151F90585430717A4A5C41298C49428F5C91930A6BA3CDC9EF6E683FB0F1D69696DBD101E64171AD136B8A8B82037ABA97EA7955A66F71F34667449B36C6C57F6B9938DFB1B5B4E9D6D0B0FB2B35A2AAD6B0C819DFFDEEB8C6E0EECC21DDDD67AF8E0A1A3C74FB49ED707D96969E97D72F2FA0F193224AFAFF36E9D08EC422E9C3B79F060D3899367CE5FB8680CB2937D91A4430B2F9D3CBABFB1E9D4D973E1417691EF4317F574AF21B0435223B003A408EC1078047680445D5D5D6F570148568917D8A16B784FC644D289792E701010D821A911D801523C4622F008EC0089BABABAB8420700BA787F7778D24A22047601436007240B023B408AC748041E811D20416007F843601760047601436007240B023B408AC748041E811D20416007F843601760047601735905769FFFC3E773B2725253527BBB22801F047680148F91083C023B4082C00EF087C02ED8A26E7780E412F36E1B49EF81B71E3871FE44664650DB878023B003A4788C44E011D801120476803F0476C146601730974F60B7E3E88E47563F929991D927AD0FE3EC907408EC00291E23117804768004811DE00F811D80C4B4E3E88EC7B63C76F8CCE1F64BEDBD5D17206E0476801B8F91083C023B4082C00EF087C00E40A2B9E5955B7ABB0A40DCD253D387E40CF9F6B46F8FCE1FDDDB750112148F91083C023B4082C00EF087C00E40A2618B5824A3F64BED172E5E68BDD8FAE8FC47AB0AAA7ABB3A4022E23112814760074810D801FE245E6077F885FF5ED670A235F60BAE98BBE8A639A3CC9FF63CF5A3E52DE60F25E3E6DD75F3ECF5AFBDB0E6A306F358FEA2EF3E382AF6D201F438023B24AF7317CF0DE833E0579FF9556F570448440476083C023B4082C00EF087C00E40A221B043F26ABFD47EF6FCD9159F5DD1DB15011211811D028FC00E9020B003FC09406037AC7CD2FC79B34A87EADB9FDA02BB0145A3AE5C30B7F9C3BF09815DF6A46BAF9EC566A9400223B04352638B584085C00E814760074810D801FE10D80148340476486A0476800A811D028FC00E9020B003FC49F0C06E40D1A8A9E3CAA25E53585C6106760DCF3CF1D2E1F3EDFAF161E5936A664CCC38F0C1CBABB7EAFF214C49E93BE99AAB6612D801098CC00E498DC00E5021B043E011D801120476803F810BECCEFEF1B95FD7369D0EBF4E1F3561DA84B155032FEE5BBAFC5DBDC48CEC826973664D22B0031218811D921A811DA0426087C023B0032408EC007F123FB0BB72C1DCCAD2A1B15FFFCE2BCF6EDCF969F865F6A46BE75487B2BC96A71F7FE9C885D0B0BBBE05C5B3A74EAE9C322EB73BDB00A03308EC90D408EC0015023B041E811D20E13FB0DBBFE291875FAC9FF7ADDF3D54631DDBF8E4ED3F59A3BFB4BF21B9D27D9670B5D7E5AABBA88A55D6562CCDEB7ED29A47A923822F7881DDAE35AFAE58BFBDE3457AD68069736BAA2AAA87E6B5AF78E6E95D87CF741C2C18367AC69409D5E32A32BBB30D003A83C00E498DC00E5021B043E011D80112FE02BB486426845662DEE67C4F7AADED2CD7D5A5773EFED86DC3A35EAEBA5E5A31778DCCF7A2876FE1B04E132A15BE94D0EEF215BCC0AE43635D6DD3317D566C668531FBF5F4F60F769C6D0BFDD7302BAF705C456977360140A710D821A911D8012A0476083C023B4022FEC0CE1865565A5A5A5F5F2F045D7AF4A5C76CC6399234CBF68E30B84D3F6E847462518EBB2BEE52AC2856595BB13221D182B7D0A91B66392B14BA9366DCBE7151B884709925D6BD8D6B843B298248249D040FEC145232B3B2F2F20795568C993F7B5286EBEDE34DFB76371EE978919E995B3DBE323C98AEADAE76FBB1D3E73B5EE5150EAF281DD29D4D00D0290476486A0476800A811D028FC00E90F015D8FD4CFBC663B735DAA792DA12373D33934553F609A891D334776027CBD054776954143B5C51DB4859F3EEBCB3E145F96459C77D8D444E7A3C92D86D7CF291E50DDAAC8E5B0EEFA8C6F262A36D56D8274FFE90849233B08BC8CE1B76FDA2DBAA06E574679500F4A83803BB05DFBEFE8189E60F4DF5FFFE48EDDEDE6E4197E868D7CD07373CB2EC445214DB8B425F006DDBD3DAF88EFF7BEF8F1BBBB864F3ABB5F5E9377FFC6E6C9711D8012A0476083C023B40C2FF1A761E6BBF451B2167BD23190B678A3ED754BC8BBA58556DAD03B736AA56B7B3DF2B9CBD0D57BDD11809E75E692C59A3CD8884789A310C4F5C6B4F16FE21C9247B60D7213BBFF48B5FB9BD2823B53B6B05A0E7C411D8E52D7E6CD60D8722314D386139FCF4BDEFC518AD002AA1EFD21033FF2DAB7EEC3F4A0FC598D911D8012A0476083C023B40A2EB033B635538333D1373B88E638B1A1F56246B8E45E88C731C97DB17908B1C8A37B0B38FC1EB82C02E14196E9A114AE71E699C316BC372ED1B8F15BF123E526C0F22DD4D41920A4060D7614865CDFDB75ED99DB502D073620EECCA16CFFB8F4987ED43EA8ABFBD74FC90551B7EA14DFC8F1BFADA4F3FB3EADFD72CDB1BCEF8AC7531B71A615F78DCD9B60F268DD7DFD2875385CA971722BE651C31D2C3C88A9B566E28BFA3407EA13814CE368A3052B2B41AC6C9E28830F18850AC755F77A36CED5D3F7BDE7F14D5451DBC26AF6438EA12D721352B16FAA426DA6FB4CC313672C194A50F0C8AA1334307277D106E94E41259C542A76991603754C9BEAFD972DE50F5347B1FC63A3291C00E5021B043E011D801125D1BD899F19A9047C9023BC9DC55DB945561E2AB2609EC247751CDB41D2EADED7E59861675635BAF29B135C64CE16F683F7BA5F8B1199B6EDF34E3F1E2E5E1C9B81A7360032AC103BB0145A3A68E2B13DFBED476BEE5D8D1A683079A3E3DD666FED72D353DEFF30FFF4B454A4ACF761E806E116B6027C4346A8E9C459F3E69644FE170C78AB12221976B3895A39070B075DA887B4285E45851A0599FC86BD51D150DB15D280676D33787AF1292264535CC7C2A920C1AD19823B0B32AE6CE3D25ED8D2DB0735732DC99833E1032CDA2D7CC0ED7C41A961F74067691C8CC3A59D19956A7E5BA2F5154CC96C7C5D0C098BE6C06023B4085C00E814760074874616067C6609E83D5549B4EC802356941F2BBA88A95D736FEC0CEB1F49C319CAE66A330DBB5E38C57B4590D1BB46F3C3663D3233FD366956CD06E3557E4D3D84C3678922EB0B3347CFCFECEF0CE1261E96366DFF8D979637BA0C70074B758033BE7182829CF8151C5D27C47D3243F0A85445227FBC927A5B95B0C758E1AD809778C444EAA6AE8A9D6E1AD13B5CD5696375DDB3A7190660BEC723D7ACF576027ADA42AB073545E1AD8D9EA235B9FCEEA4C496F0B97C82B263F41C1968D46456007A810D821F008EC0089AE0BEC1C535A433C16B8739DE4BE3CA6ABADF314C5AA6A1B11D39458F33CCD3EEBD63DCACF5C52EF91E50DF5258BAC28CF71650333620320F103BB2B17CCADB44DA7D23AFEF377F6D4A90FDF7DE39D8FACC43A7DD4A439375E3F93BD278000E8FEC0CEBD998024A212069DD9DF75A64BE6C907668BB335EDDB5F786E5F609FE6695E680FEC266ABF08DFD136464C5A8DDA127313067D5859787CD936ED81F1B6C06EFD3021478BD2698EA9B24DABA401A8B492CA1176F61E560776FA8CDA289D690FEC9C97282A66BD96CC87B55721AEB44E23B003D408EC10780476804497057692244D35644D18E0265967CEF352AFBBA88A95D5D6559BE8819DA3E611B6A5F3B4C8061A258E8D26644BF12189256360A7DBF0DA0BAB3F6A307F4A1F35A166EE9CE943F3327BA6DF00749FCE4D892D2BCBDBBBD736D2CA392576A2158AD946D875496067D5C736DE4D76475543C40BCD9B765C3564B323668A16D8DDBB79C8D2E987EEFDB116BEF6D0F4A59D0BEC2223EC8C5502658307DD955406769AE658DE4EB6869D501FCFCEF41E61A7A8985999DF0FF7183F18CE52B538B71E26B0035408EC107804768084FFC00EBA8D2B5614DF460077194AC2C0AEBDB969FFB62D7FDFF2D1DE36F3504A4AF6842BE74FAA1E4360070440A7369D90EC1BABCEDABA6F4AAC55B7935F50DC51B3D7D975612877336EBA60CAD29BCF18CD8C754AEC3623AA7B5A7BC088EDC677D59458F90C5979253D023BF1938A3225D62C5CD599B2E8D6AA8FAA6246430EAF1A52AA980FAB8A26A321B0035408EC107804768004811DE04F82077631EA377044CDE471C32BAA09EC80008839B0730F800A8FC03A2CCE5E740576564A654C44D52778DA369D103670901512CBA6139A909AC9EFE86885C7083BDBDD63DC7442188F166E94642C61249474CD09F531C24E55497BE1F629B19179A6B2C04E48FAA275A66674A0306C503650D119D89943FC0ECBA6BBC6B3CB8403811DA0426087C023B0032408EC007F0210D8A5A6E78C9F316D704EBF8AC9E3F2D82816487E71047621E28A668E95E334F71A76E1AD45F5975B9F7E73F374C7460D83C22539A767BA17C2139675B34EB62F4567C5408A3B0A75945FA8DFF4B5A25991D669CE7364D5108607CA364575EC65A1DFD7B1AC9EF71A76C2FEB3B28F40A8E4AA553937745C1839DF0CEC1A424999B64A39CBD8755FEFCE8C8C6D745CA2292A26CE8A15C7630AF716A7EB2A1B2E476007A810D821F008EC0009023BC09F640FECD23272AA264F1A9697DD377F70F5A811C4754000C419D87509C53EA4BD4FB269866398580248D84A46AB58F4FD61FD20B0035408EC107804768004811DE04F920676A969E9199959030B87968D2ACD4E4B494DCF2E1F5BD53F23AD27BA0C403723B0B3572C31B3B0A4A864948A95553FF63FB55FC4B5A1442C08EC0015023B041E811D20416007F89378815D87D69DDB6A4FB65E8CF1ECB4F4ECD2AA8A015919DD5C2B003D84C00EDD4E9F0EECB535AD7F0476800A811D028FC00E9020B003FC49DEC02E352D2D232333AF7F4151F1E00C96AE0302A437023BA0CB10D8012A0476083C023B4082C00EF02721033B009735023B2435023B4085C748041E811D20416007F843600720D110D821A911D8012A3C4622F008EC0009023BC01F023B008986C00E498DC00E50E13112814760074810D801FE10D80148340476486A0476800A8F91083C023B4082C00EF087C00E40A221B043F26ABFD47EF6FCD9159F5DD1DB150112118F91083C023B4082C00EF087C00E40A221B043F26ABDD09A9F99FFABCFFCAAB72B0224221E23117804768004811DE00F811D804443608764D47EA9FDC2C50BE72E9EFBE1DC1F5E5178456F570748443C4622F008EC0009023BC01F023B0089E696576EE9ED2A00714B4F4D1FD477D043931F22AD0354788C44E011D80112757575BD5D05205911D8010000A0BBF11889C023B00324186107F8C3083B000000F4001E23117804768004811DE00F811D0000007A008F91083C023B4082C00EF087C00E0000003D80C748041E811D20416007F84360070000801EC06324028FC00E9020B003FC21B0030000400FE03112814760074810D801FE10D8010000A007F01889C023B0032408EC007F08EC000000D003788C44E011D801120476803F0476000000E8013C4622F008EC0009023BC01F023B24987DCF2D5E54F7E0E3DAC30F6B8F6FF9C1FCDEAE0E806EC16F3A7039E23112814760074810D801FE10D80100808059FDFD696F5FB3E507F3F73DB7F87BDA0F97DD37B2B72B84301E23117804768004811DE04F8205763BBFFFCDD75FD52A9E7862E102E348F392479FFFF941F10862D4F1D7CAC32B6D4716DA07B2D84EA87A68B9F9078DFB42FDDA2FEF5DBCE8ADEB963BFFEEE938FDA9F2E5CB16BC1B1A2F63DEC028A3E3AA6BDE769526D62334CCE6C91DB69AE9236F42078CA223378CBCE5DD04E77902FB5B563D97973F25BDC27607AB9AFA51477F2A9AE238641C73776FE814D9F91E9DE0DD3FB21B097D14AD8D31749A7940516DC9E71EFA0EB91A6FDE55F2A9854AD9ADD7D9A3B1D22EADAAAADAA129BFAEEE3FDEE3FD75D0FB5FF5DDF6B84AF6AEF37309B548F5BBF6F8756F3D2C7653E45C7517D9BE33FEFE5988FF774AFA3D145B2A2F32C65F2E75B1D17BD8D7B5CA0E10CF97D750F66BA7EE4FC587DF93CCA82B6AAD94BF4E09C1FA0416F6FC18CEC4EE995E456087C023B0032408EC007F08EC822BF467A438D74CC83E8CBF644647DE0DFFCD69FC55E3BCD05EA6E3EF384924602FDC559AAD1EE11F1CC94A8C81945713620B17C412A457D8FF46758447BBAB768C7ED01ECE7DEF2DCD764CD63AAFBA49CFF719D849FEBE96FE09A96C630C9D16A5DA1E9FBBB47EAE9ED19390AA98023B45DAAAFABABABF14FE7E1D546DF4B8CAF549C8FFB457563E147A762EB0F3F5CF42FCBF53CE12AC9FCDFC4A19D845FDE5F22C364A0FFBBD561D2FCAFA4FEC08F76F959124C97224FD2D69B2DE43E40D4D801831C930B04F81C00E814760074810D801FE245960B775E59425BBCC93077EFD3BF7DE5F147E7970C3DD8F6EACB51DD42FB4955E7DC33DBFBDBE50F32847E451E6E49BDEFB52A57ED6BBBFF9E937DFEFF8FFBD6BA8B7CB123E597AA67ED3A29A15DF9935D2B89DFE964770E9EE349D344DD0AC3F269D7F7BC5963538FF0689FC6DAB8A04DCA50977D7DF0C8D6E13AA135320E5DD8498C2055BCD3CAE905FFA54F943A39FAC8B242A1D6F3EAB5DB7FB49A11069EB3CEE243FDF5F6027BB4B2C633ED47FACCBF31EAF6AAB3F772D96C0CEECE4B7CAFD06761E5F5767EB7CFD3A78B4B1A1D3819DB2F2DA735D19D8C5FCCF42FCBF538A8C2772541DD879FE72452BD6AB873B71ADB4B692FCD3FA9084FB08451A595DD5C285DA4A4DF69BF6BDBAD1DACADDB268CC1A60A98FDB538C378C647DB6AA3FA93DD4D1A94F0A95557CA2F6A4D82C385CDFDDA33BFECFCA1DC23DAC5BA8FFD5B70F67540CBCB4DEF108DFA5E5BBFE15375252D571C957D7DE6FEA81C9F286B8CEB78FCE65949D1B811D028FC00E9020B003FC49AAC0CE117B699A116CC9E230596067BEA52AC75D135599560D1D4762AF61C55FA56776676017F93B2CCA5889D807073907BC855E974886D8B8430D7BE0A4B9A29C6881549426C4102E38EA194360E79A9EF960DD22EB2FDB50A450F643DBBC5AC5DFEE5E33EBA2FCADAFEA3FC95B3E03BB2823EC4A247FF8AAABADFCDCCD9FBC023BA3D8B267CD3AFB09ECD45F5747E3FCFD3A78B4B1F323EC949577D6B7D323EC62FB67C1DFEF94AC40EBB8A60EEC3C7EB9A2163B52F30CDD3A736D2C99BE19D88A1F856D0CE2730DF7DD27FFD2EA19ED0FB5EFC93F08DB6461C5683ED92CF206F3338EE17FA3704F6F8E04632BC5B9E0D661EFC0CE76DC3962D36A654CA365A3956F1BB6A83AAEFCD45D5F0DC76F93AA21AE0E735C4462E7426087C023B0032408EC007F1232B07373A751424A151EAAA68F9E0B8F7713C33547B2E61E4CA748BB3CCAD406561F3C5271FFBFFD60A23E206EB75674A4F6A0670D95999AEB4C3F819D8A6415ADC8E442AF8D1965CB6F2D94FD896FFB6B44B55C907ADAA090F0D8FEE2F45A6FCB2C3F4A13DCA324AA6CB3D6DCF5F4FC6BDCAC87B80699912645C28E67CB96899315F7295A17436C643F3FBE35D434C9DFF34233D47F3DBADA28ED4FD7BB9ED5F63F25D61A5D16A9B34763A37D7892AFABA3E5FE7E1DA24C8955FE12C98612CA3F1769E51D3DE97D53E7F280BEFF5988FF774A59A0F946894760A7FEE58A5AEC7C4D19BAC572ADEAD3891ED8457E03D4A1AAED647B71E6975E5325A78EDAABBAD13A4DAF7A28FF33DF5637539355D49918BB173A8861849D4737776960B7FAFB8BF7965B630855C7D5DD19C7AFA5735CAA32B023B19321B043E011D80112FE03BBFD2B1E79F8C5FA79DFFADD4335510E4A2E0BBFB49DB6F1C9DB7FB2C678ED75BD709E789AAAD828B5D24BF3BA9FB4E651EA88CB42120676E23992E3E6BC57CF29B15EE548EA632B53ABF9FAD08D3FD742B362F7BDB9F4B6ADA3433FBEEF5D435560E73A33320FD72206761ECD7193FD39F2A4F650D4E97AD1FE7037FFB07CB06E91789AF9778B265B21CA76D5CB306A0000AE2349444154B930F5C8BE789AEB2F49F588A118C205D76A68F6997D8E7AC6307CC63EDFCAD868438F958C3FB5858D3794AD8BF50F6545F4A0C5D63F8AAE976F3A216FA3AC3F9D1FAE77B5E59FBBF44A7BED8566D8023B1F23EC545F57410C819DC7083B451B3D0B8D23199057DE169E4576D7F033C22EE67F16E2FF9DEA5C60A7FCE54AD0C0CEF53F3AC419D8456640EFF308EC9CC3F642E74546A13A6ED6E0DC1D4668A77A3EAC7D0C9E7C049A7B24A1FB77C1795BC7BE1C1E819D900BDB7EA164E50BDFA567CB9685B638D23C8F3B3E30D7563551E6B3BA1BE21DD8C5322CF3B2436087C023B00324FC057691D44CC8ADA40795176AE299CEC35AE99D8F3F76DBF0A897ABAE8FB156E67BD1C3B77058A709950A5F4A6877594BC8C04E3125561266496332F5945871DAA9B21C777DEC656A352BAE3F7ADB12ED89276AF63EFAFC5B13EF79F0D0F3C6103C65C9AE76A9CE8C27B053AEBE6770FF6D2AFE9D2C59C769DFBE9123476A310476D28D1C1D7F72A9475AD98AB073EEC618EF9458AB09D2D12BCE69788A617D1E5C7FA66A5696600D8D518F0D14824AE952588AF3FD0776CEF5F5631AED21ED59AF0F575D6DCF6F913AC2B06DAAD005819D62DF51EF16C7F4EBE0EFAD38E7CD7957DE567F5F6BD8C5FACF82BFDF29DF5362D5BF5CDD3D2556F5E9449913ACA79E231D8D18E9F820ECD7D866885B0B16766560E71861A7DCB9447A8B78033BD508B895B27F15621A61A75A4AD235C2EE9AB717EFFDB2183AAB8E2BBE2FF25F3CE794585943A207766CD5E1406087C023B00324E20FEC8C8166A5A5A5F5F5F566D6253DA8BA547F5B18DCA61F37423AFDB834B113DF12CA2A5614EB5D2BCF3179EE7A6F98E5AC50E84E9A71FBC645916E28B1EE6D5C23DC29D2AC8E833FD36695BCF8E21A653C89C49644815DE99B4B6F5B75C4185666045BA1E35A78DB875BC27354F785CF09BF76CE21B5DEFA7293BC1C31B07BD7A34CAD66C5BDDAFF7A74F775F78F7E6BC9EEEBBE736FD99F8D39B3AA1ABA03BB7DAA33639E122BD44AD599EABFCCA57FF246FED48E21B093640CE2DF2DE29C3D4569F2DA5953657D6D3A619F9116355CB0D5D35F60A78FFE79F0BAB79E32C702A90601B987238977F23ADF7760674FEBB4AE09EC9C6B647955DB5F60F7B8F6B0B0E67D970476515AEEFBD7C16760278955BD3E97681F5B570576F3BBFA774AD10B91DBECF30CEC54BF5C518B75779AF053D46B959F8ED7644DD7BA8FD10751DACE908EF67285B4FEA6C43AE2AAF07DAF7BC8B63D8EEA16CE91C1F14F89552F0417DB9458C53FA98EC0EEA18776D7952D732EAE273DAEEE4EEFDF3B654318611737023B041E811D20E12BB0FB99F68DC76E6B1467934A0FBAD827A0867F0A67559A3BB0931561CBF584CB1B15C50EF7A895314BF6CE3B1B5EF49EC26B9C6B2472D2E391C46EE3938F2C6FD06675DC7278473596171B6DB3C23E678AA791D425B1240AECECDBAAEAE4C785C0CE7983D05B9AA21CF18047995ACD8AEF54BCF3E8F36F69036BB5D12BBE33ABDE5AE44E554377BB54674609EC1CADD1DF8A75D309D71F48E2901031DC891ED829D64B8F616484AA72620523134B3D0329AF26C4307DCF514FE9601FFB9FE2EE29B1F7997B0A3A06CF695EE3392477F2EA0DE7F2F5B1067692184139C74BDA46F5076E5E52F6AC77B5FD0476A1FD33E52395FC0776312E3E16FFAF83BFB7645F4E7522175BE5FD077631FFB310FFEFD448CD9D1A877F363FE128819DFC974B1A468BC5AE5EBD7A7EC95E755EE659258F4F475A5BE5082AF1372996482F96326D832D1DFF6B83D7A61323DD1FF20EC5984DC7BD5D23E5AC15119DFF12AA033BE776B1B2CFB37323EC220350A31F777D469AF855153F255760276F086BD8C58DC00E8147600748F85FC34E1AAC6D8C1ED859C3C92463E14CD1E79A8A83EDD4C5AA6A651DB8B531DA9A7BFAD9E1EC6DB8EA8DC64838F74A63C91A6D4624C4D38C6178E25A7BE1704F3E6A0F492499023B73E09B165EBEED3FB537AC2166FA7033FD0273D0992CE19A1C5A784E5397235296190AEC6669C2103961570A55C9924C4D7EE6E038023B730D3BAFC04EBDA890F3842AC75FE9AECFC6BECDC1C228994EE46F21CF5467A4AB888EBF03975B7BADC636E553D284280BE44BEA699F37E6A89359926C72A97B704EA8FEEAD6B927A379F7C6966BDE8E3FB0D36C1984F0814BFF7894B731DA87BB43932E892754DB5760A7A942463F819DFAEBEAE6E3D721AEE5EDF4AB1ED71E961C97767CAC958F3FB0F3F5CF42FCBF53D21E14BF32D1023BCF916F512A5AF590576CA2B856FEA9199D249B45EA39322EF2A66CE9489F819DB670E1CA952B5D850A15B1354736B05091CACBAB15F95D0F2D95387AA1B672E50EFBD27251369D10FA74A1F9CF42E89F485B66A85CC34E11B9D983B9DDB60FD0FBB8A4B9E6EDAABCFFF70D59435C234FE39AED7EB922B043E011D80112DD1BD889395CE99D8F2F6A7C5891AC3916A133CE715C6E5F402E7228DEC0CE3E06AF0B02BB5064B86946289D7BA471C6AC0DCBB56F3C56FC4AF848B13D88149AA22986ED216924586007000126FF0B9E89738921C13F9D58162B884194F628422656638B1F799D148F91083C023B40A2E7033BC9DC55E7EC5A73E2AB2609ECCC2285004F35D376B8B456FB65199AE7A0BE6853626B8C19C1DFD07EF64AF1633336DDBE69C6E3C5CBC3937135E538BAFD0476C98EC00E007A4A82474297B904FF74BA26B013F7B7509D10751F6B4417B5A32F573C4622F008EC00891E9D12ABDA744216A849CB30C336FB9BAA62E5B58A3FB0736C3A610CA7ABD928CC76ED38E3156D56C306ED1B8FCDD814DE4D628376ABB9229FA66A0A815D5223B0030020E1753AB093CC16569E279BFD4B60173B46D729F11889C023B003247A34B0D39C535FCD339D8715F999FB34F98CDAD86B15D39458F33CCD3EEBD63DCACF5C52EF91E50DF5258BAC28CF716583351997C02EA911D8010000A007F01889C023B003247A38B0B30D7093AC33A7B9DF70166E37EF5B422E56AFB8BAF3819DA3E611B6A5F3B4C8061A258E8D265C4BF111D8253D023B000000F4001E23117804768084FFC00E1D36AE58517C1B1BBD5E9E08EC000000D003788C44E011D801120476803F0476000000E8013C4622F008EC0009023BC01F023B000000F4001E23117804768004811DE00F811D0000007A008F91083C023B4082C00EF087C00E0000003D80C748041E811D20416007F84360070000801EC06324028FC00E9020B003FC21B0030000400FE03112814760074810D801FE10D8010000A007F01889C023B0032408EC007F08EC000000D003788C44E011D801120476803F0476000000E8013C4622F008EC0009023BC09F840BEC0E6EB8FBD18DB58E8345352BBE336B642F744F80843BB6E2FE7FFBC1C49DDFFFE6EBBB6EB8E7B7D71776FF5DF73DB77851DD835B7E305F3CF0E40EEBFDAA87962FBB6FA4F3AAD5DF9FF6F04AE3F5C2C72357472E965F176B39C271F1B0ACF2D2DB09D77B54C45F2B5C3D667BE7ADEB62693700000989C00E814760074810D801FE10D8A1DB18C9942D135BFDFD696F5FA3CEC8F4331EDE6D2659E12246870B105EDACFE944391E1998F2761D3F3C556E5E127A4793657EFE5A21EB31DB5BB1059500002424023B041E811D20416007F893A0819D95D0397EDCBA72CA925DE6A903BFFE9D7BEF2F0A8D177BD55644F8F8A7EE336537725F183E6DDF9B4B6F5B75443F7A4B68549AFEB279C9A3CFFFFC60C513F76BDF340AAF78E289850B422FF46A847F14EBACBF9E7CD37B5FAAD48B104BAE8E0C7373B4C2285671B2AA214233B74A9B2F545275A1E6EACF50432ADED11BAE5F182EBCDA738C9E913C552D5CA8ADD41EB48D6D93E6759114CC198199EF68F66CCD169BC9A8CA19697B43399E6D9FE276310E738BBF15AA1EB3AAF3BDBAD1DACADD8CB00300242F023B041E811D20416007F893A0819D9570D9023B699634F059496057B3F751F799F6317AEAC0EEDDDFFCF49BEFDBDE30C3293DB0B357D856B728819DBB64CD784B12D869CA9345D2A44FDA51F64A2A224249B784AFD5C2D1A19E5D865B21CB4005FB9E7BAEE1BEFBE63B03B150EEF496B663873E273696E1625640D6604FE8D43347A3943332B61176AB15B78B1A14FA6D85A2C7AC6ED37EF843ED7B4C8905002433023B041E811D20416007F89370819D3E344C1ED889EC83C5F41FE533671D679A6C25EB495C3884D21C773447D5852E37023B33BF3332AF5BCC85E1A204764616E618EF268E13142AE975B2B3BBF4FA847334573325215DF8B5EAC2F07D35B181CE86142C1147DB45E1889FEC9340F51CCA2B808A846BCE682DBE05DDC490CEAC47787939D51276AADB2D7837F4FF3F7EDD5B0F1B0BF179AD81E7AB15EEC0CEEC268D35EC0000C98DC00E8147600748D4D5D5F5761580649580815D64BAA524B0138786790776D2334DAAC0CE3697D6A22765CD8EAC4A9FB21AAEEDD1E8819D238B342F77E67D423F284E76F79AD152FB345577F3DDD9A5EB425BFF8BBD1A6EBB660E69948CF593F21E08A75C01CEBAD64AD93A11D839D23AE78274D21A780576E24A72DE2DF0D30A678F45524D369D00002439023B041E811D20C1083BC09F441B61A74F1A8DC452EEF0CB76BA22B0F33AD314C4C04E132B2069BE32B073AC9A67DEC5D6ABE1B7B4AFDF3FFAAD25D610BCA8BC033BEF1D519FD4C429B3AB7D4D898DA99C4812679CB3F0F12DD7BC2DBD5D89333433DEF8F25EFBE59115F2E26D85FD90380891C00E0090E408EC107804768004811DE04F8205768A99A1C2326AC6E02F2393920776FBBCCE34C53A255694705362C57CD3CADABEDCA46A7EE42E9AECC21F4C742492AA1834CA0276027BFCA4DC08C27E91740F58F7E4DAA86BC949CB510476CE8254B773DE571D1CFA6C85ED0C63270ABB5866E10200908008EC107804768004811DE04F220576EEFD5E05936F7A6FE22ED7D83745B4B475A5FA4C932AB0936D3AA1D94E93BE15ADF2316D3A61ABE4BBB16C3AE16A692877D354CD77AE6167BFF0266D89A209C67DCDE6CBD34C29F7A613F6FCCE1DBA29C79189734BA56198FB746939AE29B1F28254B7F38E203BDF0AEF51878CB003002431023B041E811D20416007F8934C81DD972AAD0CABFA867BFE537B4335795313D22ED799267560A739C232F70614F76BDFD4D3AEC85B3105769A39FA4F7F2D2C3927DF194371B28D788ED54645F36D77715DA86E8223708C75013B4D163F59FB3DD87689B5B23BCF31659137A36E30EB598EBC0E1E65D8CF12CB960F77EB442B08EC000081456087C023B0032408EC007F122EB0938441AAE33DAF399E0D52934EA89F773963C17093871A9DEFB98E1E00008017023B041E811D20416007F84360178FCB3CB00B76F3010040F722B043E011D801120476803F8914D825BECB37B1B2E6CF32BC0E0000F873793F46E2B24060074810D801FE10D8010000A007F01889C023B0032408EC007F08EC000000D003788C44E011D801120476803F0476000000E8013C4622F008EC0009023BC01F023B000000F4001E23117804768004811DE00F811D0000007A008F91083C023B4082C00EF087C00E0000003D80C748041E811D2041601768FB573CF270E3A26F693FF989F6ADDF3D54D3DBD50916023B000000F4001E23117804768004811DE00F811D0000007A008F91083C023B40C25F60B7F1C9DB7FB2467F394F18B9251CB61D77080DFB7AB15E7256E4FAD23B1F7FEC36D57F94147757161B79535629BDB4795106A0894D9336D07682507DF785FAB5B7363EF2F08659AE56769CBEBCF8F1C7666C0A8D8C336F6094D171D58C4DAED2DC5D60AB993EC62E74C0283A72C3C85BDE4D709EE7E856493D1F2F5EAEBA224008EC000000D003788C44E011D801123E023B5704A50744AEC38AD0CD799E192FA98EC77677AFCB236FB9CB34DF8B25B0D31CD96483D9C0704E56E2B8A1502F4DD9944D336CEF58F9971084D90A779566AB47F887D2D27A4D0802630CECBC9A105B602796E071458010D8010000A007F01889C023B00324E20FECF4884B4FE38C416DA160A738FCD208E9C473EC570B57D4D806B7A95EC77377C9E5C639A5A5A5F5F5F5CE223DC7E4B9EFEB4ACA34EB16CEB172911CCD23B00B5DF933ED1B910B23919A2D6613AE779726DC5D7F3334BA4DA84E4C819D7713620AEC6C3523B093E1490B0000003EF01889C023B00324E20EECF68BC19C9E8D857FD0DC815DF409A891CB1BAD57C3FDDCBD5151EC7033136B74D7C8983F7AE79D0D2FCA27CB3AEBED1861678C8E93855D1E17BADEB54234E780B7D0EB62C9C0377760670FE4345B856209ECA2342186C0CE514F023B199EB4000000E0038F91083C023B40A2539B4ED807D209E3D542E411D8465B301789EFB4F0F179F3B4356BEAD5572BEFAE2AB6C67EB26B9EACB1985C6C819D63F138219CF4D88255B686DD3C59F267CBD3ACBE94AC94279F122BC474B6E9ADF63170B2D5F41EAA89D204C707AB09B39D15F524B093E9F627AD831BEE7E7463ADE36051CD8AEFCC1AD90BDD939CC27D5871FFBFFD60E2CEEF7FF3F55D37DCF3DBEB0BBBFFAEFB9E5BBCA8EEC12D3F986F1D59FDFD690FAF345E2F7C5C7CC77ED5933B42AFAA1E5ABEECBE91D18E7BDD5D3FDF7EAB18CB519E26B4C1A300554BBDEFEEEE31F19DB7AE8BA5DD0000240F023B041E811D20E13FB033F29FC8A838472064BC21A63D1D8716353EAC0EECEC370867408ECBAD41608EBBC71BD8D9C7E0C518D869CEED1D3473705F94C04EF32A5C1F0318EA17E13433F1D284A5E4247D6CEFE6C82039E1A6B18CB08B21B0B3C56FEED9B28E7A12D8C910D841C648A684B02A9461ED3653AAF0DBA35D999D78583C5F755C297492A69F2F665D3196A33CADE387A7CACD4B847BB86F2E6BA9F7DDDD3DE6E8CCD8824A00009207811D028FC00E90F017D899319A6B3754619B0263E6AA2609EC545362ED978B8BD39997DB86F2A9EEEE88EF54D573B5CA2BB473675AE69162E97C52EBBFAA51033B69BE685F5E2E32D954559A6CF45CA96301BA78A7C45A4D70C76FD6059ABC9E0476323D14D859099DE3C7AD2BA72CD9659E3AF0EBDFB9F7FEA2D020B2576D45848F7FEA3ED37D33D7B5C68D9A973CFAFCCF0F563C71BFF64DA3908A279E58B8C03A1E7A6D54A63A347EEDA8BD1CE3847D6F2EBD6DD511FD50756498DBCE784E96758EA3455BA52DD5EF6256557AA1BCF915EFC8DBA81CA367244F550B176A2B356BBC9833DE8A645F91578E7164D61BAAE35E35889C1FF929C67262AC868AAAA59AF2EEF21E13AAF3BDBAD1DACADD8CB00300040C811D028FC00E90F011D89971D73C577E254BDC6AA417BB7687B08F73F3D875427E77E55E165ED573F217D849E3AE487C154360E78ED26C8997B811ACA23479EDACA9B2BE369D883421A6C0CE564F023B991E0AEC26DFF4DE972A233F1A399A34601AF8AC24B0ABD9FBA8348993DD4B729A1ECCD94F0EBFA58563B55B42B34DB5777FF3D36FBE2F0D0D436997167AD75E82D1A8B84E1649933E55E6280676F28850D57C451B959FD8BEE79E6BB8EFBEF91E133C35C51C4F47826615A03A1ED31748B8538CE5C4588D1859F76F50DEDDABC742719DF6C31F6ADF634A2C00207008EC107804768084DF5D626DAC85D0D6B80F47BDDE1ED245BB5C757765B1B6EB6445FA9F126B455C91F9B1C2783FA3C4E8819D2CDDB21F8BB6E7ACECA859C1199B6208ECBC9B10C39458473D35023B896E7FD2D2C78BC9033B917D0499FEA37CE6ACE34C41B870CD183E2696600476D5E25B9A16CAB0065B79628130DACE750B230B738C7713D3BD184F76F68C5EA5708EE66E913BA40BBF565DA86AFE41691BA3F2C8D5E433629D219EF9F38277E5C7A3A557E6827155C2C4DA18CAF1AEC6E3D7BDF5B06C6D3CAF3A845B1AC3DDDD3DA6C775AED17900000402811D028FC00E90883BB0F3DA44417C6F5E4C9B18C886C1795DEE757765B1910B3B17D879C691B6135C93759DEC21A3FBE68E8CCC8AD38A5F5147738E3D5E8D11728F172F8F25B0F36A42944D2724F5FC86F633023B979E09EC22733025819D385ECC3BB0939EA9BA973BB08B5CA2CF570D9FA985DED2CC917DB64173C22D1CB1A359C22DE64610319FECEE20A351F669AAEE96BA634AD785DECD77B6312A5560A758BFAEEB033B933947B5A4F3819DB8929C720D3B794B7D0476665C37924D27000081446087C023B003243AB54B2C70194BB4C02E3C044C8B6455626027D98F4211D8799D1961CFC5620CEC0AC3AFB5AFDF3FFAAD25F6E1693D1BD8192D52B65419D83956CD93355F93B5312AC504CF454F6AAADD13BA654AAC7081262FA724B2A16C78D8DC356F2B4FB38566C61B5FDE6BBF5CAF97BBA5D15B613F1489EBD8251600104C0476083C023B4082C00EF027C1023BC57451616D356344981154C903BB7D5E675A1CA95C6C5362274A3770E88929B1629469656D5F6E52B53472174D76E10F267A345FB5498537572215757F57C715B6DD1E64C75577966CFB600DB18BA11CD5ED9CE7AB8343694BA3B7C276C63E314634C5320B17008064416087C023B0032408EC007F1229B073EFF72A987CD37B137709DBA1EA1479936DE354C799D1EE1559BBCD7E3C32DFD6DC92227244B24CDEBB51369D88F16481AB51A1DC4D53B5D4B9869DFDC29BB4251ECDAF94B5312AD778B1E863C4C439A462E8A53A1EDBADEDDBD0C6508E5735EA94FBDE8A574B5B1AF5EEEA0490117600802022B043E011D801120476803FC914D87DA9D20AB6AA6FB8E73FB53754333A352102739D19ED5EE2660BF76BDFD4A32E7B6E65141EC9D4E4FB5AE8C3D9F4D7C29273719D6C239E633547D152DB5D5C177A37BF52D6C6A8621D2F661F6A1639B1CA9667A98E7BDDDDB8A1ED8218CB895E0DD57037CF9171DE7727B003005C5E08EC107804768004811DE04FC2057692844875BCB3F7DAE5CCC5C2C3CA8646DF1DD5738DB9A4E0DDFCCA40B41100002416023B041E811D20416007F84360271C8C31B06BF68EF39241D4C02E006D0400008985C00E814760074810D801FE245260973894719535B734C043CF2E87360200809E77793C46E2B24660074810D801FE10D8010000A007F01889C023B0032408EC007F08EC000000D003788C44E011D801120476803F0476000000E8013C4622F008EC00093F81DDC6276FFFC91AF38779DFFADD433591A3D68FBAFD2B1E79F8C57ADB41C921E398E336C629B2F33BEEB5BCF8F1C76E1B2E16D0B828748AC75B8A1B95DE299EEED94691AD5CF3FCC8998A6A470AB58ABEB551D278F3AEF6BB58A534E875F668ACB44B4B4B4BEBB559AEE6BA8A915658E8274943CCB6CBDB18AEBFC755B277A59F4B2221B0030000400FE031128147600748C41DD88582A00D56E6E3088F1A4AEB4B16D9C3B99F6DD06CC7C257387323492CA5799DEF33B0B3D75D5E92671B9D2709E5BE58E2CAE664D5FE89269EE6285A523F57CFE8B956694C819DAC4B3B2ED934C315AA4ACE74362A7C63235E7335C4FE7929DAE87195EB935066880984C00EC0FFCFDEBD405B5216869EAFEE3E0DDD0D2D4D37AFF634DD3C4562082457E98BDED63B667C85EBCC954B5C2418C4CBF2321997121559499CE83226314B01A34EC64B5C8E48D0CB72589019C3F53571AEF452D298181F372AE1D9D8CD4B1A68A14F03FD9AFDDEF5F86A3F6A9FB36BEF3ABF5FD64ACED9BBAA76ED3AF439B5FFF9BE2A001803A791549E600701A34E894D95B28B36DEB4B39B836A4FDE1A9DF7E04DB11CD48C36D7CEDE9C2853F9C12EBC7CB160177A9541C25078EF122F990E51B9BB9D5A3099E8FA07BBF641BE63B668B06B44D4E88A1EF133CAD995C1D25B8FF7B853B073A60500C0B09C465279821D048C18EC32D3332FDCF99ECE00AE7AAF9BBD62F6E6E4CCD1468789923D28B72EE52C3FD660D76784DD6C76785D8FDD0EC4ACEE2EF50B76ADCDCEDEDADEE722C12EF99E7B0CAFBBE3BCDCE33274B06BBC841176CEB40000189AD3482A4FB08380C2C1AE7DC9B1F835C85A35A955EC1ABDEE63F52BB4B58B502C0325275CF6CF46C9E587BB865AF272781B7B5F0DAFE77B4CEF5CE3227199677BEE76F129B19DA171DD7DEEF1667B04BBD8BCD8BCB7DFBBAD055F376FB66C725C5ECE5AE1A184821D0000388DA4F2043B081871845D2C48B512CBB977B6B252AB2FD5BE0F5F422E5E76F2279D86972F7CD389506AEA77738340E68B6F378A5DDBADFF6EA75E3CF9DABD825DEC6D24825D811176513BFE5DB8F33D39596E8060D763845DCE7BECB951C10E0000429C465279821D048C7A0DBBC415CADAD3405BA1AE11EEA2C4A5DED203AC5A312758977A2C5F3CD8256F9E3060180A4E104DDD90B5E7E8BFEE6EF7CA603D825D7C9CE27C04BB9C9BFAF67EC7DD5385A1A6C40EF254E60721D801004083D3482A4FB08380F90F76CDA175179E77C7CDED8176795730EB4E96CCB9BA5CEEF28583DDB6F470B8F90876E94BF9F5DAED62C1EEBDD135B15BBBCE4BB0EBF3CE436FB91B26E73FD805B2AA600700004E235904043B08183AD8252FBB969D12DBBE70DBF6D4E0B928506B3A5528CAD6A56DBD96DF592CD8056E1F110C43B9EF314AED4C72AA6D7D95D95B7BEF76916077D3F6E4D4D9F908767D7B5EF395A3EEEBC65BE7BC07BBCCEE08760000D0E03492CA13EC20A0C808BBCEED16EA42934BE3E1A99962AE9DBD3974D7D1760B4BCCF86C3FD163F973EF1C3ED835AE3597B95E5D5E180ABFC7F412B17DEEACB0E9A25EBB5D28D8457991B148B0EB79278D9C651B36A5E25D66E92D030CBE0BADF5DEE89AC0E3B9077E624C58B07BFCFA8FDEF8C9874FFFF8C7CF7F55FDDB7FF9E0BBFFEB976BFF77FDE65BAE5AF7B9FAD79DA7E64BF325E67DB30BAAE03EDFFEC197BEE7B6E69767BCF3E62FBCF5A4B2DF0700B0980876549E600701234F89851185A369FF3180659BE060978A778CE4F60FBEF4BA53DA95AE9EEEA26BFFE143AF2C7BAF0080C543B0A3F2043B0810EC289B60372F6291EE07B7FDDAF577BFF8F56FF9E2EB8E693C951856F6C0D7FEFA82AFEE4AAEDB37F3C5B6D0D878F4ABBFF1BD4BA2E468B5E6EAF10DB647F975AD7BD7556F88FE7A9098187CC5B5AD3DBC347A77ED91BC3DEFBEFD27923B505BE0F46F76F739BEC32DB183D6F6C0E72FBEF0EBAF35AA0E00288F6047E509761020D84131931AEC36DF5FFF62DDBBAEFA9D4BD7379F9AC760D7DC78940976D9F8D5A9637105825DFC15D766135B63CEEF7951E34DBDF1D2DFFBD0D9D1B76EF88B77FF53F3EDFFCBB0C12ECACE964D8CAF030028816047E509761020D841311319EC5ADF34D3555B20D8B517F8974C74EB19EC1A43DBDAC3D062EB3E7CC76F7F74DB4FDB2FD1486651E2251A59EDA4EE7E0E1CEC12AFD87A8FC91D68BCD0718D1D888FC2EB0EF18BBF568FF7DBFC361E3AEB9A03ECAE7DEDD7DFF3A9BB1A0F9C6F3E2C003066821D9527D841806007C54C64B0EB0E49EB3D25363FD825369A4A630DA9FB5A0427E1C605835DF055326BA55F311DFB9AEFA5B17A547F2A6ADF61A35EEE5E140D14ECFAEC493DD87DEAAEEE9D265CC30E00183BC18ECA13EC2040B083622635D875C6BB75068B150F7651949D5B1ADA6CF732732FCAEC58FF6017DB6672ADF4B33D82DD318DAFA3775D7ADAD7AFDF1665C70026369BFF7EBBFBD992B9845DFD81FB2E57EC0080F111ECA83CC10E02043B286672835D7B526A141A6836F894D8D892EDC5AE5A7B5D6BE6E98B7A4C898D77B4BE536293FBD3117CC5FC29B1B5755BFB104539A532B1D93EEF37B623E96BD8097600C0B80976549E600701821D1433C9C12E4A0CB2EB54AAEE5D200A8DB0AB2F16A56FE9D0E3A613B199B30547D8A55EB1F798B8F6B3DD47861F6197BEFC5F942E74A6C402006327D85179821D040876193B6E79DF7B765EF8DEE89A6BA2F77EE99D9BCBDE1D26D54407BBC420BB281DECC249ABEF35EC52B35FA3540E6BBD625DE61EB505AF61977AC5F60D251A77A288A2F40CD6E4B8C2A848B00BCFEA6D5EC8AEF9B59B4E0000E326D85179821D04087650CC8405BBC5A0CF1D667366D702004C37A791549E600701434687FAE8B33BCEBBF6631724FF606CFBD49B6F9E7DEF79775CB3F3C2EE98B4EEB28DA7E32B3507B1D516ED7C51DFC4355B131BDD921CDF965860D3459DCD753711DCDBEE53AD0D74365B7FF6A6ED812DE66CB2B97E6AAF9A1B893F98BFD9CCBBC82C5068DDDC03105F3EBC87E957E87D3C737EF88B96603776BD835D9F9C070030A59C465279821D040C3FC26EDBA7DE7CE7B99968B5F3C22FBD6967B2F40C1FECE25350EBDF3FD8EE498DC4B4B1FB6C2345B51AD460C1AED7163ADFB7FB556EB0BBF9C14DDB37C69FA82DF9893BA2EE633D37DBDE48F75024BE2BBA6E7E5E0C1DBFF881482CD33962376D4F57C9D853A1C4B758097663979BE49A63EBA2C015E80000A69ED3482A4FB08380025362EB912ABAA29B6DDAE528BA653E835DEC81D0C8AE6E6B1A28D825B71E1E2AD67D343FD8CD5EB4F1A69DDD5C595BF0D6E8BC076F6A2EDC6FB3F183950E7623AC1BDCDB40FFECFC9062AF13DB64ABD56DDAB225DA1A65DE7CFD87BE7363B4F5C1D008BBCE00CBE6B8BD9CF186DDD697D8F59BA28B6A07F5A6D8CEF6F8894E14C10E008031701A49E509761050E81A76F172D4AD2BE9E634F208BBD640BE3E3331070876B3C9E175791BEC3C1EE507BB6B2FDCF99ECE00C37AAF9BBD62F6E6EE7BE9B9D90D51CFE836CABAFDFA56673B3B933F8AC418C45B765E70C1E6E0F16C36DA2BA24F847F1089C9C239A3F9E2C3F9DABBBEB3FD334EFCF0A7A5D7097600008C83D3482A4FB0838082379DD8164B2D9D00949A61D9FD367B7DBAA8350EABD735ECDA43B23263EF9292D77D8BAD177B2A39C5337783ED27667B04BB8FCDDE1A2B89B7CE7EAC3313B8EF663747B9D16D907553216B8860D70D67F95135B1707273ED2195515E394DED7DDE61EC2CD6DCF57AFF6B3F9DFF362798600700C018388DA4F2043B08287A97D866C4B970E77B129D2911CF366DDAB43D2A3CC2AE355BB2390EAB5FB04B049EEC6CD9287975B8D182DDB977B66604B73A56EDFB890E7689616E05825D7706F48E1EC12E3D6CAFBEDCECADC91F7B7C985FE2F61FF1F7393DBD4EB00300601C9C465279821D04140D7639374D8D1BF11A76897C16B8BC5BFBCF567044587A6A6BCF6AD563BDD41B6E5F06AE15EA3AE3CEC63225367514070976DDEA99BEE060FEFD70930FC52F58389FC12E35C22EF7CE25934CB00300600C9C465279821D04140F765126C3A5CC57B00B96B0E42CCFBEC12E355F3738A06DA09B4E5CDB1E5A77E17977DCDC1E68D75EB8CF66B3072DF65DDF7577642798F60E76D97BC046F9C3F47296C8CE378EA26CA42D3625363576B2F1BAE75DD4BE83C71410EC00001803A791549E6007018583DD60574E2B1EEC129D2B3D526C5B6C8EEB00536237A71E4F6DA1B3C5F6C5EFFA04BB56C66A2D9D58B8D766B76DDBB67976677E2FEBB94BC1B7D923D8E58E868B8F351C24E90DB2CDC460CBD846FBDD746243F687BCBDD798CD0923D8010030064E23A93CC10E020A04BBF6ED21FA9595E1835DF2A613A9ED2716D8D4CD4C7D6E3A116B4FC1EC17D862DF60D773E45B9F1DDDD463826AEEBAC1BB76B40F52681669CF9171DD27375D149E855B20D8455BB66CDDBA35B3D1D88E24DE4E686061A2EF4D01C10E008031701A49E509761030C29458C6263CFB7862EECFD0E73EBE839A98F73320C10E008031701A49E509761020D84D834511ECE2F7B7980A821D000063E03492CA13EC2040B063642307BBC06CE12920D8010030064E23A93CC10E02043B2846B00300600C9C465279821D04087650CC8405BB7FF9E0BBFFEB97538FADDF7CCB55E79DD47DF6F48F7FFCFC579570A8C66FE4F77BFB075FFA9EDB528F9D7FED3F7CE89551F4C0E72FBEF05377751E3DE39D377FE1AD27C51E6E2D16351E7A7FF4A78D6701000A13ECA83CC10E02043B28660A825D146F761457CF77F7B4C25CFD9BBFFBF576936BABE7BAAFBFB6B6C483B545A366B20B2E0800302CC18ECA13EC2040B083622632D8C5C794C51F493D9BA97BDDAEF7F8F51FBDF1930F371F4D8C507BE06B7F7DC1577735BF7EF1EBDFF2C5D71D13AA84EBDE75D5EF5CBA3EB87072977E70DBAF5D7F77F4ABBFF1BD4B5E94D8C0C377FCF647B7FD34B6A9BAE6C2C99748ED525BF6FD665F74F3BB1ED9F6C987DBEFAEF1606C27336EEF36B8282FC3D583DD7D97D71E8E7F61781D00301F043B2A4FB08300C10E8A998E60D72A71C967BB51ACADB558BCD635B556F9D60D7FF1EE7F4ABE60BDB545C16077F237820BBF28B6939BEF6FBE503AD8A50A60BCB865F776D860D77DD15B8EDF565BF18D97FEDE87CE6EBEB5581C4CEB8C9D3BA9FDEDFBBF1EDD7557734E6C7B3E6C76845DF4C18BEF7F9B5C0700CC03C18ECA13EC2040B083622632D8A5743A5420D845F15172CD04D60A79894857AF5AC7351F4F6D2DF96D678CDEC33D166EEFC6A5D1BB8383DA6283DD1AAF9EBD085DE28D34835DB3BBE58F280CBD687327EBB9706DA351E65FED2E39BC2E353B367E95BAC435EC367EFEE2CF9DFC05B3610180F920D85179821D042CF260B7ED536FBEF3DC2FBD73F38E5BDEF789E88A8F5DE0EF20039B86601745C129B18949A0B1DC96373934337D3550CA3AC1AED7C2F19DEC714788D662C93D09AC3B4CB04BBD68632C6154DBE7759FAB3D9B9D99DB921A5E9795EE79ED47EBC3EB5EF5ADCC6D2800008627D85179821D04140E76EDD4157B68C72DEF7BCF1DE75D9BCA5EB5056F9EBD76525B587D9F6FDA5EFB62CB7B936F660C26FBC8D0CF4406BB4405EB0E913BBBDFC0B458B00B5C576E41825D8F59A89DC51A3B9C9DC05B3CD8A5AE7F17BDEBD2D3BE7E7D67B06146DF5ED7BD765DECB1D655EEA20FBEF4BA536AEB46814500000627D85179821D04140B76F5CCB5F3C274E10A073BF219D837CDA636D83D9E9C049A3B25B699C3EAC3DC7EE5EE799E127BD5DAEB5A3352136530B6C3DD18F7B647DABBD199CA5A6C4A6CEA458377B748B9BDD5DC4E8A3F929E219B5AA23D4BB6DBE9B2CB00000C41B0A3F2043B082814EC92A3EBDA83D4366DD9126D7D7063ED7F6DAD7F7751ABDC75C691D5BEB826EA8C638B7FD719E6D6D019EB967CB8F34CB81626B718FF2EF178639B1B7B3E9E12DB8BD67BCAEC57E7A9F01BC92CDF393646D94DB3890C7659A98075FA37C38B35EFFFB076C89B4EBCA8FBD2DDFBCCF658B8DBD1A2E0AD1E127783ADABC7B828FD60947C238306BBF48BB6EFB011DBF394D07CD7E490BA60D16BDD44F67623EC00807921D85179821D04140876C960960C635BDB992AF170EF609778BCB19156E94A8CD8EBBEEA08C1AE95CEB6F47C3CFD5E13BB90184198AA6D796F2473C0522B2976D3691A825DF6A613BD835D3DC0C5725B22A8C56FC91AB8BA5C327BE52C1CEB6839D36FE32BB64B5C77976A9BFAB3E82B8D5175BF115DDF7823DDD7ED1FEC522FDADA6CEE05ECF286C6D53BDE6DCD2F3B77896DEF7EF72614B1055DC30E0018856047E5097610307CB04B66AB786F4A8C52EBD4AB0146D8C5A532DABC06BB6D9F7ADFCED98D37DDD4FBF1DC4D66A602F78C6DDD757B063BC56E6A4D58B01B50BD5EDD9DBE645B63ACD909B9DDAAAA92336A010026D4649C46C20212EC2060F8609799491A1E81D6F966673CD86D4D6C2A3EA22DFE6CFF1176B119A6F1B9B7C1EDB77778F696F7DD3AFBB173EF4C87BCF4E35DA1B9AF7DE7B366DF48EF6097D71F997482DD944B5DCB0F0060424DC669242C20C10E020A05BB6E701A36D8E58D80DBDA0961C38EB0AB2FFFE045034CB93DF7CEF7ED7C536377FA3CDED5EF2E1A8129B1A137D23FD8B955C7349ACE60475D67E2ADE17500C0E4731A49E509761030E208BBECBD23869E129B7F21B8C1A6C476BEED19EC2EBAE8C19DB31F4B5F5C2FF878EE7B0D1D8AD8AEE7BE1123ECAA49B00300600C9C465279821D048C7A0DBB9C9B4E246FC6DA2FD8A56F171BBB1B6B27658D36C26E6B67FA6DFFC7D36FF6A6283EE9F6C18BF26E1891FB465CC3AE9A043B0000C6C069249527D841C0C877898D5DE96DD3A64DDBA38D5BA2AD5BB7272F2DD7E7A613B1ABBE6DA94F51AD3F71EDECCDC9FBB6E65EC32E27B925C35C37B3F57F3CF076DB2F17BB7E5D1405DB5BE68DB4EAA5BBC4568F600700C018388DA4F2043B082810EC722393ABB10D4FAF9B5E821D000063E03492CA13EC20A050B0CBB9EE9A6037ACDA11FB44748503369D043B0000C6C069249527D84140B160174E7682DD708CAE9B6E821D000063E03492CA13EC20A068B083C54EB00300600C9C465279821D040876508C600700C018388DA4F2043B0810ECA018C10E008031701A49E509761020D84131821D000063E03492CA13EC2040B08362043B0000C6C069249527D841806007C5087600008C81D3482A4FB08300C10E8A99C860F72F1F7CF77FFD72E7BBF59B6FB9EABC93624F3FF0B5BFBEE0ABBB620F9CFEF18F9FFFAA311CAC29D63CA4251CA8DB3FF8D2F7DCD6FCF28C77DEFC85B79ED463D9073E7FF185F75DFE0F1F7A65E2914FDDD5F8F2FC6BE34F00005347B0A3F2043B0810ECA098890B760FDFF1DB1FDDF6D3F4A3EBDE75D5EF5CBABEFED5B76EF88B77FF53E2B917BFFE2D5F7CDD31E3395C0CE5F60FBEF4BA53DA95AE9EEEA2FCEAD66A73F12E175BA3FEECD75FDB27F80100934CB0A3F2043B0810ECA098090B768F5FFFD11B3FF97014FDEA6F7CEF9217351F6A15BAD638BBC648B1CC98BB3EEBC64696C547E7BDF1D2DFFBD0D9DDC51ADFC646A2FDE0B65FBBFEEECEF8BEE08AADBCD85AA6B9038DB618E53CBE3E1B1C43A3DEBAD5B25B2AA3E6FEB4C41ECF1E819876CD8C8FB0CBBCC7F6118BBFC75806ED7B607386EF0D1CD95AADEE8CF3CF8F6E8B3A23EC92AB2B760030ED043B2A4FB08300C10E8A99AC6097E85F1DA91076CF6BAF7A43F4D7ED32D5AD489D5CD52947E947F246E7C5F2D3E9DF6CB5A7CDF737D76DECCCF6BC617DC306BBC7E2D1AD291BEC92338213512C26502D03C12ED4D43A5FB7DF63E318660F4EFBD8F63DB039C12E31BEAE97073EFFF907DFFAD65706A6C4C616D1EB0060CA0976549E600701821D143359C12E39E0ABA33B022EAA2D10BDF157EFFE723C2DC5BB52B4EEC50FEF3ABD3902AE5ED3EE89D6EFFAE9C38D9694AE81CDEAD4CA4CCDC1656FBCF437A2EB1BEDE9D2E8DDD7DF1DAA72C9150B05BBF6E0B5C40EA40E42AC24E615BDECE3A90DC647F685825DF63D7607EE3597697EDBEFC0E6FC309B8DEDDAD77EFD3D835E852E18ECDA97B1EB7B053C0060B20976549E600701821D143385C1EEEED850AF6C57DAFCAE13B67D32AA6FA1DEE07E705AFDDB7F8A4DFF4C4B25AAB8F6ABF45831CA5E716FD8C7F39A576B7F9257E88BEF645EB04B3C943F2536F41E6347BE5D307FEF4367F73BB0393FCC6669EB76B63ED7B08BA25E23EC06591D009868821D9527D841C07DF7DD57F62EC0B49AA06037D094D86D3FCD5C4C2DDE956E79DD13175C1F35E77B7EFDECB75CFEE88DEF2E18ECDA4FCD63B05B3FF82D6E3BFB131BCA975860A06097B8F65F20D825DF63CF60977B60737E989959ACAD1EF7B6FB3B777E4D8DBAEB19ECFA3C0B004C3AC18ECA13EC20C0083B2866B246D80D78D3899E23EC6EF99DE80F3F7ACF6B2F3DEDEBD7DFF3DAAB7EE7E46FB46795866B60147F95EE94D8ABD65ED729833D561CFEA613B134B6363825369620BBD5EC6D8FD4BF484E5FED3B25361EDD425362B3EFB1D794D8FC039BF7C34C5FC3AE6F714B2E901E5267881D004C37C18ECA13EC2040B08362262CD8C56F901AD7BD296A9F7B23449B6FB9EAF4FFF6D11BBF1EADFB69745AFB7E11B9379D6875C06E775BF7B976D88AEA0BE7DDDA35BBE280C12E1ECE7A5DC32EFE406C2E70DC6023ECA22837D8F57D8F831ED8BC6BEAF50E7059A9A297597DB05B5800009349B0A3F2043B0810ECA098890B7675C9F09419DA169F551ABBC45BA72B9D177DAD3B1E2D75DF8644966A6F3936A82DD69E92B344832B0E3BC2AE312A2DEA73D389E41B6C0EB58BEF406DF53F8BBED21E3A977FDC9A5AFB1F0E76A9F758F4C0E605BBA87BCB88BA02379D88ADEEA6130030E5043B2A4FB08300C10E8A99C860070040D5388DA4F2043B0810ECA018C10E008031701A49E509761020D84131821D000063E03492CA13EC2040B08362043B0000C6C069249527D841806007C5087600008C81D3482A4FB08300C10E8A11EC00001803A791549E600701821D1423D8010030064E23A93CC10E02043B2846B00300600C9C465279821D040876508C600700C018388DA4F2043B0810ECA018C10E008031701A49E509761020D841319316EC1EFBC5737F75FB8EEF6DFFC5EEBDFBCB3E3600008BC2B1AB0F3BFBC4D597FD9BD9E35E70F8C2BD8A6047E509761020D841311315EC1EFBC573EFF8C24F4E5CBB62C793CFEE7A665FD9C7060060515877E4F20D47AF78E0F1BD7F79F199EBD7AC58A05711ECA83CC10E028A05BB6D9F7AF3355B9B5F6E79EF97DEB939FB70E2F1941DB7BCEF3D376DCF2C157BB8F716725E3D67B3F127439B6C6EADC7EEB6D6DE7961F2A5EE38EFDA8F5D30CF7F376BFB72F3ECFC6FB6C4F735EE7734C0FE5C13BDF7BDD135B5FFDDEB273E88C90976B53F557F7ADB7D4FECD9F7839F3DBD10DB0700A087B34F5CBDF688E5EF3FFF94254B962CC4F6053B2A4FB0838002C12E9EE51A9AB12BF3F0A68B82A126BD5C2795E53E31C8ABF75ABBFB547693EDE72623D88D5B55DFD7784C4EB0ABFD31BBF0D33F5873C4F2ED8FEF2DFBA800002C3A9B8E5939F7DC811B2F7BC9CCCCCC426C5FB0A3F2043B08183ED8351357B3C6B506B5D56BD76CE3CB56A48B2F935C3BB6C6E6E4E0B6C633D1457D6A51CF570F6CB6B5CCA64D9BB66FDF9ECE723DC7E4A5F73A376CC5B6D27DC7D9717B81BDEAEA1EB7CE78B4DCCD768786C5BF4B6EB2F132995789D215B5D0FBBA79F6BDE7DD714DF399446D0DED58FB1D45C97DE91E98E0ABA4C361ECFBF42EC7FEC3681EBAF87F47A18DCF5F949C9C6057FB7BF6DA8F7F6F21B60C00C080BEF2AEB30F3BECB085D8B26047E50976103074B0DB110F73CD0AD5F826CA06BBFE1350BBAB6FD8915774067AF59D3D36FB89E88AF402B16D6DB9E8A2076F0A4F964DBE6C3820651257EB9BD6C8BD2D8986D57920599DBA992E599D36C6DECE83DD039BD3C5BA8F375E2AD50AC3F3528BBEAF7863DD98DD819C60D7DE5EFF571921D8D57ED0779E9BDEBBF83114EC00005800821D1426D841C048379D480EA41B28B9C55A5A94C87799A9AE7D06BD255F3D77B3C98533F3646B0FBC6967DED5ED52AFF56077705AE7DB9D894E151BB2D648565BB66C8DCEED04A33BA32D5BB7460305BB2855A53A012C7F845D7A6FA341825DC1F7953C8A3D77AC67B0CB7D95C2C1EE8AE813ED6777E41CC359C10E0080F927D84161821D04140F76ADC2969E05DAB129332BB1FED0853BDF132C6B8919B5D9B9AEF12D865E7DD8609719DAD7AF0E2673647D866D74DEB51F3BF7CEECA4D36853B778BD37BAA639DCABDEEBCEEDDEEAA05FB0DB992A6C89C4959F35F36EFAD1EBCE0FC3BFAFF8A6FAEE58784A6C705065ECA9A877B08BAD94FA99278734068F61FDBD09760000CC33C10E0A13EC20A058B06B57934DC9C159C9B992DB6353659BABB5835D68EE6A60FBF527E2E9283D942FEFD5439B0DEC5EE65DF58D7689FDEB1D7F5AE3B9CEBDB33141336ACCD3AC7D331FC12E6F4AECD6F8A5F0061C6157E47DE506BB4147D8B59FAE8F6D0CBFCAC023ECBA23043323EC043B0000C648B083C2043B082810ECDAB92BD9B742452C50C0F26E3A91985D9BBF7ADEABE7DFCBA2C7EEA50D1FEC32933A13AF577F226A0DAD6B65BB0183DDB0536253716AE460D7FF7D8D3225B6F332B3B7E6BCCAE05362E37375DBADB3B94D536201001823C10E0A13EC20A0E85D621386BA085D7AB9D65299D5375D9437722DF4EA799B4DAE17DAA301A7C466D6E9DE36A17B6FDBC480AF6EC98A45C9C182DDB0379D08DC2E36357F78C860D7F37D6D8DFFCCFADF0D2377845DEB3EB68157293CC22EBE6EE4A61300008C8D6007850976103074B00B14B3E454D4D46301B1016E81EBCC35846B5DEF57CFDB6C6CC5F90F76C9D74D5E522D7D03D721825D72B3C9EB04066F3A113B305BDE1B9B7C9B7A81F9795F5BB66CDDBA75B01D0B5FC32EF68308BE4A8F2190B3A9A762FFEDB5DF63F238A78FA1600700C00210ECA030C10E0246BA4B2C8B4EDE8D69175CDEDD614B24D80100D021D84161821D0408760C43B0EB12EC0000E810ECA030C10E02043B8621D875097600007408765098600701821D1423D80100D021D84161821D040876508C600700408760078509761020D84131D50876AFD872FA1F6F5ED3F9F63BDBEEFEA3AD4F2DC44E12B2E64B579EBE72CFDC3B3FFDCF0F94BD2B00C088043B284CB08300C10E8AA940B0FBF025E7BCFCB8E5A907EFB9F7E1CB6FDDB110FB4986600700D521D84161821D04087650CCB407BB934EDBF0A97FBF7E5574E0A6BFF9C967EED91B7C0400800109765098600701821D1433EDC1AE39BC2E3507F6ED6F7AC945A7AE32C80E006058821D1426D841806007C54C79B05B79DDEF9E79DA11073F70F5F7BF1D7BB419EC9215AFB9E4B2CE32F19CD758FEF09BFEE627D159A7D4566CEE4E76805EF24A79FB522FDA7781F8B3B157AFCF275D177A6FBB1E7BEACD37ECA8EDF60BA3E7DEF9E9FBFEA0BDFF73A1C9A7F179C1A905425386D3EFAE79C43ADFC6B7D01CB1B8B7BE3377275F6E697B23BDA7C466DF60EBC8B4C742B6C47F5E055E34BB4AEA91E4EADD9F48E7CDA6FEB3697EDBF829DCDD775D00A80CC10E0A13EC20605E83DD8E5BDEF79E9BB677BEDDF2DE2FBD73F342EDF8B64FBDF9E6D96B3F76C186F073779EBB80AF3DCC4E5EB3357034BA076AD345D9F7507F76E785A1FDAF3F73C77939EF7A61F63FF72033E5C12EA09D81BABD2C15863A3AD5AC19ECBE73EFDCCB4F5D1D5F209E90FA66AF54F36AE8EE43F6D9F6AB0F14ECEED9B3FC5712AF1EAF81C12D7417085EE32FB6F3E994D9D449510B14EC7E2970B8BA3F91B104BBD68E05835DE7BF999C60975E17002A43B083C2043B0898BF60B7E396F77D22BAA2FCB8939FBBC6AC5EEB1E6CF7B846A2DBD86876B12F93CB7476FFA6EDC1D8D97C2A94F816F4684EC44F75125528D825C250B6B5C51F69A69954A989D2096F55277BB507C7752B586A8055B612365F7457AB1635F7ADD5C8B20BC7F6736972EC5BA7A6A5FBDAAE44875A1E2B47C105129B8D1F90E61BD995E95CAB927B3B62B04B3DDBC9619D1F4AFB08177FD161835DE7871E0C768DAF97277F9ABDD60580CA10ECA030C10E020A05BBD848BA4DB12275EBEC85D135AD1165EDC75383EEBA03CD924F74FB54E7F1D616321B683D357B6B78F0576C745DEE80BFD0FE075EBAB9B56BA2CE7AF1EFF2F63FBE23B155BBA3D5A2E428B9D820B6D626376DD9126D8D32C9B19ECE766E8CB63E785EF85DDF3CFBDEF3EEB8A6B94BE1D17CC9F7D57CD5C6B3D145176DBCE9A6D8CEC6A3A7517679AA1AEC76255B4F70E195C952B32B90875A55ABF175149A787B7833E28426E1765F62B651A3E29370436DAE57B0CB6E795DABF7C5BF8E926B45CD4DF50E76C1A3135F6521825DF02283F174B8F0C1AEBEFA93F73E75F4A96B5606825D547B368A6DAAEFBA005019821D1426D841C0F0C12E3E402C3642AC39FB734BFAF1449EEA76A044CD6AACDA5CB3F37876F2672A1C853B5262785D7C1BDDAF77A4F7A8F54DF0A5F3825DDEFEF73E6C8DADEE4CEE786C8F77DC72CBCE0B2ED81C1C23D81CE97645F489F094D8C4D1CF19CD171FCED73E7A3BDB7933F186923BA0D8E5A850B0EB6895BBE04D2792D3635B9D2B94DB5AFDA8B1915DC149A34DB1A2D79D769A6A7FC1ED67E507BB837963F1BE11ADCB86ADD42B06A7C4E604CDC4F4D8D4E4D0EC4FAC70B00BF6CAF892D1F02F3A54B06B17D807AEC874DBDABBFE6A74EC1F6F5E9D499CBDD60580CA10ECA030C10E02860E76E99AD42A3D6FDA192B43ADC7EB99E7DC3B83C12EA9538BD2A3D2520BF50D76C9CC170C763B532FD1DEA728F8D2F923ECF297CA3B6ACDC3932E9181CBD2650F537B626A94770DBBD41EB4BF9D0DFFB01A07BA76F4EAFD2F3690AEBD85C08F58B10BA862B08BA2F4B8B39539C52D1EEC0E4FF5A301835D330B2E68B06BDC74225185460F76BDAFAFD754D560D73C68DF6F8FA45B9999191DE5CF56CE5B17002A43B083C2043B08183AD8A5EB4D2B3865C67EB5AA4F3DE4E506BBF43D19667BDD5361906097EC56C959ABCDF9A0A119B6F5A772C6AEC5F7B0BB9F79FB9F13EC12C3DC0A04BBEE75E476F40876E9617BF5E5D2F38613D9726BF6CD744618267AE1C45C1570C25434D82506A6C58A5527C4248ADE60C1EE60F6B6B01D3905AA65FCC12E339F7769F6FE18CDAA18BF776D670FE3AB2FC494D8E0E16ABE50140B760B3325F6BE97BEE694F6210DCC8CAEBDEB078F994DFDBCFAAE0B009521D84161821D04CC57B00BB6A1FC60D74A5D9B2E4ACC469D8F60177B3091B7622301432F9193C27A4D89CDEE7FA068B5AE1117DBF0B6DC29B1F175BA0FC56FFB309FC12E35C22EF113CB8CEF1BEBBD69A7C59407BBBC6892BECA5BCE4D0F12536253536833CDABD745DFF2B7500F4C3F5EBF21750DBB5764AE6A17F59A121B251F1CF51A76F1E37659BF0BE755EC1A76CD7B01B77F94E160F7475B9F4B25DABEEB02406508765098600701F33525363DFBB21D79C25362B3F16D7EA6C46647D865AE56377BEB30D35A73825DDEFE07B6F960FAA6AEA90318781F990BF16586046686F3159B129B9A20DC78DDF32E7AF0A69E0191B6290F76E9DBB936B4AE6117BC436BD4BD216994BA865D141B6296BA8D6CEA1EA68D7513512C7567D5287D1BD9D62EC55BCFBAC4D6EA7ADE25363DBDB753BB0ADC25369EC69AABC7DA59F7DE1D0B17ECCABB4B6C7DA0656CC2725EB04BDF3CB7EFBA005019821D1426D841C0BCDD7422E7F1281D9FDAC12E7DBBD54D9D5B57449DDB25242AD168D7B04BCEF8EC8E794BDE3523F3D2F9C12EBCFFB9FB92730007497A836C3371D389BE3F94EE4D27B2B7E0A8BD95740E740DBBB0690F7679D7A78B05AC28E7226E512AD8EDDAB36FDD11F1C50E64EFAC9A5A7F57FA46A2A905BA5BC85E276E57781E6B7884DDAE3DD1BAD87B9C4B74A2C4ED71B32F9DF7F6E3652A7864172ED8453917CEEB1C93015F745D3490789A4CFE5873835D14B8D144AF7501A032043B284CB08380E1835D9418F595E854A9C7EBA3EB12FD2755C25A977FAB3D7FEE9D893B1E34B791EA46C5EE121B1B9CB6257871BBD81B08BC74EE4D2772F73F708CA2CC2E749FCC74BEA870B08BB66CD9BA756BBF1F4AF3F1D8D1CBC4C78D7ADD60A63FD8D5A5EA4FF6FEB0C96855CF2E1B5F7E4667966BEAE2658D65F665AF58976A5BD919B2C9DD486F21BE7AF00EB63DEF127BD725ED2E19BCC16BFC0DCE052E18970E76F19D4FBDAFDABEDDF0F8CA5166A726E53E9BBA9D457C97162ED8258F5EAF6017BFA6DE65FDD60580CA10ECA030C10E020A05BB49B638F352FFFBD40E24940A17E7011D443582DD8806BC29441956F6BDDF053D04C31F00D08360078509761050B960B738AFB8363FC12E7E7F8BFC876811EC22C1AEBA043B00189660078509761050BD60B72893DDC8C1AE3971363D41D7E8BA5E04BB48B0AB2EC10E008625D84161821D045431D8C13808769160575D821D000C4BB083C2043B0810ECA018C10E00800EC10E0A13EC2040B08362043B00003A043B284CB08300C10E8A11EC0000E810ECA030C10E02043B2846B00300A043B083C2043B0810ECA018C10E00800EC10E0A13EC2040B08362043B00003A043B284CB08300C10E8A11EC0000E810ECA030C10E02043B2846B00300A043B083C2043B08D8BE7DFBECECECCCCC4CD93B02D3A4F617E3A1871EDAB871E3E0AB087600001526D84161821D043CFAE8A3871F7EF89A356BCADE1198264F3DF554ED0FC671C71D37F82A821D00408509765098600701B5FFF06B7F008EAAFD57BF7AB57176D057ED9FCC33CF3CF3D4534FCDCECE2E5FBE7CF015053B00800A13ECA030C10EC26AFFEDEFDAB5EBD9679FADFDAB287B5F60D2CDCCCCAC58B1E2E8A38F1EAAD645821D0040A50976509860074069043B00800A13ECA030C10E80D2087600001526D84161821D00A511EC00002A4CB083C2043B004AB3D0C1EE3317AC5BA0734400007A78FEF9E7DF7ECB2EC10E0A13EC0028CD1882DD09279C50FBB355FB4B56FBF3E6EFD77C79F4D1478F3FFEF8B2F70260F1F27B9889B564C992A54B971E76D861B5FF4A053B188560074069C610EC6A9F679E7DF6D965CB96D5CE1D6B679065BFE38A78E491474E38E184B2F70260F1F27B988975E8D0A1465338F0E4934F5EFE374F0A76509860074069C610EC6A962C59B26CD932B56E1EF9A008502EBF8799648DB870E0A1871E7AC7DF3E2DD84161821D00A5194FB09B999951EBE6970F8A00E5F27B980977E8D0A19D3B77FEEEFFB35BB083C2043B004A33866077CC31C7CCCCCC94FD46ABC607458072F93DCCE4DBB973E7FFF27F3F25D84161821D00A51943B03BF6D863972D5B56F61BAD1A1F1401CAE5F730934FB083110976009446B09B523E280294CBEF61269F60072312EC00288D6037A57C50042897DFC34C3EC10E4624D801501AC16E4AF9A008502EBF87997C821D8C48B003A03482DD94F24111A05C7E0F33F9043B18916007406904BB29E5832240B9FC1E66F209763022C10E80D2087653CA07458072F93DCCE413EC6044821D00A511ECA6940F8A00E5F27B98C927D8C188043B004AB35883DDB7FFEC957FF0D5287AFD476EFFC357341F79F00B97BDE5BABB4FBFFCC6CF5EBCB1ECBD1B800F8A94A1F50F2729F6CF081613BF87639ABF1CE2BF0D9A7F55FD7E289960072312EC0028CD220F765137D0C5835DA74A4C6EBFF34191320876D0E5F7708C6037A1043B189160074069167BB0EB36B94EB0FB60F4A1DA179D2527F4C3860F8A9421FB99BCA5F9EFA7F9753883079A78633B390FA73FED2706C5C696CBDD2358707E0FC7F40F76E1DF129D8763ABB6FF4287D7CD0C8D7FFD473E12FD41EB4FBADF0569821D8C48B083B09F3CF4CC1FFE5FFFFCF05373070FFA0F1EFA9859B674FD9A557F72E12F9DF9C223875A717107BBD75F7EF9BDD75D776AE3FCBE9D0D3EF2EA6FFE412B1F44133C3CC00745CA10CE63817177AF4FFCAB1A39D8755E2115ECDEF240E6A33E8C8DDFC3317D825DEE6F896E8BEBAC9B7E24BB6EF2FFD316059FA349B08311097610F093879EF98F9FF9EECCCC61CB0F5BBE64C992B27707265DEDEFC2BE9AE79FFFABCBFED5AF9CF882C1575CE4C1EE23B7BFEA5BAFFC837BBB75AE1DEC6225613253800F8A942114EC5A1F993B9F929BCB9C1EFF573562B03BB1FBA13C19EC1AC36A7C3CA72C7E0FC704E7CB4751FC9F79F0B7C4C6C673D1E9A7DF7DF7A9DD7FFADF8C6ADFDF9DF91551DF60FC2F736ABBD9ABD322D8C1A8043B0878D327B63DFECCFEC30E5F903F2D5055CF3FF7FC3147CEDC7AC5E6C15759F4C1AE39A5EEDEF64C585362A18750B0CB3C162C6D6DC307BB1B37FD9FF5FFFBFAD77FF5AB5F8D5203EEA289FD17CA62E0F7704CCF60D7E3B744F3574074F9E5A75E775DD4FEFE9BAFAE7FFBD5D8BA69B1D89799752BE2C709763022C10E025EFEA1FFB662D52A63EB6028B5BF0ECFED9DFBF607FEEDE0AB0876ADFF17FDA98DD9B16E3A01BD9410EC1AA1AEF6F47FDCFE963F0805BBC9FD474AE5F93D1CD3734AEC00C1AEF14F3C6ACE73FFE6AB9BFFE005BB7920D8C188043B0838F783DF5CBD7A75D97B01D3E7E9A79FBEF343AF1E7C79C12E763DFB688A3EFCFBA04819C63F25B6FE0A8D277F167BAEBD5C6BF09D317694C3EFE1989EC1AEFF94D8E6E8F66FBEBA7E558A6FBEFAC6CF9E74E32B5BC1AE57843325B63FC10E4624D841806007C5087683497DB4E8A481CE409E8E094D783E285286F9BDE944AE58EDEBFC13FC7620D8DDFE8751FDAB09FD474AE5F93D1C33DA4D27A2DA3FE22D5B9BD7AE8B5EDD2EF4F9EB267EAB049FA245B0831109761020D8413182DD6072E6E70876D04B38D845C99B35A6AF0E3F5AB04B8E834D07BB57E4EE112C38BF8763FA04BB28EFB74437D82586E47E3B16ECA254B3CBDE80A271FF99D4766912EC6044821D040876508C60B748F8A04835753FBCFBD0CDA4F37BB86C937C2FF74921D8C188043B0810ECA018C16E91F041916A12EC981E7E0F974DB0EB4FB0831109761020D8413182DD22E1832240B9FC1E2E9B60D79F60072312EC2040B0836204BB45C207458072F93DCCE413EC6044821D040876508C60B748F8A008502EBF87997C821D8C48B08380451CEC8EF9B32B4FDE1C7FE0C947FFD7CF3E7857D9BBC5B410EC16091F1401CAE5F730934FB08311097610B0B883DDFA9FDDF8A34F3FD2F8EEAC17FDDDB9CF0A760C4EB05B247C50042897DFC34C3EC10E4624D8418060170A7647FCEE65BF74E1D18DC713C3EE9283F2EEBBFFD76F79BCFEC5091B6F78CBF1B3ED87B77DEDBB7FF8A3D8163AEA9B9A7BEB952747F505EA0F9CF13F9CF57FFCABE7AEBEFA5FBE925CF00D17BCECCA53E22FD17CDDDDB125938F047620F56063C9E0628D4D7576A97E1C5E1735369BF778F3EBA392EF6B31864EC16E91F04111A05C7E0F33F9043B1891600701825D26D8355ADB93AD18576F67477782546D95B55B1BD1AAFE78D4AD699DB0D5686DA9B2167B95F8C2AD7CB63B1DEC02C9AC150AB725F2D951AD0C97B703F5ED1F7547F0A513FB396CB0CB3CBE5847260A768B840F8A00E5F27B98C927D8C188E2C12E8A96D41E3974E8E0C18387E6E6F676E2DD33CF3CB36BD713821D8BC8E20D76F59EB5E2BF746259273CA51E4F27B6D653B16097141F89D65A3D1CECDE70C159273DF9DC85FF2ACA8EB08BD22FDDF8E2BEDD9BA3273A19714BB47BF329A1753B3B900E7679FB3964B0CB3B6E65FF3CC74FB05B247C50042897DFC34C3EC10E46140F764B972E7BCDFFF8EB2F7EF18B6B9F6E9ACFAE5FBF7ED3A64D2FF9E5B377EE7C48B0631111ECD2E1295DA0EA03EECEBBEFC797FC7F7BEAAB9C1FFD69E3A94CB08BCF961D6084DDCF37DEF0F2B94BEE5E9BAC7B5D8DD9B22B76FE63E3755B6BDD1FBDAE39BEAF31D0EF6BD195E93298DC8170B0CBEE67E6E61B7D1E8F1D9048B09BAC6077DC71C72D5DBAB4EC0353353E280294CBEF6126DF430F3D74F9DF3C29D84161A960F77B57BCEB15AF78C59AA35B17993AF2C82357AF5E7DF4D1C708762C2E8B37D8A54AD320C1AEF6D4E9DD316EF129B19BA3A815D7061B61B7F5F4B34EFACE8F3E7DEC8BF2825D7CE1D608BBFA5A2FDB72F777FF306AEC4637F6E5EC40684A6C683F87BF865DBB27B676D335EC0623D84D291F1401CAE5F730934FB0831199120B018B36D8D593D3D10F7787C80D3025F60D17BCECB79E6C8D2CEB06BB6CF8EB1BECFEF1D10D47CF5DD25CB757B0EBBCE2CAD63E3452DDD5D1C9AD6CD75C376F0752C12E773F870F768DABEFED683E6584DDC0C610EC8E3FFEF8DAB74B962C29FBD8548A0F8A00E5F27B980977E8D0A1DA7FA5FFE9D627043B28CC94580858ACC1AE3E6EEEC43BDB352A1AE4A61389F4960876C992351B3D7B73A2D0A5835DF7EEAEA160572F89A7EC6EBF6262845DFBEE13BB5B9DAE13EC823B1065825D783F870D7689E323D80DBEFC18825DD438658C343B0080B1A89D7A35CFBBDE7ECB2EC10E0A332516021665B0CB5E9DADEDBE66876A34A9E62F87273BB52EB44A63F9C61D579BDFEFBEFAEA27B6C43B5728D86DF8C7D805E00223EC62AF7E5FFA46B4C15018DE819FA7AF6197B39FC305BBFBEA9361A39BF306EE2D269319EC0000183FC10E46614A2C042CD660178F682DE949B2FD56C9BD512C8BC30406BB534E39A5ECA35241F7DD779F030B5022BF87997CB5FF4A053B188529B11020D87508760C45B05B247C50042897DFC34C3EC10E46940A76577FECA3BFF22BBFF282A38E6A3EBB72E5CA5575AB053B16974519EC601E08768B840F8A00E5F27B98C927D8C1884C898500C10E8A11EC16091F1401CAE5F730934FB08311C583DD8103073B91EEA9DDBBF7EFDBDF70E0F9E79FAF2D26D8B1880876508C60B748F8A008502EBF87997C821D8C48B08300C10E8A11EC16091F1401CAE5F730934FB0831109761020D8413182DD22E1832240B9FC1E66F209763022C10E02043B2846B05B247C50042897DFC34C3EC10E4624D841C0CB3FF4DF56AC5AB564C992B27704A649EDAFC3737BE7BEFD817F3BF82A82DD94F24111A05C7E0F33F9043B1891600701FFD3C7FFFEC9BD0716E84F0B5455EDAFC53147CCDC7AC5E6C15711ECA6940F8A00E5F27B98C927D8C188043B08F8E1CF7EF19F3EFB8FCB971F56FB1FE3ECA0AFDADF857D35CF3FFFBF5FFA6B2F3DE9A8C15714ECA6940F8A00E5F27B98C927D8C188043B08FBE1CF7EF1BFDDFCE3C77EB1F7E041FFC1431F33CB961E7FD4CAF7FFCF2F1EAAD64582DDD4F24111A05C7E0F33F9043B18916007406904BB2935751F14BFFDE5EF6E3DFD65BFFFE2B92F5E7F6FF4EFCEFAED63CADE2180D14CDDEF611621C10E4624D801501AC12EE681CF5F7CE17D97FFC3875E59F68E0C60BE3E283EF8ED1FBDED8E675FF3EF5EF6FB2F9EF77DDCF5E7573FB4F1D2769B7B7CC7E5D73F7C4FED8B334EF9BB37AECB2C3CF7C5EBFFF9B38F271E3AEDBC975CF78A550B72F8004626D8CDB769FA2B3C2D043B18916007406904BBB6FAE7844FDD159D7FED747C5498A70F8ABBFEFCEAFBEE3F66C53DD1D19FBB74C3C632DF503DD83DF8AF17A21B022C08C16E5E4DD95FE16921D8C188043B004A23D8459D4F09679C7F7E745B3425FFBFFDF9F9A0F8D3BB7FFD6FA33FBE74E50DD73FF9AACE50B846C58B3A63EE9ACB5C79FA2BDA4F7DA3B37A6BAC5C6324DDBF3BFA5B7FDB184017AD892DDC1C6197D860634CDF8AF6321D3D835D67745EC36B129B7A36B65CFBA5C3CBC747FCC57729FE756CA0DF31EB5B1133B9B59C1182C0A223D8CD9769FC2B3C2D043B18916007406904BBA8FE51E1F30FBEF5ADAF9CAAC938F3F241F1DB5FFEEE0D6B5F72DD2BA22F5EFFCFDF3ABD33FFB477B07B624BE3EBDABA1F883AC1EEBE6FB46359ACC785825D2B7EAD1926D825F6A7FEBA77C55EEBEEA363596DEF25ADD70D2EDF37D8CDC58F4377E3F52DB78366FC6B607113ECE6CB34FE159E16821D8C48B003A034825DCC347D5498870F8AB1F6941CF5961FECBA512C1DECBACB77BF0D04BB6F7FF947DBD7AEF8EC1D5130D8A5AE6117BEB25E6C7F72825DDEF2FD825D144F9351B7211E23D8010182DD7C9BA6BFC2D342B083110976009446B08B99A68F0AA37F504CD4AE4CC0FA4662D9D854D3BF8DDEDF582519EC623797883AE3D4F6A683DD313B2EBF63E575A73F91EC62DDB51223ECEAA1EDD9CB921375BF91DC9F9EC12EBB7C9F60F7DBBB52136CEBEA37BE38E389F89458B7C2009A04BBF9364D7F85A78560072312EC00288D6017334D1F1546FEA098AD729DABB6E58FB0AB7D7DF7DAE615DC0A04BB2D77FF68FB7967FDF6E3770F14EC12DBA9EF6AAB94F51F61B72B67F90182DDDDA19B6F2446D5A58613028B976037DFA6E9AFF0B410EC6044821D00A511EC62A6E9A3C2A81F147F9AA966DD116DB9C1AE7DCDBBFAF8B2A1A7C49EB7FEFE27565E575BFEA74306BB753B7FFDEF57763B5ADF60575B20BCFCB05362DB12C16E2E79BD3F60F112ECE6DB34FD159E16821D8C48B003A034825DCC347D5418F183622CB7752446B485825D62245DDE4D27EA8FEFEA8CD4EB06BBCE028306BB4E407C3C7511BD87EF89565CD6B9F4DE132F6CBD8B78B00B2F3FD04D273E1BB56F0EDBD981C8083B2040B09B6FD3F457785A08763022C10E80D2087631D3F45161A40F8A39774E68DF7A62EDD640B0AB3FF88DECA6CE38E5EFDE18D51BD6196BBE71D753F5478E591FBB2E5E37D8DDDFB9F45B7EB04BDE7462C565F1387857F3C135EDDD7BC9C6BFAF2FDFBD3145EA8618E9E59B23FE426FA1A1BD9DF86EB477A055FDE26F795D042C7A82DD7C9BA6BFC2D342B083110976009446B09B5263FFA098BA505D5D7B905D64D019B00809764C3EC10E4624D801501AC16E4A097600E512EC987C821D8C48B003A03482DD949AA40F8A2EEB062C4693F47B18C2043B18916007406904BB29E5832240B9FC1E66F209763022C10E80D2087653CA07458072F93DCCE413EC6044821D00A511ECA6940F8A00E5F27B98C927D8C188043B004A23D84D291F1401CAE5F730934FB083110976009446B09B523E280294CBEF61269F60072312EC00288D6037A57C50042897DFC34C3EC10E4624D801501AC16E4AF9A008502EBF87997C821D8C48B003A03482DD94F24111A05C7E0F33F9043B18916007406904BB29E5832240B9FC1E66F209763022C10E80D2087653CA07458072F93DCCE413EC6044821D00A51943B02BFB2D02002C52821D8C42B003A0340B1DECFEEECA9795FD16010016A95FBFFABB821D1426D801501AC10E00A0AA043B188560074069043B0080AA12EC6014821D00A511EC0000AA4AB083510876009446B00300A82AC10E4621D801501AC10E00A0AA043B188560074069043B0080AA12EC6014821D00A511EC0000AA4AB083510876009446B00300A82AC10E4621D801501AC10E00A0AA043B188560074069043B0080AA12EC6014821D00A511EC0000AA4AB083510876009446B00300A82AC10E4621D801501AC10E00A0AA043B188560074069043B0080AA12EC6014821D00A511EC0000AA4AB083510876009446B00300A82AC10E4621D801509A050D76BFF99F7F78DD252F3976F5829C230200D0C3CF9F7EFE9D5FFCC90D6F3B53B08362043B004AB3A0C1EE4F6EBBFF45C71FF15B9BD797FD2E0100169DFFB2EDE17B7F3E77D56B4F14ECA018C10E80D22CDC9956ED8FD9434FEE7DC717EFFACD979DF0BA971C639C1D00C078FCFCE9E7FFDF1FEFBAE9CE873FF95B67CCAE397C666666215E45B0A3F2043B004AB370675A8DBF6A071E7A72EFE7EE78F4073F7B7AF7DEFD65BF57008045E1D8D587FDF2EC91179F7BDC896B572E6D58885711ECA83CC10E80D22CE89956B3D935FFB0F9CB0500301E4B962C59BA74E9B286DAD70BF42A821D9527D801509A853ED36A36BBDA1FB6B2DF2800C022B2B46DE15E42B0A3F2043B004AE34C0B0080029C465279821D00A571A6050040014E23A93CC10E80D238D30200A000A791549E600740699C6901005080D3482A4FB003A034CEB4000028C069249527D801501A675A000014E03492CA13EC00288D332D00000A701A49E509760094C69916000005388DA4F2043B004AE34C0B0080029C465279821D00A571A6050040014E23A93CC10E80D238D30200A000A791549E600740699C6901005080D3482A4FB003A034CEB4000028C069249527D801501A675A000014E03492CA13EC00288D332D00000A701A49E509760094C69916000005388DA4F2043B004AE34C0B0080029C465279821D00A571A6050040014E23A93CC10E80D22CF499D663BF78EEAF6EDFF1BDEDBFD8BD777FD9EF150060513876F561679FB8FAB27F337BDC0B0E5FB85711ECA83CC10E80D22CE899D663BF78EE1D5FF8C9CB4E7EC1BD8FCDDDF3D8DEB2DF2B00C0A270DA712B4F3BEE883BEE7DEA2F2F3E73FD9A150BF42A821D9527D801509A853BD3AAFDA9FAD3DBEE3B6C66C9D7FEFBAEB2DF2500C0A2F3BA5F5EF7FCFE43EF3FFF94254B962CC4F6053B2A4FB003A0340B77A655FB6376E1A77F70E6ECEABFBFE7C9B2DF2500C0A2F3AF4F3BFADE47F7DC78D94B6666661662FB821D9527D801509A853BD3AAFD3D7BEDC7BF57F6FB030058D4BEF2AEB30F3BECB085D8B26047E50976009446B00300A830C10E0A13EC00288D6007005061821D1426D801501AC10E00A0C2043B284CB003A034821D0040850976509860074069043B00800A13ECA030C10E80D2087600001526D84161821D00A511EC008049B06CD5CC619B8ED8BF7C890FBB594B6BC767FFA1E7B7EF3930B77FD875053B284CB003A034821D0050BA65AB66969E76E4AA654B572C5BBA7449D97B33790E1E8A9E3D78686EFF8183F73D73E099E19A9D6007850976009446B003004AB7F2CCA30E5B51AF7665EFC8449BDB7FF0F9670FECFDC9EEA1D612ECA030C10E80D208760040E9969FB566EDE133C6D6F576F050F4E473FB9FFFD15343AD25D84161821D00A511EC0080D2CD9CB5E6D8153365EFC514F8F9B3FBF70B76302E821D00A511EC0080D209760312EC609C043B004A3369C1EE155B4EFFE3CD6B7A2C30B767EE9D9FFEE707C6757C26CD872F39E79C23F6B58FC09A2F5D79FA5DDBEEFEA3ADE913F7C6615C7DD3DFFCE433F7EC2D7B9701A03FC16E40821D8C936007406904BBA9B2F2BADF3DF3E83D4FBFF986BBA3FC2A77D2691B3EF5EFD7AF8A0E0876004C0BC16E40821D8C93600740692633D8DD73EFC397DFBA23F3647D40D9CA451DEC1243EADEFEA6975C74EAF20F5CFDFD6FC79668D7BA1AC10E80A921D80D48B0837112EC00288D6037455243EA92D363A3E6232F3F6E79EDD8EFDA13AD3B2212EC00981682DD80043B1827C10E80D24C7BB04B4EA1DD171F6ED61C6BF6D0BD0F7FE447517BD05914DA727DB3EBDADF7C277149B8C453C997483C95DC6C603F1BA3E156B5375E9FD97ADA1107E37BDB5C60D7634F35A7BBC6359FEA71D09A9B6DBEDFA8F1BA97D5CBDDD2DEC1AE79E86AEB7E353AB6730CBF93B9225E8F239CDAB7CECE7F38F4EA9D1F47ED40E54D7CEECC774E1EAE410E45673861FA47D6DE48F64719C5767BC7503F1100E69D603720C10EC649B003A034531DECDA03CA122FDBE944ED42F4D4D1A7AE89979A78820996A3D8AB87835D145A2BB6D9A1835D671EEB28C12EFEC887070E763FBCF7A9D34E5D13DF7AFCE0F73EC2D91D6BEE7FF087D858F8F0E6BA0B14EC7EBC7E4370B38DED444305BBDE3F1100E69D603720C10EC649B003A034D31BECDAD1A73BE6ABF94827FA749A4BF691D4A8AB58186A3E9218AE959984DB5AABB393C1CD0E15EC3A5DAC671E1AE88E135177830305BBF88BB61F3990CC6A7947B8791C52430E9BDF668710D61F7961F45CFC67D76358625EB0EB681EF3BD89C3D57CD1C444E0E6814D1DD5D0C129F6130160DE0C1CEC565FF9AA63CE493EF4FDBBEEBFFA91B2DFC0B80876304E821D00A599DE60D7482A516886666B1857BBA325667136B71F1F0896AA42F1999B3D26E1A63A4E7C3AEA034306BBE6BAF73446BAEDED9587FADF71A263F0603717DACFE6F1EF7B84B3BBD7E977A9E2963CAA0B14EC065DAC6FB01BF82702C0BC192AD845F14277C2F1379EB1FC2BDFDBF185A7CB7E0F6321D8C13809760094666A835DB3B02C0B6E247E4DB74C70E96EE435F9534DDB3DAE6F7AEB88179FDCCBA585825D6BE8D99F7F63F7EFF72C507DEF38113778B04B1DEAD841DBD1F708C7B7D3FC99C75EB17E10A2F6DB4965BE01835DF235031728EC77B85AD3635351B25FB01BF42702C03C2A1EECA2C32F3EF785BFBAEBA12BEF8D6A5FBC6165E3B1BDBBFFE8CE27EE8FADD21D94F7C4E36FF951A3EDAD5E7BF5AF1D7542FBE1D630BDC48373DF7F62D539517BF9283AF9D40D1F5EB5FB2D0F2C8FAFD87383877777A9A3BE6FFBFE43EC5DD437BB61DF67BEF5E8B70678FF821D8C93600740692A19EC9AABA746756537D223D8CD0D3A56AEA360B08BDA19EE1BD1BABC02B5A0D7B00B0E30EC1BECE23FA0781A8B0F3C8C0DD04BCC878D0A06BB287B81C2608DCD1EF9A182DD203F1100E6DD88C16EFD830F3DBCB199ED9E8B9A096CDD5CBBD9D55659F5DD460E7BD55927BFBD15E012DBA93FBE76AE9ECCEAD16DD53F75C6EBD587EF45ED94D67CA1FBAFDE135BA6BB7CCE06BBBB7DD4C3DD6180B1855B996F4EB0830924D801509A290F7607F3E68446996998D98DBCA6DFBCCB6146D8C527840E3E25F6812BDAC3D07A0C192B35D8F53AC249E94BC875B6FFD9878F4CFD200A4C894DDDB335FF1A76F5C298BA6A613444B01BE82702C0BC1B754AEC8E7D6FD810C59A573BAEB58AD8F22FA7835D5227CCA5825DBAAC35B6B33A18EC7236D8DDED70B07BD5591B36CCA576BE17C10EC649B003A034531BEC5AB705E87B99B328FF0A74C1ABD1F578C5EC16725E6BD060F79D7BF7BD3C79C5BDFC3C34C41D27A261825DEA8D64AE61B7BC67D04CC854B6D6C0BAAD8F44AF4B5EF6AED035EC120B640F57F00006AFD3D723D80DF31301603E8D70D3897D5FF9DE8EEF1CB7E1C31B52B7358F1ED9D11870B77AEDD567467FD9186D970976F1AD8546D8C55669CD87ADAD9B9CFADA7A95BC0D761F0F05BB3D6BAF3E69DF953F5F95AC7BBD0876304E821D00A599DE6097BAA5696381C420AFCECD5B53C3B256256F02BB2E39C1335EAC16F82EB1F5B160A98DE4E7A121EE38110D7997D87B92F782E85C2DAEF711FEF1FA0DC9DE97BDE56EEBD275BBF6442B63F361A385196197BDC7486764E2C0C16EA89F0800F3698429B175C939B049271C7FE3B173CD48979A127B4E27B7E58EB0EB0CAC7B6A4362C85E6799CEFEE46CB0BBDB8160F7DD63376C7860C7178E385EB083C924D801509AE90D76517B905D6AA154D389F6EC8B8E581E9F509A77FDB5984EF40906BBF05AB12A3478B0EBD6A5DE7968A83B4E44438DB0DBB36FDD11896318CF643D8F70E03282A934D649999926987EA1F9B8865DEE650D87097683FE4400985F2306BB4C20EB7AD55927BF71AE3508AE1BEC6ACB6FDCD70D7C3D825D7376EDAEDD276C68CDAB4D06BBF62D2FF6AC096FB0BBDB9960B763F709ABF65DD9DC19C10E269260074069A63AD8459976166F409DE072D577F636B35114BADC5BEA4E05C929A2E160975DABC760B1A660B08BAFD53B0F2587D425A6C7060D7597D81B1E5F19BACD6BFF239C6A6473A10395DA93CED6E642E3167B06BBC4BEE51CAE54B3DBF781ABEFBA247965BDA867B01BFC2702C0FC1A35D835C2D91BA2F6CD619B17B66BDD0BA25BCA12C1AED3C85A535CEB536BBF1005AE49D7B88BEBF2E4DD603323ECA29C0D760B5D3AD89DD399332BD8C1A412EC0028CDA405BB7924B8F4D6B38DCE971EC51300BA460E7651ABD9AD6C7EBDAF5DEB5217BC6B68A4B7C68D5C9BDFCF7DE65B732FEB5C542E7B138946807BA4F3A2C96BD875425E78838F74763B1DEC4EE85CFC4EB0834925D801501AC16ED11A43B07B7BFFFBF00240DDC0C16E28A94C56977BA3D85E9BE9DE67B674821D8C936007406904BB456B21835D776AEA9CE175000C609283DDC9A76E7847F4F3D8AD60CB24D8C1380976009446B05BB41674845DFB6E15FB7ADCCA16003A1626D88DAC39FB75EFEEF0FD67CB20D8C13809760094A6C2C10E009816131AEC268F6007E324D801501AC10E00289D603720C10EC649B003A034821D00503AC16E40821D8C9360074069043B00A07482DD80043B1827C10E80D208760040E904BB010976304E821D00A511EC0080D22D3F6BCDDAC367962E297B3F26DBC143D193CFED7F5EB0837111EC00288D600700946EC52F1D75F88A9955CB14BB5EE60E1C7A7EEFFEBD3FD93DD45A821D1426D801501AC10E0028DDB22367969D7CE4CA99A52B962D35CE2EEBE0A1E8D98387F6EE3B70F0FE67F63FB37FA875053B284CB003A034821D003009961D39B37CE311076696F8B09BB5B4767CF61FDAF7B33DC3D6BA48B083110876009446B00300A830C10E0A13EC00288D6007005061821D1426D801501AC10E00A0C2043B284CB003A0340B1AEC7EF33FFFF0052B677EF6C4B365BF4B008045E7C4752B9F7DFEC00D6F3B53B08362043B004AB3A0C1EE4F6EBB7FF7DEFD3FF8D9D365BF4B008045E7EC1357AF3D62F955AF3D51B08362043B004AB370675AB53F660F3DB9F71D5FBCEBD4E356ED78F2D95DCFEC2BFBBD02002C0AEB8E5CBEE1E815F73E36F7C9DF3A6376CDE13333330BF12A821D9527D801509A853BD36AFC553BF0D0937B3F77C7A33FF8D9D3BBF7EE2FFBBD02002C0AC7AE3EEC97678FBCF8DCE34E5CBB7269C342BC8A6047E5097600946641CFB49ACDAEF987CD5F2E0080F158B264C9D2A54B9735D4BE5EA05711ECA83CC10E80D22CF49956B3D9D5FEB095FD4601001691A56D0BF712821D9527D801501A675A000014E03492CA13EC00288D332D00000A701A49E509760094C69916000005388DA4F2043B004AE34C0B0080029C465279821D00A571A6050040014E23A93CC10E80D238D30200A000A791549E600740699C6901005080D3482A4FB003A034CEB4000028C069249527D801501A675A000014E03492CA13EC00288D332D00000A701A49E509760094C69916000005388DA4F2043B004AE34C0B0080029C465279821D00A571A6050040014E23A93CC10E80D238D30200A000A791549E600740699C6901005080D3482A4FB003A034CEB4000028C069249527D801501A675A000014E03492CA13EC00288D332D00000A701A49E50976009466A1CFB41EFBC5737F75FB8EEF6DFFC5EEBDFBCB7EAF00008BC2B1AB0F3BFBC4D597FD9BD9E35E70F8C2BD8A6047E5097600946641CFB41EFBC573EFF8C24F5E76F20BEE7D6CEE9EC7F696FD5E01001685D38E5B79DA7147DC71EF537F79F199EBD7AC58A05711ECA83CC10E80D22CDC9956ED4FD59FDE76DF61334BBEF6DF7795FD2E0100169DD7FDF2BAE7F71F7AFFF9A72C59B26421B62FD85179821D00A559B833ADDA1FB30B3FFD83336757FFFD3D4F96FD2E0100169D7F7DDAD1F73EBAE7C6CB5E323333B310DB17ECA83CC10E80D22CDC9956EDEFD96B3FFEBDB2DF1F00C0A2F695779D7DD861872DC496053B2A4FB003A034821D0040850976509860074069043B00800A13ECA030C10E80D2087600001526D84161821D00A511EC00002A4CB083C2043B004A23D8010054986007850976009446B00300A830C10E0A13EC00288D6007004C8265AB660EDB74C4FEE54B7CD8CD5A5A3B3EFB0F3DBF7DCF81B9FDC3AE2BD84161821D00A511EC0080D22D5B35B3F4B423572D5BBA62D9D2A54BCADE9BC973F050F4ECC14373FB0F1CBCEF9903CF0CD7EC043B284CB003A034821D0050BA95671E75D88A7AB52B7B4726DADCFE83CF3F7B60EF4F760FB5966007850976009446B003004AB7FCAC356B0F9F31B6AEB78387A2279FDBFFFC8F9E1A6A2DC10E0A13EC00288D600700946EE6AC35C7AE98297B2FA6C0CF9FDDBF5FB0837111EC00288D600700944EB01B906007E324D801509A490B76AFD872FA1F6F5ED36381B93D73EFFCF43F3F30AEE333693E7CC939E71CB1AF7D04D67CE9CAD3EFDA76F71F6D6D9DB8A78EDE77624F01C02413EC0624D8C1380976009446B09B2A2BAFFBDD338FDEF3F49B6FB83B6A1DABD537FDCD4F3E73CFDEDAB76F7FD34B2E3A75556A855D8F3DD55C18002699603720C10EC649B003A0349319ECEEB9F7E1CB6FDD9179B23EA06CE5A20E768921758D42B7FC03577FFFDB5174D2691B3EF5EFD7AF8A0E74FA5DF61100985882DD80043B1827C10E80D20876532435A42E3E3DB679DC5273609B63EE720E26004C10C16E40821D8C9360074069A63DD825A7D0EE6B0E376B6A0E317BE8DE873FF2A3A831D6AC2EB4E5FA66D7B5BF4936AFC453C997483C95DC6C603F9BEDACBDF1FACCD6D38E3818DFDBE602C119ACC1B9AE7179D7AAEB7930BB8DEFABD1B19D6398DD548F239CDAB7CECE7FF892735E7EDCD2D4C8BECE8FA3B63379139F3BF39D93876B9043D1194898FE91B53792FD5146B1DDDE31D44F04807927D80D48B0837112EC0028CD5407BB46185A9E7AD9D49CD087EE7DEAE853D7C44B4D3CC104CB51ECD5C3C12E0AAD15DBECD0C1AE3D7D359ADF609797BDE2EFFD87F73E75DAA96BE25B8F1FFCDE4738BB63CDFD0FFE101B0B1FDE5C778182DD8FD76F086EB6B19D68A860D7FB2702C0BC13EC0624D8C13809760094667A835D3BFA74C77C351FE9449F4E73C93E921A75150B43CD4712C3B53293705B6B757632B8D9A1825DA78BF5CC43BDEE3891B77C6AD458F650C75FB4FDC8816456CB3BC2CDE3901A72D8FC36FBD2F5475E183D17FFD9F51896D83B35768EF9DEC4E16ABE68143F26CD039B3AAAA10180C57E2200CC9B8183DDEA2B5F75CC39C987BE7FD7FD573F52F61B1817C10EC649B003A034D31BEC1A49250ACDD06C0DE36A77B4C42CCEE6F6E303C15255283E73B3C724DC54C769AE15C54AD6E0C1AEB9EE3D8D916E7B7BE5A1DC3B4E043593538FE695EA9BF1FD6C1EFFBE4738BB7B9D7E972A6EC9A3BA40C16ED0C5FA06BB817F2200CC9BA1825D142F74271C7FE319CBBFF2BD1D5F78BAECF73016821D8C9360074069A636D8350BCBB2E0469AA127A7E97437F29AFCA9A6ED1ED737BD75C48B4FEEE5D242C1AE35F4ECCFBFB1FBF77B16A81E779CC86AD6BADEB79B081EEAD841DBD1F708C7B7D3FC99C72A58FD2044EDB793CA7C0306BBE46B062E50D8EF70B5A6C7A6A264BF6037E84F048079543CD845875F7CEE0B7F75D74357DE1BD5BE78C3CAC6637B77FFD19D4FDC1F5BA53B28EF89C7DFF2A346DB5BBDF6EA5F3BEA84F6C3AD617A8907E7BEFFC4AA73A2F6F25174F2A91B3EBC6AF75B1E581E5FB1E7060FEFEE52477DDFF6FD87D8BBA86F76C3BECF7CEBD16F0DF0FE053B1827C10E80D25432D835574F8DEACA6EA447B09B1B74AC5C47C16017B533DC37A27579056AD86BD80D52EBA29C1BCB0E18ECE21B8FA7B1F8C0C3D800BDC47CD8A860B08BB217280CD6D8EC911F2AD80DF2130160DE8D18ECD63FF8D0C31B9BD9EEB9A899C0D6CDB59B5D6D9555DF6DE4B0579D75F2DB5B012EB19DFAE36BE7EAC9AC1EDD56FD5367BC5E7DF85ED44E69CD17BAFFEA3DB165BACBE76CB0BBDB473DDC1D06185BB895F9E6043B9840821D00A599F26077B0C79CD001835D8F7997C38CB08B4F081D7C4AEC0357B487A1F51832364CB04B5F5FAFEFA1EE17EC7A1DE1A4F425E43ADBFFECC347A67E1005A6C4A6EED99A7F0DBB7A614C5DB5301A22D80DF4130160DE8D3A2576C7BE376C8862CDAB1DD75A456CF997D3C12EA913E652C12E5DD61ADB591D0C76391BECEE7638D8BDEAAC0D1BE6523BDF8B6007E324D801509AA90D76FDAFD1168C35D96BD8EDEA77D9B885BB86DD77EEDDF7F2E415F7F2F350FF3B4E64EE7D31D0A14EBD91CC35EC960FB8B52850D95A03EBB63E12BD2E79D9BB42D7B04B2C903D5CC10318BC4E5F8F6037CC4F0480F934C24D27F67DE57B3BBE73DC860F6F48DDD63C7A644763C0DDEAB5579F19FD6563B45D26D8C5B7161A61175BA5351FB6B66E72EA6BEB55F236D87D3C14ECF6ACBDFAA47D57FE7C55B2EEF522D8C13809760094667A835DEA96A68D051283BC3A012B352C6B55F226B0A9F168F162B5C07789AD8F054B6D243F0FF5BDE344F68EB7031DEAF83EA46E0BDBFB08FF78FD8664EF0BEC40F3D275BBF6442B63F361A385196197BDC7486764E2C0C16EA89F0800F3698429B175C939B049271C7FE3B173CD48979A127B4E27B7E58EB0EB0CAC7B6A4362C85E6799CEFEE46CB0BBDB8160F7DD63376C7860C7178E385EB083C924D801509AE90D76517B905D6AA154D389F6EC8B8E581E9F509A77FDB5984EF40906BBF05AB12A3478B0EBD6A5DE79A8EF1D27DEDEFF061AE143BD6BCFBE7547248E613C93F53CC281CB08A6D2582765669A60FA85E6E31A76B997351C26D80DFA1301607E8D18EC3281ACEB55679DFCC6B9D620B86EB0AB2DBF715F37F0F50876CDD9B5BB769FB0A135AF3619ECDAB7BCD8B326BCC1EE6E6782DD8EDD27ACDA77657367043B9848821D00A599EA601765DA59BC017582CB55DFD9DBCC465178005AE24E05C9BC150E76D9B57A0C166B0A06BBF85ABDF35072485D627A6C53B0AC85DE51E050DFF0F8CAD06D5EFB1FE154239B0B1DA8541DEB6C6D2E346EB167B04BEC5BCEE14A35BB7D1FB8FAAE4B9257D68B7A06BBC17F2200CCAF51835D239CBD216ADF1CB67961BBD6BD20BAA52C11EC3A8DAC35C5B53EB5F60B51E09A748DBBB82E4FDE0D3633C22ECAD960B7D0A583DD399D39B3821D4C2AC10E80D24C5AB09B47824B6F3DDBE87CE9513C01A06BE46017B59ADDCAE6D7FBDAB52E75C1BB86467A6BDCC8B5F9FDDC67BE35F7B2CE45E5B237916804B8473A2F9ABC865D27E48537F84867B7D3C1EE84CEC5EF043B9854821D00A511EC16AD3104BBB7F7BF0F2F00D40D1CEC8692CA6475B9378AEDB599EE7D664B27D8C1380976009446B05BB41632D875A7A6CE195E07C0002639D89D7CEA8677443F8FDD0AB64C821D8C936007406904BB456B4147D8B5AFA9B72F792B5B00085B986037B2E6ECD7BDBBC3F79F2D836007E324D801509A0A073B00605A4C68B09B3C821D8C9360074069043B00A07482DD80043B1827C10E80D208760040E904BB010976304E821D00A511EC0080D209760312EC609C043B004A23D80100A513EC0624D8C1380976009446B003004AB7FCAC356B0F9F59BAA4ECFD986C070F454F3EB7FF79C10EC645B003A034821D0050BA15BF74D4E12B66562D53EC7A993B70E8F9BDFBF7FE64F7506B0976509860074069043B00A074CB8E9C5976F2912B6796AE58B6D438BBAC8387A2670F1EDABBEFC0C1FB9FD9FFCCFEA1D615ECA030C10E80D2087600C0245876E4CCF28D471C9859E2C36ED6D2DAF1D97F68DFCFF60C5BEB22C10E4620D801501AC10E00A0C2043B284CB003A034821D0040850976509860074069043B00800A13ECA030C10E80D22C68B0FBCDFFFCC317AC9CF9D913CF96FD2E0100169D13D7AD7CF6F90337BCED4CC10E8A11EC0028CD8206BB3FB9EDFEDD7BF7FFE0674F97FD2E0100169DB34F5CBDF688E557BDF644C10E8A11EC0028CDC29D69D5FE983DF4E4DE777CF1AE538F5BB5E3C967773DB3AFECF70A00B028AC3B72F986A357DCFBD8DC277FEB8CD93587CFCCCC2CC4AB0876549E6007406916EE4CABF157EDC0434FEEFDDC1D8FFEE0674FEFDEBBBFECF70A00B0281CBBFAB05F9E3DF2E2738F3B71EDCAA50D0BF12A821D9527D801509A053DD36A36BBE61F367FB90000C663C992254B972E5DD650FB7A815E45B0A3F2043B004AB3D0675ACD6657FBC356F61B0500584496B62DDC4B0876549E600740699C6901005080D3482A4FB003A034CEB4000028C069249527D801501A675A000014E03492CA13EC00288D332D00000A701A49E509760094C69916000005388DA4F2043B004AE34C0B0080029C465279821D00A571A6050040014E23A93CC10E80D238D30200A000A791549E600740699C69C1FFDFDEBD00C9551E06BE3F9A871E23098464C96046C258222ED95028A9E07801878D1D6CB3A9D42695381B1B878D4328CAC5B55375A3257E5CBC5E133FE2D5AEEFB5CBE51092789700499CAD1B57A57CB1E3EB24F801769CC2601C132E12E831E121D00B981949F3BAD3DDD3A7CF397DBAA7E7CC747F3D3DBF5FD56A473DE77CE7D14EE9F0AFEF9C030014E032929E27D801108C2B2D00000A701949CF13EC0008C69516000005B88CA4E709760004E34A0B0080025C46D2F3043B008271A5050040012E23E979821D00C1B8D20200A0009791F43CC10E80605C6901005080CB487A9E60074030AEB4000028C065243D4FB0032018575A000014E032929E27D801108C2B2D00000A701949CF13EC0008A6DD575A475F3CF347DF1C79E8D08BA7C627431F2B00C08AB075E3EACBB76FBCF1EA0BB79DB3A67D5B11ECE879821D00C1B4F54AEBE88B676EB9E7B12B2E3EE7C0D1B1FD47C7431F2B00C08AB06BDBBA5DDBD63F78E0E4E7AFDF7DC1A6B56DDA8A6047CF13EC0008A67D575AB3FF547DFC2B4FAE1E58F5B51F1D0B7D9400002BCEDB2EDD727672E6C3BFF09A55AB56B5637CC18E9E27D801104CFBAEB466FF31FBD52F3CB2FBC28DDFDD7F22F4510200AC386FDC75DE81E746EFBEF1F5030303ED185FB0A3E709760004D3BE2BADD97FCFDEFA9987421F1F00C08A76DFFB2F5FBD7A753B4616ECE879821D00C1087600003D4CB083C2043B008211EC00007A986007850976000423D80100F430C10E0A13EC000846B00300E861821D1426D801108C600700D0C3043B284CB0032018C10E00A0870976509860074030821D00D00DFA8706565FB47E727095FFD8ADD7377B7E2667CE1E1A9D1A9B5CE8BA821D1426D801108C60070004D73F34D0B76BC3507FDFDAFEBEBE55A1F7A6FB4CCF44A7A767C626A7A69F7C79EAE585353BC10E0A13EC000846B00300825BB7FBDCD56B4BD52EF48E74B5B1C9E9B3A7A7C61F3BB5A0B5043B284CB0032018C10E00086EF0B24D9BD70C985BD7DCF44C74E2CCE4D9474F2E682DC10E0A13EC000846B00300821BB86CD3D6B503A1F7621978FEF4E4A460079D22D801108C6007000427D8B548B0834E12EC0008A6DB82DD556FBAE4633FB3A9C90263A363EFFBC23F1FECD4F9E936B7DFB067CFFA89EA19D8F4A5BD973CFEBD276EFBD6DC85FBAB770D7FEE972E189A5B76EA2FBEFCD89DFBC743EF3200CC4FB06B9160079D24D801108C60B7ACACBBE3BDBBCF1B7DE9D7EE7A229A3B571BE32A977BEA1E48E43C00E85A825D8B043BE824C10E8060BA33D8ED3FF0CCCD7F3D52F7CBD284B2752B3AD8A5A6D4DDF4CBAFFFF59D831FD9F7F0774ABF2AB5BC5DEBFBE3425739932BBB6F02B06C08762D12ECA093043B008211EC9691CC94BAE4EDB1959B61C78F9EAC4CBE2BAB24BCC88DB100743FC1AE45821D749260074030CB3DD8A5EF039DA84E372BA934ACA70F3CF3C947A3F8C96E79239786DD52FD4BFA1ED2D4AFD29B48FD2A3D6CCE7E9667C30D5507AFA4B4E9E4DE561638962A6EA95F3539690DEE7BCDD94AFDA99E5DF7ABD1D6F81CD60FD5E40C67F62DDEF9DB6FD873E5B6BE4C288CBF8ED913D5E8C6E7783E60FA74B5722AE207F665BFB2EA20F55F6594D8ED91057D23002C39C1AE45821D749260074030CB3AD895C3D06066B37127AA16A293E7EDDC942C35C904935B8E125BCF0F7651DE5A8961171CECE297452C61B09BB737558EFD87074EEEDAB929397AF2E4373FC3F53B56D95CEE97585E784D65DD3605BB1F5F309C3B6C799C6841C1AEF93702C09213EC5A24D8412709760004B37C835D35FAD4E67C659EDA163797FA4F32B3AE1261A8F2496ABA56DD4DB8736BC53B993BEC82825DDCC59AE6A1666F9CC82CB66B7D7F943F9D307BAA931BAD7E3295CE6A8DCE70E53C64A61C56FE5A3FB9AFF4C9ABA233C9EFAEC9B4C446C12ED6E22DC095139B39AB7913008B7D23002C999683DDC6BDD7BC624FFAA3871F7F6ADFB3A10FA053043BE824C10E8060966FB02B279528EF0ECDB9695CD58E96BA8BB3327E722258A60A25EFDC6C72136EA6E354D68A1225ABF5605759777F79A6DB78B33CD4E48D1349B5601735ED4DB96FA5A8EC67E5FCCF7B86EB772FEE7799E2963EAB6D0A76AD2E366FB06BF91B0160C92C28D845C94277FE2BEF7EEDE07D0F8DDCF352E863E808C10E3A49B0032098651BEC52592AA3127A1A349DDA20D736BED5B4DAB9E64D6FB164F169F8B8B4BC603737F5EC535F3FF581A605AAC91B271AA94C136B34CF2EF754274EDAC8BC6738394EE53B4F54B0D24988AA8793C97C2D06BBF436731E5038DFE99ABB3D361325E70B76AD7E23002CA1E2C12E5A73FD1B5EF593C79EDE7B209AFDE1BA75E5CFC64FDDF68FC79F4AAC529B9477FC85773F5A6E7B1B37EFFBA973CFAF7E3C374D2FF5E1D8C3C787F644D5E5A3E8E29DC3B70F9D7AF7C1C1E48A4D075C53DBA55869DF267E257114A5618727EEBCFFB9FB5B387EC10E3A49B00320989E0C7695D533B3BAEA076912ECC65A9D2B172B18ECA26A86FB7AB4A551812AFAD289CCBCBFFC539D3BC170DE6097FC8292692C39A12F31412F753F6C5430D845F50F28CCADB1F5677E41C1AE956F048025B7C86077C1E1A79FD951C97667A24A02DB32566D76B3AB0C7DBF9CC3AEB9ECE29BE6025C6A9CD2E79BC74AC9AC14DD867E10CFD72B4DDF8BAA29ADB2A1A7F68D2696A92DDF60C0DA6E9FFB4C6D1A6062E1B9CC3726D8411712EC0008669907BB86AF408DEA6EC3AC1FE4DAF9EEBB5CC80CBBE40DA1ADDF127BF077AAD3D09A4C192B1CEC1A3C832F75AAE70B76CDCE705AF61172F1F87FF2CC86CC1751E096D8CC3B341A3FC3AE5418334F2D8C1610EC5AFA460058728BBD257664E2BAE128D1BCAA716DAE880DFE4D36D8A5C5612E13ECB265AD3CCEC6DC60D760C0DA6EE707BB6B2E1B1E1ECBEC7C33821D749260074030CB36D8CDDDEF39EF63CEA2C64FA0CB7D1A5D932DD68FD0605BAD06BB070E4C5C997EE25EE33C34CF1B27E6BBBF3567CCDC03A97B86DD60D3A0995257D9E626D67DEBD9E86DE9C7DE157A865D6A81FA43CB3DD8DCE7F43509760BF94600584A8B78E9C4C47D0F8D3CB06DF8F6E1CC6BCDA36747CA13EE366EDEB73BFA7C79B65D5DB04B8E9637C32EB1CADCFDB0B3EBA66F7D9DDB4AA3016B9FE705BBD1CDFB5E3DB1F7F9A174DD6B46B0834E12EC000866F906BBCC2B4DCB0BA42679C52F6FCD4CCB1A4ABF04764BFA06CF64B16AF35B62532F729D2F0FCDFBC689CCFB6DE3B3D1DFA8B8C5B7B2EE4FBF0B227E5A5CF333FCE30B86D3BDAFFE95BB738FAE3B361AAD4BDC0F1BB567865DFD3B46E299892D07BB057D23002CA545DC125B92BE0736EDFC57DEBD75AC12E932B7C4EE89735BC31976F1C4BA93C3A9297BF132F1FE3418B0B6DB39C1EEFB5B87870F8EDCB3FE95821D7427C10E8060966FB08BAA93EC320B659A4E343A11AD1F4CDE50DAE8F96B0971F4C9BFA53477AD44156A3DD8D5EA520BB3E1E679E344EE5ECDFB96D863A3135BD6A7CE613293353DC3398F11CCA4B13865D635C1EC8696E219760D1F6BB89060D7EA3702C0D25A64B0AB0B6435D75C76F12F8ECD4D82AB05BBD9E5774CD4025F936057B9BBF6D8A9F387E7EEAB4D07BBEA2B2F4637E50F58DBEDBA603772EAFCA189BD959D11ECA02B09760004B3AC835D5457A9920D280E2EB73E305EC94651FEE3DE526F2A4817AE26CF804BADD564B258456EB04BAED53C0FA5A7D4A56E8F4D8A0359FDD96872AAEF7A615DDE6B5EE73FC39946369677A232752C1E6D2C6FDE62D36097DAB706A72BD3EC263EB2EFF11BD24FD68B9A06BBD6BF110096D662835D399C5D17555F0E5B79B0DDDCBB206AA52C15ECE24636778B6BE9D6DA7BA29C67D295DFE23A987E1B6CDD0CBBA8C180B542970D767BE27B66053BE856821D00C1745BB05B42824B734DDBE85269F6D60B00882D3AD84573CD6E5DE5E7896AADCB3CF0AEAC9CDECA2F72ADFC7DECCEFBC7AE881F2A57FF128972807B36DE68FA197671C8CB1FF0D978B7B3C1EEFCF8E177821D742BC10E806004BB15AB03C1EEA6F9DFC30B00252D07BB05C964B292862F8A6D364CED3DB3C10976D049821D00C108762B563B835DEDD6D431D3EB0068413707BB8B770EDF123D9F78156C48821D74926007403082DD8AD5D61976D5B7554CA45F650B00F9DA13EC16AD72F7EBF8A9FCF7CF8620D8412709760004D3C3C10E00582EBA34D8751FC10E3A49B0032018C10E00084EB06B9160079D24D801108C6007000427D8B548B0834E12EC000846B003008213EC5A24D841270976000423D80100C109762D12ECA093043B008211EC0080E0062FDBB479CD40DFAAD0FBD1DDA667A2136726CF0A76D029821D00C108760040706B5F77EE9AB50343FD8A5D3363533367C727C71F3BB5A0B5043B284CB0032018C10E0008AE7FC340FFC51BD60DF4ADEDEF33CFAEDEF44C747A7A667C626AFAA997275F9E5CD0BA821D1426D801108C6007007483FE0D03833BD64F0DACF21FBBF5FA66CFCFE4CCC491D185D6BA48B0834510EC000846B00300E861821D1426D801108C600700D0C3043B284CB0032018C10E00A08709765098600740306D0D76EFF8C31F9EB36EE0C8F1D3A18F120060C5D9BE65DDE9B35377BD67B76007C508760004D3D660F7FB5F79EAD4F8E423475E0A7D9400002BCEE5DB376E5E3F78EB5BB70B76508C60074030EDBBD29AFDC7ECE913E3B7DCFBF8CE6D4323274E1F7B7922F4B10200AC085B360C0E9FB7F6C0D1B1CFBEF3B5176E5A333030D08EAD0876F43CC10E8060DA77A555FE576DEAE913E35F7CF0B9478EBC746A7C32F4B10200AC085B37AEBEF4C20DD7BF61DBF6CDEBFACADAB115C18E9E27D801104C5BAFB42ACDAEF20F9B7FB900003A63D5AA557D7D7DFD65B33FB7692B821D3D4FB0032098765F69559ADDEC3F6CA10F14006005E9AB6ADF26043B7A9E60074030AEB4000028C065243D4FB0032018575A000014E032929E27D801108C2B2D00000A701949CF13EC0008C69516000005B88CA4E709760004E34A0B0080025C46D2F3043B008271A5050040012E23E979821D00C1B8D20200A0009791F43CC10E80605C6901005080CB487A9E60074030AEB4000028C065243D4FB0032018575A000014E032929E27D801108C2B2D00000A701949CF13EC0008C69516000005B88CA4E709760004E34A0B0080025C46D2F3043B008271A5050040012E23E97971B0AB74BAC9C9C9E9B213274E4D569D9D98985DECBC4DE70A76002C25575A000014E032929E570976BFF11BBF313939559A4D579A6137333D3D7DFCF8F1F2ECBAA9C989D24CBB898989CDE76D12EC00584AAEB4000028C065243DEFCC99335FFEF297AFBEFAEA8D1B37566E879D99896666665E7AE9A5D9BF967E2CCDB72BFD313A3ABA7FFFFF77EDB5D70A76002C0D575A000014E032929E77E6CC991FFCE007870E1D3A76FC58F325379DBB69DBB66D975F7EB96007C0D270A5050040012E23E97967CE9C79FEF9E707060656AF5EDDD7D7177FBE6A55A9CBCDFE99FC64D6E9D3A7053B009646BBAFB48EBE78E68FBE39F2D0A1174F8D4F863E5600801561EBC6D5976FDF78E3D5176E3B674DFBB622D8D1F3043B008269EB95D6D117CFDC72CF63575C7CCE81A363FB8F8E873E5600801561D7B675BBB6AD7FF0C0C9CF5FBFFB824D6BDBB415C18E9E27D801104CFBAEB466FFA9FAF8579E5C3DB0EA6B3F3AB6F8D100005890B75DBAE5ECE4CC877FE135C9ACB084043B7A9E60074030EDBBD29A9E9EFED52F3CB2FBC28DDFDD7F22F4510200AC386FDC75DE81E746EFBEF1F5030303ED185FB0A3E709760004D3BE2BADA9A9A9B77EE6A1D0C70700B0A2DDF7FECB57AF5EDD8E91053B7A9E60074030821D00400F13ECA030C10E8060043B00801E26D84161821D00C1087600003D4CB083C2043B008211EC00007A986007850976000423D80100F430C10E0A13EC000846B00300E861821D1426D801108C6007007483FEA181D517AD9F1C5CE53F76EBF5CD9E9FC999B38746A7C62617BAAE6007850976000423D80100C1F50F0DF4EDDA30D4DFB7B6BFAF6FD5E2C7EB35D333D1E9E999B1C9A9E9275F9E7A7961CD4EB083C2043B008211EC0080E0D6ED3E77F5DA52B50BBD235D6D6C72FAECE9A9F1C74E2D682DC10E0A13EC000846B00300821BBC6CD3E63503E6D635373D139D383379F6D1930B5A4BB083C2043B008211EC0080E0062EDBB475ED40E8BD58069E3F3D3929D841A70876000423D80100C109762D12ECA093043B0082E9B66077D59B2EF9D8CF6C6AB2C0D8E8D8FBBEF0CF073B757EBACDED37ECD9B37EA27A06367D69EF258F7FEF89DBBE753277C92BB7F5FDC5971FBB73FF78E8BD06807908762D12ECA093043B008211EC96957577BC77F779A32FFDDA5D4F4473E76A636E92AB9EC629C10E806541B06B9160079D24D801104C7706BBFD079EB9F9AF47EA7E599A50B66E4507BBD494BA9B7EF9F5BFBE73F023FB1EFE4E76B152D7DBB5BE5FB00360B910EC5A24D841270976000423D82D23992975E9DB636B2A216FFFD168975B6201582604BB160976D049821D00C12CF76097BE85762239DDECD5BB863FF74B173C7DE0994F3E1ACDFE3054FE306FE4D2B05BAA7F7920F548B8D4AFD29B48FD2A3D6CCE7E9623DA5075F0CA0CB8E9E4DE56163876F464E576D7A4CAAF9A9CB4E43E578EFAE1EF3D115DFCEAE6CFB0AB9CBAD975BF1A6D8DCFE103754FC46B728633FB16EF7CEEE3F3E2AF63F64435BAF139BEDF397DBA5A3915F15CC2EC57561DA4FEAB8C12BB3DB2A06F04802527D8B548B0834E12EC0008665907BB72181ACC6C36EE44D54274F2BC9D9B92A526996072CB5162EBF9C12ECA5B2B31EC82835D655787D2FB16A5D76D72D21261AB34F2ABA233B39BBE71BE974E548EFD87074EEEDAB929397AF2E4373FC3F53B56D9FFDC2FB1BCF09ACABA6D0A763FBE603877D8F238D182825DF36F04802527D8B548B0834E12EC000866F906BB6AF4A9CDF9AA7C12479FB8B9D47F929975950843954F52D3B5EA6EC29D5B2BDEC9DC611714ECE22ED6340FCDFFC68964149BF72DB171358B379A7955C57C67B8721E32530E2B7FAD9F42582B8907F3BFE5D4496B14EC6295733E9E3A5D958D46C943AE9CD8CC59CD3B33C5BE1100964CCBC16EE3DE6B5EB127FDD1C38F3FB5EFD9D007D029821D749260074030CB37D895934A947787E65CB1AA76B4D45D9C95F19313C132552879E766939B70331DA7B256942859AD07BBCABAFBCB33DDC69BE5A179DE3891DEF3A8C5603796B79F95F33FEF19AEDFBDB8DF658A5B66DFDA13EC5A5D6CDE60D7F23702C0925950B08B9285EEFC57DEFDDAC1FB1E1AB9E7A5D0C7D011821D749260074030CB36D8C52F42CD51093D0D9A4E6D906B1BDF6A5AED71F3A6B758B2F8347C5C5A5EB09B9B7AF6A9AF9FFA40D30235DF1B275253D8A296835DE654274EDAC8BC6738394EE53B4F6CAE7412A2EAE164325F8BC12EBDCD9C0714CE77BAE66E8FCD44C9F9825DABDF08004BA878B08BD65CFF8657FDE4B1A7F71E88667FB86E5DF9B3F153B7FDE3F1A712ABD426E51D7FE1DD8F96DBDEC6CDFB7EEADCF3AB1FCF4DD34B7D38F6F0F1A13D5175F928BA78E7F0ED43A7DE7D7030B962D301D7D4762956DAB7895F491C4569D8E1893BEF7FEEFE168E5FB0834E12EC0008A627835D65F5CCACAEFA419A04BBB156E7CAC50A06BBA89AE1BE1E6D6954A05A7986DDE1575C9899F8D662B0CB9D60386FB04B7E41C934969C789898A0978D8985825D54FF80C2DC1A5B7FE61714EC5AF9460058728B0C76171C7EFA991D956C7726AA24B02D63D56637BBCAD0F7CB39EC9ACB2EBE692EC0A5C6297DBE79AC94CC4AD16DE807F17CBDD2F4BDA89AD22A1B7A6ADF686299DAF20D06ACEDF6B9CFD4A60126169ECB7C63821D7421C10E80609679B09BCEDCB099D462B06B72DFE54266D8256F086DFD96D883BF539D86D664CA580BC1EEF0B64B2F6C14D7C6B2CFE04B9DEAF9825DB3339C967D845C3CFE9F3CB321F34514B82536F3CED6C6CFB0EB8FEA9E5A182D20D8B5F48D00B0E4167B4BECC8C475C351A27955E3DA5C111BFC9B6CB04B8BC35C26D865CB5A799C8DB9C1AEC180B5DDCE0F76D75C363C3C96D9F966043BE824C10E8060966DB09B7B2DC0BC8F398B1A3F812EF769744DB6583F42836DB51AEC1E38307165FA897B8DF350F3374E349B6FD83CD8650EA4EE1976834D83664A5D659B9B58F7AD67A3B7A567FF157A865D6A81FAD3957B02739FD3D724D82DE41B0160292DE2A51313F73D34F2C0B6E1DB8733AF358F9E1D294FB8DBB879DFEEE8F3E5D97675C12E395ADE0CBBC42A73F7C3CEAE9BBEF5756E2B8D06AC7D9E17EC4637EF7BF5C4DEE787D275AF19C10E3A49B0032098E51BEC32AF342D2F909AE415BFBC35332D6B28FD12D82DE91B3C93C5AACD6F892DF5B5CC208DF3D03C6F9CA8D7FA5B62F7A7DF05113F2DAEF919FEF105C3E9DE57FFCADDB947D71D1B8DD625EE878DDA33C3AEFE1D23F1CCC49683DD82BE110096D2226E892D49DF039B76FE2BEFDE3A568974995B62F7C4B9ADE10CBB7862DDC9E1D494BD7899787F1A0C58DBED9C60F7FDADC3C30747EE59FF4AC10EBA9360074030CB37D845D549769985324D271A9D88D60F266F286DF4FCB58438FAE406BBFCB51255A8F56057AB4BCDF3D07C6F9CC8D162B03B363AB1657DEA1C263359D3339C33AD2F93C6E29459D704B31B5A8A67D8359C66B89060D7EA3702C0D25A64B0AB0B6435D75C76F12F8ECD4D82AB05BBD9E5774CD4025F936057B9BBF6D8A9F387E7EEAB4D07BBEA2B2F4637E50F58DBEDBA603772EAFCA189BD959D11ECA02B09760004B3AC835D54D7CE920D280E2EB73E305EC946513612D5868DDF5490BE45343FD8D5AFD564B258456EB04BAED53C0FA5A7D4A56E8F6DA4F5B7C4DEF5C2BABCD7BCCE7F86338D2CF7DEDBCC6EC4A38DE5CD5B6C1AEC52FBD6E074659ADDC447F63D7E43FAC97A51D360D7FA3702C0D25A6CB02B87B3EBA2EACB612B0FB69B7B1744AD94A5825DDCC8E66E712DDD5A7B4F94F34CBAF25B5C07D36F83AD9B61173518B056E8B2C16E4F7CCFAC6007DD4AB00320986E0B764B487069AE691B5D2A4D8A2700D42C3AD84573CD6E5DE5E7896AADCB3CF0AEAC9CDECA2F72ADFC7DECCEFBC7AE881F2A57FF128972807B36DE68FA197671C8CB1FF0D978B7B3C1EEFCF8E177821D742BC10E806004BB15AB03C1EEA6F9DFC30B00252D07BB05C964B292862F8A6D364CED3DB3C10976D049821D00C17455B0FBC6DE2B429F0FC8F1967DDF0FBD0B003DAE9B83DDC53B876F899E4FBC0A3624C10E3A49B0032098AE0A764BCB0CBBE6DA3AC3AEFAB68A89E6AFB205808AF604BB45ABDCFD3A7E2AFFFDB3210876D049821D00C1F470B00300968B2E0D76DD47B0834E12EC000846B003008213EC5A24D841270976000423D80100C109762D12ECA093043B008211EC0080E004BB160976D049821D00C10876004070825D8B043BE824C10E8060043B0020B8C1CB366D5E33D0B76AF123F5B2E999E8C499C9B3821D748A60074030821D0010DCDAD79DBB66EDC050BF62D7CCD8D4CCD9F1C9F1C74E2D682DC10E0A13EC000846B0030082EBDF30D07FF18675037D6BFBFBCCB3AB373D139D9E9E199F989A7EEAE5C9972717B4AE6007850976000423D80100DDA07FC3C0E08EF55303ABFCC76EBDBED9F3333933716474A1B52E12EC6011043B008211EC00007A986007850976000423D80100F430C10E0A13EC000846B00300E861821D1426D801104C5B83DD3BFEF087E7AC1B3872FC74E8A304005871B66F5977FAECD45DEFD92DD84131821D00C1B435D8FDFE579E3A353EF9C89197421F2500C08A73F9F68D9BD70FDEFAD6ED821D1423D801104CFBAEB4A6A7A79F3E317ECBBD8FEFDC363472E2F4B19727421F2B00C08AB065C3E0F0796B0F1C1DFBEC3B5F7BE1A635030303EDD88A6047CF13EC0008A67D575AB3FF544D4D4D3D7D62FC8B0F3EF7C891974E8D4F863E5600801561EBC6D5975EB8E1FA376CDBBE795D5F593BB622D8D1F3043B008269EB9556A5D9CD9A9E9EF62F17004067AC5AB5AAAFAFAFBF2CD91496966047CF13EC0008A6DD575A9566373D3D1DFA4001005690BEAAF66D42B0A3E709760004E34A0B0080025C46D2F3043B008271A5050040012E23E979821D00C1B8D20200A0009791F43CC10E80605C6901005080CB487A9E60074030AEB4000028C065243D4FB0032018575A000014E032929E27D801108C2B2D00000A701949CF13EC0008C69516000005B88CA4E709760004E34A0B0080025C46D2F3043B008271A5050040012E23E979821D00C1B8D20200A0009791F43CC10E80605C6901005080CB487A9E60074030AEB4000028C065243D4FB0032018575A000014E032929E27D801108C2B2D00000A701949CF13EC0008C69516000005B88CA4E709760004E34A0B0080025C46D2F3043B008271A5050040012E23E979821D00C1B4FB4AEBE88B67FEE89B230F1D7AF1D4F864E86305005811B66E5C7DF9F68D375E7DE1B673D6B46F2B821D3D4FB0032098B65E691D7DF1CC2DF73C76C5C5E71C383AB6FFE878E86305005811766D5BB76BDBFA070F9CFCFCF5BB2FD8B4B64D5B11ECE879821D00C1B4EF4A6BF69FAA8F7FE5C9D503ABBEF6A363A18F120060C579DBA55BCE4ECE7CF8175E93CC0A4B48B0A3E709760004D3BE2BADE9E9E95FFDC223BB2FDCF8DDFD27421F2500C08AF3C65DE71D786EF4EE1B5F3F3030D08EF1053B7A9E60074030EDBBD29A9A9A7AEB671E0A7D7C00002BDA7DEFBF7CF5EAD5ED1859B0A3E70976000423D80100F430C10E0A13EC000846B00300E861821D1426D801108C600700D0C3043B284CB0032018C10E00A0870976509860074030821D00400F13ECA030C10E8060043B00801E26D84161821D00C10876004037E81F1A587DD1FAC9C155FE63B75EDFECF9999C397B68746A6C72A1EB0A76509860074030821D00105CFFD040DFAE0D43FD7D6BFBFBFA562D7EBC5E333D139D9E9E199B9C9A7EF2E5A99717D6EC043B284CB0032018C10E00086EDDEE7357AF2D55BBD03BD2D5C626A7CF9E9E1A7FECD482D612ECA030C10E8060BA2DD87D63EF156FD9F77D7FFAB37BFE0CFD7FA3002BC2E0659B36AF1930B7AEB9E999E8C499C9B38F9E5CD05A821D1426D801104CB7053BE82A9A1D40670C5CB669EBDA81D07BB10C3C7F7A7252B0834E11EC0008A6DB829D3E02002B9060D722C10E3A49B00320986E0B7657BDE9928FFDCCA6260B8C8D8EBDEF0BFF7CB053E7A7DBDC7EC39E3DEB27AA6760D397F65EF2F8F79EB8ED5B27E3DF5EB96D30BDC6D45F7CF9B13BF78F87DEF1E54A4106E80CC1AE45821D749260074030DD16ECBEB1F78AE60BACEC60B7EE8EF7EE3E6FF4A55FBBEB89682E6E6E4CF4B852BFDB925D45B003601910EC5A24D8412709760004D36DC1AE32C36EFF81676EFEEB91BA5F9682D4BA151DEC5253EA6EFAE5D7FFFACEC18FEC7BF83BE5DFBD7AD7F0E77EE982A7F34F1D05996107D019825D8B043BE824C10E8060BA2DD85566D80976B93253EAD2B7C7CEB5CE071277C802C07221D8B548B0834E12EC0008A6DB82DD4267D8A59F7937114F378B1233CE3EF96834FBC350F9C3BC91537792A68357FD4DA6F12652BF4A0F9BB39FE5D97043D5C14B77B6EE5A3F9DDCDBCA02C78E9EACDCEE9A54F95593935619B6BCD89AD66F808D03DF57A3ADF139ACEF7D4DCE7066DFE29D2F3F4AAF2FB327C909808D9E5418DFEF9C3E5DAD9C8AF8CEDFEC57561D24F77EE178B7471A7D23B33F986107D001825D8B043BE824C10E8060BA2DD82D68865DF3772C540BD1C9F3766E4A969A6414CB2D4789ADE707BB286FADC4B00B0E76955D1D4AEF5B945EB7C949AB0C5B3E1BD19F7F6FF49DD57DDBDFF4F6D8CAB1FFF0C0C95D3B3725474FAED5FC0CD7EF5865FF73AB6BB227B629D8FDF882E1DC61CBE3440B0A76CDBF1100969C60D722C10E3A49B00320986E0B76ADCFB0AB469FDA9CAFCA2771F4899B4BFD27995957893054F924355DABEE26DCB9B5E29DCC1D7641C12EEE624DF350F3374E54C6ECCFACD364C0B89AC5CB543F994A67B54667B8721E32530E2B7FAD9F4258FAE455D199E477D7645A62A36017AB9CF3F1D4D155361A2567F6554E6CE624E44D006CF88D4466D8017444CBC16EE3DE6B5EB127FDD1C38F3FB5EFD9D007D029821D749260074030DD16EC5A9F61579950967787E6DC34AE6A474BDDC5594945C98960992A947E7543C39B70330DA8B256942859AD07BBCABAFBCB33DDC69B05BB666F9CA84B8D2595EAD4287B65FA66723F2BE77FDE335CBF7B71BFCB14B7CC0B31DA13EC5A5D6CDE60D7F23702C0925950B08B9285EEFC57DEFDDAC1FB1E1AB9E7A5D0C7D011821D749260074030DD16EC5A9E61973FA1ACA2127A1A349DDA20D736BED5B4DAE3E64D6FB164F169F8B8B4BC603737F5EC535F3FF581A605AAF91B277235AF5AB9A73AB1CAC8BC6738394EE53B4F54B0D24988AA9BCE64BE16835D7A9B390F289CEF74CDDD1E9B8992F305BBD4373264861D4047140F76D19AEBDFF0AA9F3CF6F4DE03D1EC0FD7AD2B7F367EEAB67F3CFE546295DAA4BCE32FBCFBD172DBDBB879DF4F9D7B7EF5E3B9697AA90FC71E3E3EB427AA2E1F4517EF1CBE7DE8D4BB0F0E26576C3AE09ADA2EC54AFB36F12B89A3280D3B3C71E7FDCFDDDFC2F10B76D049821D00C1745BB06B79865DB36057593D33ABAB7E9026C16EACD5B972B182C12EAA66B8AF475B1A15A8169F6197F79B66EFD56D32C170DE6097FC8292692C39F13031412F753F6C5430D845F50F28CCADB1F5677E41C1AE956F048025B7C86077C1E1A79FD951C97667A24A02DB32566D76B3AB0C7DBF9CC3AEB9ECE29BE6025C6A9CD2E79BC74AC9AC14DD867E10CFD72B4DDF8BAA29ADB2A1A7F68D2696A92DDF60C0DA6E9FFB4C6D1A6062E1B9CC3726D8411712EC0008A6DB82DD0267D84D676ED84C6A31D835B9EF722133EC923784B67E4BECC1DFA94E436B32652C68B06B7686D3B28F908BC7FF93673664BE8802B7C466DEA2DBF81976A5C298796A61B4806097FD46CCB003E88CC5DE123B3271DD7094685ED5B83657C406FF261BECD2E230970976D9B2561E67636EB06B30606DB7F383DD35970D0F8F6576BE19C10E3A49B00320986E0B760B7C86DDE0BC8F398B1A3F812EF769744DB6583F42836DB51AEC1E38307165FA897B8DE773357FE3C4BCF7B736BC2536732075CFB01B6C1A3453EA2ADBDCC4BA6F3D1BBD2DFDD8BB42CFB04B2D507F68B9079BFB9CBE26C16E21DF08004B69112F9D98B8EFA19107B60DDF3E9C79AD79F4EC4879C2DDC6CDFB76479F2FCFB6AB0B76C9D1F266D8255699BB1F7676DDF4ADAF735B693460EDF3BC6037BA79DFAB27F63E3F94AE7BCD0876D049821D00C1745BB05BF85B62A7EADE941AA55F3A1165A6650DA55F02BB25DD0793C5AACD6F892DCD05CB0CD2380F357FE344D4F8A5137D792F88A89DEAE43E645E0BDBFC0CFFF882E174EFAB7FE5EEDCA3EB8E8D46EB12F7C346ED996157FF8E91786662CBC12EE71B31C30EA03316714B6C49FA1ED8B4F35F79F7D6B14AA4CBDC12BB27CE6D0D67D8C513EB4E0EA7A6ECC5CBC4FBD360C0DA6EE704BBEF6F1D1E3E3872CFFA570A76D09D043B0082E9B660D7FA0CBBA83AC92EB350A6E944A313D1FAC1E40DA58D9EBF9610479FFC5B4A73D74A54A1D6835DAD2EB5301B6E9E374EE4EE558333595BFED8E8C496F5A97398CC644DCF70CE630433692C6E5E754D30BBA1A578865DC3C71A2E24D8B5FA8D00B0B41619ECEA0259CD35975DFC8B637393E06AC16E76F91D13B5C0D724D855EEAE3D76EAFCE1B9FB6AD3C1AEFACA8BD14DF903D676BB2ED88D9C3A7F68626F6567043BE84A821D00C1745BB06B7D865D72F9788964038A83CBAD0F8C57B25194FFB8B7D49B0AD2B7883679065C6AAD2693C52A72835D72ADE679283DA52E757B6C521CC8EACF4693537DD70BEBF25EF33AFF19CE34B2B1BC1395A963F1686379F3169B06BBD4BE35385D996637F1917D8FDF907EB25ED434D8D57F2366D80174C662835D399C5D17555F0E5B79B0DDDCBB206AA52C15ECE24636778B6BE9D6DA7BA29C67D295DFE23A987E1B6CDD0CBBA8C180B542970D767BE27B66053BE856821D00C1745BB0FBC6DE2B96AA8F9821D55CD336BA549ABDF50200628B0E76D15CB35B57F979A25AEB320FBC2B2BA7B7F28B5C2B7F1FBBF3FEB12BE287CAD5BF44A21CE09E8D379A7E865D1CF2F2077C36DEED6CB03B3F7EF89D6007DD4AB00320986E0B764B48B06BAE03C1EEA6F9DFC3DBED96B02003D044CBC16E413299ACA4E18B629B0D537BCF6C70821D7492600740305D15EC2A0FB0836EA3D901B45B3707BB8B770EDF123D9F78156C48821D7492600740305D15EC2A2A739A96E4CFB128AA3C836C09C7ECA53F2B27BC1D233F7074A2FCB68A89281AEC86235DE49F01FF2F146085684FB05BB4CADDAFE3A7F2DF3F1B8260079D24D801104C17063B0060A5E9D260D77D043BE824C10E8060043B002038C1AE45821D749260074030821D00109C60D722C10E3A49B0032018C10E00084EB06B9160079D24D801108C6007000427D8B548B0834E12EC000846B00300821BBC6CD3E635037DAB163F522F9B9E894E9C993C2BD841A70876000423D80100C1AD7DDDB96BD60E0CF52B76CD8C4DCD9C1D9F1C7FECD482D612ECA030C10E8060043B0020B8FE0D03FD176F5837D0B7B6BFCF3CBB7AD333D1E9E999F189A9E9A75E9E7C797241EB0A76509860074030821D00D00DFA370C0CEE583F35B0CA7FECD6EB9B3D3F9333134746175AEB22C10E1641B0032018C10E00A0870976509860074030821D00400F13ECA030C10E8060043B00801E26D84161821D00C1B435D8BDE30F7F78CEBA8123C74F873E4A00801567FB9675A7CF4EDDF59EDD821D1423D801104C5B83DDEF7FE5A953E3938F1C7929F4510200AC38976FDFB879FDE0AD6FDD2ED84131821D00C1B4EF4A6B7A7AFAE913E3B7DCFBF8CE6D4323274E1F7B7922F4B10200AC085B360C0E9FB7F6C0D1B1CFBEF3B5176E5A333030D08EAD0876F43CC10E8060DA77A535FB4FD5D4D4D4D327C6BFF8E0738F1C79E9D4F864E86305005811B66E5C7DE9851BAE7FC3B6ED9BD7F595B5632B821D3D4FB0032098B65E69559ADDACE9E969FF72010074C6AA55ABFAFAFAFACB924D61690976F43CC10E8060DA7DA5556976D3D3D3A10F14006005E9AB6ADF26043B7A9E60074030AEB4000028C065243D4FB0032018575A000014E032929E27D801108C2B2D00000A701949CF13EC0008C69516000005B88CA4E709760004E34A0B0080025C46D2F3043B008271A5050040012E23E979821D00C1B8D20200A0009791F43CC10E80605C6901005080CB487A9E60074030AEB4000028C065243D4FB0032018575A000014E032929E27D801108C2B2D00000A701949CF13EC0008C69516000005B88CA4E709760004E34A0B0080025C46D2F3043B008271A5050040012E23E979821D00C1B8D20200A0009791F43CC10E80605C6901005080CB487A9E60074030AEB4000028C065243D4FB0032018575A000014E032929E27D801104CBBAFB48EBE78E68FBE39F2D0A1174F8D4F863E5600801561EBC6D5976FDF78E3D5176E3B674DFBB622D8D1F3043B008269EB95D6D117CFDC72CF63575C7CCE81A363FB8F8E873E5600801561D7B675BBB6AD7FF0C0C9CF5FBFFB824D6BDBB415C18E9E27D801104CFBAEB466FFA9FAF8579E5C3DB0EA6B3F3A16FA280100569CB75DBAE5ECE4CC877FE135C9ACB084043B7A9E60074030EDBBD29A9E9EFED52F3CB2FBC28DDFDD7F22F4510200AC386FDC75DE81E746EFBEF1F5030303ED185FB0A3E709760004D3BE2BADA9A9A9B77EE6A1D0C70700B0A2DDF7FECB57AF5EDD8E91053B7A9E60074030821D00400F13ECA030C10E8060043B00801E26D84161821D00C1087600003D4CB083C2043B008211EC00007A986007850976000423D80100F430C10E0A13EC000846B00300E861821D1426D801108C6007007483FEA181D517AD9F1C5CE53F76EBF5CD9E9FC999B38746A7C62617BAAE6007850976000423D80100C1F50F0DF4EDDA30D4DFB7B6BFAF6FD5E2C7EB35D333D1E9E999B1C9A9E9275F9E7A7961CD4EB083C2043B008211EC0080E0D6ED3E77F5DA52B50BBD235D6D6C72FAECE9A9F1C74E2D682DC10E0A13EC000846B00300821BBC6CD3E63503E6D635373D139D383379F6D1930B5A4BB083C2043B008211EC0080E0062EDBB475ED40E8BD58069E3F3D3929D841A70876000423D80100C109762D12ECA093043B0082E9B66077D59B2EF9D8CF6C6AB2C0D8E8D8FBBEF0CF073B757EBACDED37ECD9B37EA27A06367D69EF258F7FEF89DBBE7532B9C095DB062B3FEF3FF0CCCD7F3D127A9701607E825D8B043BE8A422C1EEC89123A1771B000000007AD3D6AD5B053B00000000E8164582DDE8E868E8DD0600000080DED4DFDF2FD80100000040B710EC00000000A08B087600000000D045043B00000000E822821D000000007411C10E00000000BA886007000000005D44B003000000802E22D801000000401711EC00000000A08B087600000000D045043B00000000E822821D000000007411C10E00000000BA886007000000005D44B003000000802E22D801000000401711EC008015EAF0E1C33B76EC08BD17CB89330600D019821D00B05C7DE7133FFBC1AF56FFF2F64F7EF34357B5B8C225377FF2CD7FF7C1BF7BF3DD7F72FD8E82432D89C3F7DCF8EE43BFF5CD0F6D9FFDFFEF78A2FEF7F18E1C2E2F30FF7E95964B1ED612EF6B9B866EB0B5F88C5C7273C3CD26BFB7E4E9A9AD9FB772F5BC5F95BBDDCE1D25004023821D00B02C95524D14279A72A0D9394FD04AAC920A3305865A1AF5E1283F189576F0C025973C11CD97927A22D895235CB2BE950F3FA7BBA53E4F7C6DC96FB07EDDB99697573F2BBF6AD20701003A44B0030096A3EF7CE267FFF4A264584955B7C404AD6A7E49CCC5BAE4924B9E78A2F2DB52B689163A54F9C3FF12BD79E71D777C756EB444E0CB64C1BA75135A0C769511EFBEE84FE72D66C9D55393D4E6FA543A4D26FE9AB77066DC3B9E48FEAEC1A1E58E53D9AB9B2BA7ABFCE935F7CF7D19F5D9ACFAC51EA97E5FE5E1A39C3971998389D78CD2E730F1BF94B9BDBBE4ED6F8FBE1AD5CDB02B7DA98776465F3D60861D00109C6007002C474DE6C1A57E959C61D56086DD3C43C5ED27F197F22AD1CD7933F4E2BF345A3733FCFCC1AE41886A74562A8BD4ED5365CE5AFEAE3658B8E1A96874680DC649DED05BE9A66F8F2B61E680CA25F43F9773DD5C654B04BCFBAF6936ED311EED483AC0264EF2E17BEE3972FDF557E5DE125BD9F27F8EFE8B5B6201802E20D80100CB5472CEDCCDB981265E2CCACE2F3B5C370B2B6FA8EC1CAE78E89CD5A3DA2D98F5112C8A1A45A279835D361336BD59B7D17DABB9E720BB87F50B3718BA95438B32E9325550A39C9FE3754A592ECAA973DF695AEC6ADBC89E83FC2C587FDECBA1B085280A00D001821D00B0DC55735B3C872B75876BEEACB366652B1E2A7D7FE79CDC3B34EB335DE375135B6C21D8A53F68D4D81AAD9EF34E868645B1E10B1CB243CF776875E3641F18187F3D4B15EC5245B040B0ABE6BA1D5E3A01007409C10E00E8098DEE885C58B04BADF1A66F355AA8AEB4CD0D5D7A365BD4E876CFFC0D350F76A9B7D7CE69F25284F4B17E355E36675A5B6D57E3ADE42C9C3774E3436B30CE02825DE296D8B93A57FF49FD21D7EE4E8EA2BAC71BE6CCFF4B7F54CB75DE120B00748B22C1EE9FFEE99F42EF36A4ECDEBD3BF42E00D0593951A9FAD1F605DE12DB64A8A8D184B6FA08545EE5E69B0FDC51FD78BEC970F9C334BED736B19DEC1B536B85AA51B5AC7F745D66571B2E9CB7674DEEA5CD1D6701C16E212F9D687036B267B5EEF524992572270CBE7D9E6F0E00A0BD8A04BBE9E9E9D0BB0D350F3DF4906007B0F264275625EE8A2CF4D2892643A55E2E5119ABC1ACAD3B9E48949E46EB660EA259B0CB0B5A0DEEF08CE7D555E25472CDEABB5193EFB84DED6AD385F3B6DBE0D08E3418275A48B0CB79EB45EEB96B321B2EF93F8016CFFBBC63020074549160373939197AB7A1E6E1871F16EC0056A6D4FDA2A9C49498359579B85A2628BD3D7D5368F3A16ABF68F40689CC2B2172D7CDACD238D835884779AF9E883754DB4AE288DE9EBE01366788660B67B6F1F65AF1AC3FB4FC71B62F2CD865CF5C837B809BCE8CABFDB2B5F39E77FE0100C22912EC26262642EF36D43CF2C823821D000000D0338A04BB3367CE84DE6DA879F4D147053B000000A067140976B3FF2FF46E43CD8F7EF423C10E000000E8194582DDD8D858E8DD869A1FFFF8C7821D000000D0338A04BB975F7E3931C2773E71CD175FFD677FFCAEE28FE68D4758FC5099613FF4B5D20F97DC3C37E6E17B7FFB37CA8F1F7EDB27EEAFBE146DFE6512E3DD7F4DF5B378B1C4AA2D2AADFA776F2E7698A97D58E4C959DCA99EDB93EDF179489DAFC3F77EE2DB577FE85D473EF189E8434BB0B7898D7EE8C9FAD3FD2FFFF22F821D000000D0338A04BB975E7A2931C2773EF96FFFC74577DDB99860571DA1F050392BD63EAAFE14DD7BD30D877EF31F3E78D5E1EA0FAD2C531D6FF683DBA3DBCA9B28FDEE8F5EF3F1EA2F0FDF7BEF9177BDEBAA05EFE1C225F661B116B93FD53D3972EFBDDBDF551A6476BC0F47895372D33D17DDF9C1EDF77EF2DB577F7089FA6B69D44FDEFEF75F8B7EAE6EB71F7FFC71C10E000000E8194582DDA953A712233CF0A937FFCF8BFEC71DEF2C9E65E2110A0F55BFE2E13FBFF9E3D187CB9FCCFD78D5776EFECD43FFF1EF3E7065F993D28FEF3A34FF32A51FE7C6BBF7A23B727E51780F17AEB60F8BB7B8FDC9D993EA80239F7AF3FFF1B7A9852FB96991C71D6FE1E643175D7CE73FD4EFF6134F3C21D8010000003DA348B03B79F264628407FEE02DFFF3A22FDEF1EBA5ECF51737BFE7CEFDE54FDF7AFB377EAFDABAE24F2B1FCEAE70DBDF26178A4728FF70FBCFFDFD6DA5C577DD54193477D8E498B747B7CD8D57FAF59BBE551BECB6A8FCF7D2FFF77B5726F633DEE2480BCB5477E1CF77DC51DA7469CB87FE637C70E913517F5CD15BA3BFFDDBFDB5854ABF8A52C77BD36BEEBCB3B45AFDF1EEBA69F6777F9FB30F2D9FD5F2D65F53FE7B66F9DAD1D5AD985932BBA1BA3DA9EE4EA97856F7F40F1EB8F2F766CFEE1F44BF57592AB53351768B398753F741659BF1B79B3AF3FBF7EF17EC000000809E5124D81D3F7E3C31C2839FBEF6AE8BFEF40BFF61FBEC0F1F893EF6F55BFF4D141DF9CBF7FED63FFCDBD287B59FEA369D5CB136C2D777FD767AB0BC61473E7DEDB7DE54FE283354F2C7D2D27F5C4A3ED756C789D789176A6599CACFD5CF67D7F844F4A1BCE3C93D214FFD7676B7320B7CFDDACC51D67E2AEF5CF4DBF5FB10B57856E3ADD72F9FDC9FF4279973FB60E654E77E541AFFD00DF1470F7EFAD3D1ADB70EFFE5A71FB8F2D6CA16923B53BFAB4D77EFC14FBFF7F03BBFB0E3CFCBDB8CEA76BBE4C9279F14EC000000809E910976FD65F58B4D97CD05BB175E7821F1AB07FFEBDBEEBEE88F3FFF6BD1976EF9ED43EFFEDA7FFA37D54FBF7DF5D7FED370EAC3DA1A1FFD7FCB3FEDBA7176C5EDD5116A3FB432EC9F4437CE2D5A5BB8D6718ED4562B6D2EFAE8D7AEFE7676F00F449F9A7799F2CF0FFED75B8EFCFADCE847F28E689EE3CAECE17CC7FBA9E803731B5BC83E34D97ACEF2A991532B46E9737B2473AAD37B126F79F6E495862F2FBD3F75567EBEF49BF41794B3C5F4EE6586F9F91B6F3C787FF9A4D47FD125070F1E14EC000000809E910976B37F5E75D555A3A3A3955FBDE215AF78DDEB5EF7133FF113EF7DEF7B272727E782DDEC0A8911BEBBEFED7FB6E3CE7276B9E9F06F7C75EF1BAB9F7EFBEAAFEEBD30F561C991F89323D534551DA1F6C37CC3BEB13AD29F1EF8F98FCEFE35B96294B7E0EC863E107DAA5AC2E6F6E1EA6FCFBF4C723FB30790D2ECB8128793FAB9C1F1D6B6162F90DE87230B3AABB9BB5C7F7A539B489CDBCC5F3367237F5FFE72C7E7F746FB6E39FC1FAACBE5EE4C75A8A8C9E1C47B3B57F8CA76FE56EABB8E0E1D3A24D8010000003D237786DD6FFEE66F0E0D0DBDEA55AFBAF4D24B67FF7CC31BDE909A61F7DC73CF2546F8EE7FFB77F7ECB8E373EFD83EFBC3C7A28FFC3FBFFBC6283AF257EFBBF9F0F5A51F4B3F7DF3674BBFCE2E5EFB4D7284CA0FF30E3B67F6834F47B77EEE1DFF5A5B716EBDED5FAA5BEBC2EADAD50FA2FF36FF32E523F8D2F6CFFDEE1B5347FCB16FBCE523D5FD38F2577FF5AFEF7847D4E4B892879339B466C75B1AE98BD17B663F8C32FBB0A0B39AB77CBCC2BFD6AF9839B7DB537F7DE377537B92DC486DE8F71DF9B5CC82DFADFB82925BCCDDBD8F1D7C4F66E006DB9BDDB72347043B000000A067D43FC3AED2EC3EFAD18FFEF44FFFF4CE9D3B77EFDE3D3D3D3D3535557B86DDB3CF3E9B18E17BFFFD17EED971C7677F75388A46FED7FB6FFEE281D2873BDF53F9646E818F7DA3FCD35B3EF295FFFD67AA0BED7CCB5BA2833B6E9D5D2C1E213154F3613343C61FCCFEEDAAEFCCAD575BABBA503C50BC772D2C33FBF72F6DFF6CF957098915AB4B3639AEC459286D269AE778AB47B7F33DEF79F517BF39FBE11BBF5BBF0FAD9FD5DCE5E3DFD6ADF8AF750B26FE7A61EA6C24CF42F21CD64BEE4CFDAE4639DF6872ECDAB89983AA7E1B2323821D000000D0332AC16E707030F9D289D90F677FBEEFBEFBAEBBEEBA4AAD8B922F9D78FAE9A743EF76C77CEF33BF73E41DFF57261075CAC8FFFA9DF71E79D7DF5CF940C07DE89EB3D1D8ECFF20053B000000A0675482DDDAB56B070606926F89AD34BBB8D645D560373E3EBE6A646424F46EAF08FFF87FFEFB8F1FBAE1F39FF9956E0B64DDE6D9679F15EC000000809E510976EBD7AF9FFD61D5AA554D96ACFCB614EC0E1F3E1C7AB77BD8BFFEDFBFFBBFFDD993959F7FEE837FFDFE3784DEA1EE77F4E851C10E000000E8199560B771E3C6E4F4BAA89CE7666666EA135E29D81D3A7428F46E43CDECFF82053B000000A0675482DDB9E79E9B69738D82DDD8D8D8AA83070F86DE6DA879E18517043B000000A0675482DD79E79DD7E2F2A560F7E4934F86DE6DA8397EFCB86007000000F48C4AB05BB3664DEBABFCFF75C9B33E30854AE20000000049454E44AE426082, 'secondtest');
/*!40000 ALTER TABLE `files` ENABLE KEYS */;


-- Dumping structure for table carting.leaders
CREATE TABLE IF NOT EXISTS `leaders` (
  `id` int(11) NOT NULL AUTO_INCREMENT,
  `user_id` int(11) unsigned NOT NULL,
  `address` varchar(255) NOT NULL,
  `birthday` datetime NOT NULL,
  `document` varchar(255) NOT NULL,
  `first_name` varchar(255) NOT NULL,
  `last_name` varchar(255) NOT NULL,
  `license` varchar(255) DEFAULT NULL,
  `user_tmp` varchar(255) DEFAULT NULL,
  `registration_date` datetime DEFAULT NULL,
  PRIMARY KEY (`id`),
  KEY `user_id` (`user_id`),
  CONSTRAINT `leaders_ibfk_1` FOREIGN KEY (`user_id`) REFERENCES `users` (`id`)
) ENGINE=InnoDB AUTO_INCREMENT=18 DEFAULT CHARSET=utf8;

-- Dumping data for table carting.leaders: ~11 rows (approximately)
DELETE FROM `leaders`;
/*!40000 ALTER TABLE `leaders` DISABLE KEYS */;
INSERT INTO `leaders` (`id`, `user_id`, `address`, `birthday`, `document`, `first_name`, `last_name`, `license`, `user_tmp`, `registration_date`) VALUES
	(1, 6, 'м.Чернівці, вул.Мамаївська.6', '1980-06-23 00:00:00', 'СЕ123345', 'Сергий', 'Пономар', NULL, 'team1', '2014-06-02 13:30:00'),
	(2, 7, 'м. Кам\'янець-Подільський, вул. Грушевського 74/524', '1974-06-27 00:00:00', 'НВ', 'Руслан', 'Кагітін', NULL, 'team2', '2014-06-02 13:30:00'),
	(3, 8, 'м. Чернівці, вул. Каспрука 13/9', '1980-07-09 00:00:00', 'кр122312', 'Петров', 'Розуменко', NULL, 'team4', '2014-06-02 13:30:00'),
	(4, 4, 'м. Стрий, вул. Бандери 12б кв. 6', '1978-05-03 00:00:00', '1-СГ№216123', 'Роман', 'Шандаревський', NULL, 'roman', '2014-06-02 13:30:00'),
	(5, 9, 'Vfdvdfq', '2014-06-03 00:00:00', 'Vdfvdfvq', 'Vfsdvfq', 'Vsfvdfq', 'Vfdvdfq', 'test', '2014-06-03 13:30:00'),
	(8, 10, 'fgwer y3et erthyetr ', '2014-06-04 00:00:00', '34GT3RG34', 'Test', 'Test', '3GF4F34F34', 'test1', '2014-06-04 13:15:23'),
	(12, 13, '123', '2014-08-01 00:00:00', '123', 'Alex', 'Mandryk', '123', NULL, '2014-08-04 16:36:21'),
	(13, 14, '123', '2014-08-01 00:00:00', '123', 'Tem', 'Dem', '123', NULL, '2014-08-04 17:21:17'),
	(14, 15, '123123', '2014-07-30 00:00:00', '123123', 'Tarasa', 'Demoa', '123123', NULL, '2014-08-04 17:48:56'),
	(15, 16, 'vul. Geroiv Maidanu 12.4a / 16,7', '2014-07-30 00:00:00', '151', 'Tester', 'Mester', '5234', NULL, '2014-08-05 14:29:47'),
	(17, 18, '123', '2014-08-13 00:00:00', '123', 'Qw', 'Qw', '123', NULL, '2014-08-13 14:19:00');
/*!40000 ALTER TABLE `leaders` ENABLE KEYS */;


-- Dumping structure for table carting.LOGS
CREATE TABLE IF NOT EXISTS `LOGS` (
  `LOGGER` varchar(200) NOT NULL,
  `LEVEL` varchar(45) NOT NULL,
  `MESSAGE` varchar(1000) NOT NULL,
  `DATE` varchar(45) NOT NULL
) ENGINE=InnoDB DEFAULT CHARSET=utf8;

-- Dumping data for table carting.LOGS: ~34 rows (approximately)
DELETE FROM `LOGS`;
/*!40000 ALTER TABLE `LOGS` DISABLE KEYS */;
INSERT INTO `LOGS` (`LOGGER`, `LEVEL`, `MESSAGE`, `DATE`) VALUES
	('net.carting.service.UserDetailsServiceImpl', 'INFO', 'admin had logged successfully', '2014-08-19 18:58:18,544'),
	('net.carting.service.UserDetailsServiceImpl', 'INFO', 'admin had logged successfully', '2014-08-19 19:03:25,116'),
	('net.carting.service.UserDetailsServiceImpl', 'INFO', 'admin had logged successfully', '2014-08-19 19:03:25,116'),
	('net.carting.service.UserDetailsServiceImpl', 'INFO', 'admin had logged successfully', '2014-08-19 19:08:25,170'),
	('net.carting.service.UserDetailsServiceImpl', 'INFO', 'admin had logged successfully', '2014-08-19 19:08:25,170'),
	('net.carting.web.CompetitionController', 'INFO', 'Admin has disabled competition (id = 1)', '2014-08-19 19:08:31,771'),
	('net.carting.web.CompetitionController', 'INFO', 'Admin has disabled competition (id = 1)', '2014-08-19 19:08:31,771'),
	('net.carting.web.CompetitionController', 'INFO', 'Admin has enabled competition (id = 1)', '2014-08-19 19:09:07,312'),
	('net.carting.web.CompetitionController', 'INFO', 'Admin has enabled competition (id = 1)', '2014-08-19 19:09:07,312'),
	('net.carting.service.UserDetailsServiceImpl', 'INFO', 'admin had logged successfully', '2014-08-19 19:10:03,276'),
	('net.carting.web.CompetitionController', 'INFO', 'Admin has disabled competition (id = 1)', '2014-08-19 19:10:08,122'),
	('org.springframework.web.context.ContextLoader', 'ERROR', 'Context initialization failed', '2014-08-20 04:52:28,833'),
	('org.springframework.web.context.ContextLoader', 'ERROR', 'Context initialization failed', '2014-08-20 04:52:47,178'),
	('org.springframework.web.context.ContextLoader', 'ERROR', 'Context initialization failed', '2014-08-20 04:53:36,557'),
	('org.springframework.web.context.ContextLoader', 'ERROR', 'Context initialization failed', '2014-08-20 04:58:21,716'),
	('org.springframework.web.context.ContextLoader', 'ERROR', 'Context initialization failed', '2014-08-20 04:59:06,103'),
	('org.springframework.web.context.ContextLoader', 'ERROR', 'Context initialization failed', '2014-08-20 05:00:29,564'),
	('org.springframework.web.context.ContextLoader', 'ERROR', 'Context initialization failed', '2014-08-20 05:02:58,740'),
	('org.springframework.web.context.ContextLoader', 'ERROR', 'Context initialization failed', '2014-08-20 05:04:10,765'),
	('net.carting.service.UserDetailsServiceImpl', 'INFO', 'admin had logged successfully', '2014-08-20 05:06:58,167'),
	('org.hibernate.engine.jdbc.spi.SqlExceptionHelper', 'WARN', 'SQL Error: 1054, SQLState: 42S22', '2014-08-20 05:06:58,821'),
	('org.hibernate.engine.jdbc.spi.SqlExceptionHelper', 'WARN', 'SQL Error: 1054, SQLState: 42S22', '2014-08-20 05:10:05,352'),
	('net.carting.service.UserDetailsServiceImpl', 'INFO', 'admin had logged successfully', '2014-08-20 05:12:06,094'),
	('org.hibernate.engine.jdbc.spi.SqlExceptionHelper', 'WARN', 'SQL Error: 1054, SQLState: 42S22', '2014-08-20 05:12:06,492'),
	('org.hibernate.engine.jdbc.spi.SqlExceptionHelper', 'WARN', 'SQL Error: 1054, SQLState: 42S22', '2014-08-20 05:12:12,092'),
	('net.carting.service.UserDetailsServiceImpl', 'INFO', 'admin had logged successfully', '2014-08-20 05:14:36,849'),
	('net.carting.service.UserDetailsServiceImpl', 'INFO', 'admin had logged successfully', '2014-08-20 05:16:57,202'),
	('org.hibernate.engine.jdbc.spi.SqlExceptionHelper', 'WARN', 'SQL Error: 1054, SQLState: 42S22', '2014-08-20 05:16:57,496'),
	('net.carting.service.UserDetailsServiceImpl', 'INFO', 'admin had logged successfully', '2014-08-20 05:21:26,029'),
	('org.hibernate.engine.jdbc.spi.SqlExceptionHelper', 'WARN', 'SQL Error: 1054, SQLState: 42S22', '2014-08-20 05:21:26,304'),
	('net.carting.service.UserDetailsServiceImpl', 'INFO', 'admin had logged successfully', '2014-08-20 05:22:57,508'),
	('net.carting.service.UserDetailsServiceImpl', 'INFO', 'admin had logged successfully', '2014-08-20 05:37:21,193'),
	('net.carting.service.UserDetailsServiceImpl', 'INFO', 'admin had logged successfully', '2014-08-20 05:48:32,837'),
	('net.carting.service.UserDetailsServiceImpl', 'INFO', 'admin had logged successfully', '2014-08-20 05:49:34,265');
/*!40000 ALTER TABLE `LOGS` ENABLE KEYS */;


-- Dumping structure for table carting.racers
CREATE TABLE IF NOT EXISTS `racers` (
  `id` int(11) NOT NULL AUTO_INCREMENT,
  `address` varchar(255) NOT NULL,
  `birthday` datetime NOT NULL,
  `document` varchar(255) NOT NULL,
  `first_name` varchar(255) NOT NULL,
  `last_name` varchar(255) NOT NULL,
  `enabled` tinyint(1) NOT NULL,
  `registration_date` datetime NOT NULL,
  `sports_category` tinyint(1) NOT NULL,
  `team_id` int(11) NOT NULL,
  PRIMARY KEY (`id`),
  KEY `FKC80DE8D25CF956A7` (`team_id`),
  CONSTRAINT `FKC80DE8D25CF956A7` FOREIGN KEY (`team_id`) REFERENCES `teams` (`id`)
) ENGINE=InnoDB AUTO_INCREMENT=23 DEFAULT CHARSET=utf8;

-- Dumping data for table carting.racers: ~16 rows (approximately)
DELETE FROM `racers`;
/*!40000 ALTER TABLE `racers` DISABLE KEYS */;
INSERT INTO `racers` (`id`, `address`, `birthday`, `document`, `first_name`, `last_name`, `enabled`, `registration_date`, `sports_category`, `team_id`) VALUES
	(1, 'м.Чернівці, вул.Комарова 31Г,22', '1994-07-16 00:00:00', 'КР №772048', 'Максим', 'Лелик', 1, '2014-05-15 10:24:29', 4, 1),
	(2, 'м.Чернівці, вул.Головна, 285, кв.28', '1986-06-26 00:00:00', 'КР №772048', 'Віталій', 'Вахата', 1, '2014-05-15 10:27:53', 4, 1),
	(3, 'м.Чернівці, вул.Сторожинецька, 60', '2001-09-26 00:00:00', 'І-МИ № 078300', 'Андрій', 'Балашев', 1, '2014-05-15 10:31:16', 1, 1),
	(4, 'м. Кам\'янець-Подільський, вул. кн.Корыатовычыв 68/54', '2006-02-10 00:00:00', '1-БВ №023157', 'Даниїл', 'Кукурузов', 1, '2014-05-15 10:36:33', 0, 2),
	(5, 'м. Кам\'янець-Подільський, вул. Гагаріна 69/35', '2000-05-12 00:00:00', 'І-БВ', 'Максимa', 'Квапиш', 1, '2014-05-15 10:43:35', 4, 2),
	(6, 'м. Чернівці, вул. Переяслівська 6/11 ', '2009-11-19 00:00:00', 'КР233423', 'Василь', 'Ющенко', 1, '2014-05-15 11:56:04', 0, 2),
	(7, 'вул. Небесної сотні 14а', '1981-03-05 00:00:00', 'КР3431234', 'Олексій ', 'Зарубайко', 1, '2014-05-15 11:58:22', 5, 2),
	(8, 'м. Чернівці, вул. Шевченко, 25', '2008-11-12 00:00:00', 'ра12342', 'Сергій', 'Надольський', 1, '2014-05-28 10:55:14', 1, 3),
	(9, 'м. Чернівці, вул. Ентузіастів, 5', '2007-07-11 00:00:00', 'ке342344545', 'Павло', 'Мурзенко', 1, '2014-05-28 10:57:24', 2, 3),
	(10, 'м. Стрий, вул.1 Листопада 16А, кв. 3', '1993-08-19 00:00:00', 'КС 729066', 'Олег', 'Карман', 1, '2014-05-28 18:19:02', 1, 4),
	(11, 'м. Стрий, вул. Б. Хмельницького, 21, 3', '1998-07-08 00:00:00', '1-СГ №158340', 'Марко', 'Лисак', 1, '2014-05-28 18:20:26', 0, 4),
	(13, 'Vsdf', '2014-06-02 00:00:00', 'Vdf', 'Vfvdfv', 'Vdfsvdfv', 1, '2014-06-03 13:59:02', 2, 5),
	(15, 'пПвапва', '1990-01-23 00:00:00', 'Пвапва', 'Піап', 'Пвапвап', 1, '2014-06-04 13:26:17', 0, 13),
	(16, 'Gdsfgfs', '1992-03-12 00:00:00', 'Gdfgfds', 'Fsdggg', 'Gsfgfdsgds', 1, '2014-06-04 14:04:40', 1, 13),
	(21, 'м. Чернівці', '1995-07-12 00:00:00', '97NYY7MNH', 'Петро', 'Іванов', 1, '2014-06-13 17:17:53', 1, 1),
	(22, 'uu', '2012-12-01 00:00:00', 'uuu', 'Dima', 'Pima', 1, '2014-08-05 14:32:52', 5, 14);
/*!40000 ALTER TABLE `racers` ENABLE KEYS */;


-- Dumping structure for table carting.racer_car_class_numbers
CREATE TABLE IF NOT EXISTS `racer_car_class_numbers` (
  `id` int(11) NOT NULL AUTO_INCREMENT,
  `number` int(11) NOT NULL,
  `car_class_id` int(11) NOT NULL,
  `racer_id` int(11) NOT NULL,
  PRIMARY KEY (`id`),
  UNIQUE KEY `racer_id` (`racer_id`,`car_class_id`),
  KEY `FK9F10E05AA1B9B1AD` (`racer_id`),
  KEY `FK9F10E05A1F1B02DE` (`car_class_id`),
  CONSTRAINT `FK9F10E05A1F1B02DE` FOREIGN KEY (`car_class_id`) REFERENCES `car_classes` (`id`),
  CONSTRAINT `FK9F10E05AA1B9B1AD` FOREIGN KEY (`racer_id`) REFERENCES `racers` (`id`)
) ENGINE=InnoDB AUTO_INCREMENT=32 DEFAULT CHARSET=utf8;

-- Dumping data for table carting.racer_car_class_numbers: ~23 rows (approximately)
DELETE FROM `racer_car_class_numbers`;
/*!40000 ALTER TABLE `racer_car_class_numbers` DISABLE KEYS */;
INSERT INTO `racer_car_class_numbers` (`id`, `number`, `car_class_id`, `racer_id`) VALUES
	(1, 1, 3, 1),
	(2, 2, 3, 2),
	(3, 12, 7, 3),
	(4, 1, 6, 3),
	(5, 9, 4, 4),
	(6, 9, 2, 5),
	(7, 9, 3, 6),
	(8, 5, 4, 6),
	(9, 7, 3, 7),
	(10, 4, 7, 7),
	(11, 9, 7, 8),
	(12, 8, 4, 8),
	(13, 8, 7, 9),
	(14, 4, 4, 9),
	(15, 3, 3, 10),
	(16, 21, 2, 11),
	(17, 54, 3, 11),
	(19, 13, 3, 13),
	(21, 88, 3, 15),
	(22, 55, 3, 16),
	(29, 10, 2, 21),
	(30, 5, 3, 21),
	(31, 17, 9, 22);
/*!40000 ALTER TABLE `racer_car_class_numbers` ENABLE KEYS */;


-- Dumping structure for table carting.racer_competition_car_class_numbers
CREATE TABLE IF NOT EXISTS `racer_competition_car_class_numbers` (
  `id` int(11) NOT NULL AUTO_INCREMENT,
  `number_in_competition` int(11) NOT NULL,
  `car_class_competition_id` int(11) NOT NULL,
  `racer_id` int(11) NOT NULL,
  PRIMARY KEY (`id`),
  UNIQUE KEY `racer_id` (`racer_id`,`car_class_competition_id`),
  KEY `FKFE2396DA7644F83B` (`car_class_competition_id`),
  KEY `FKFE2396DAA1B9B1AD` (`racer_id`),
  CONSTRAINT `FKFE2396DA7644F83B` FOREIGN KEY (`car_class_competition_id`) REFERENCES `car_class_competition` (`id`),
  CONSTRAINT `FKFE2396DAA1B9B1AD` FOREIGN KEY (`racer_id`) REFERENCES `racers` (`id`)
) ENGINE=InnoDB AUTO_INCREMENT=32 DEFAULT CHARSET=utf8;

-- Dumping data for table carting.racer_competition_car_class_numbers: ~13 rows (approximately)
DELETE FROM `racer_competition_car_class_numbers`;
/*!40000 ALTER TABLE `racer_competition_car_class_numbers` DISABLE KEYS */;
INSERT INTO `racer_competition_car_class_numbers` (`id`, `number_in_competition`, `car_class_competition_id`, `racer_id`) VALUES
	(4, 1, 2, 3),
	(6, 2, 3, 2),
	(7, 1, 3, 1),
	(10, 9, 6, 8),
	(11, 8, 6, 9),
	(12, 2, 5, 2),
	(13, 12, 6, 3),
	(14, 1, 5, 1),
	(15, 4, 6, 7),
	(17, 9, 5, 6),
	(19, 7, 5, 7),
	(29, 13, 3, 13),
	(31, 7, 3, 7);
/*!40000 ALTER TABLE `racer_competition_car_class_numbers` ENABLE KEYS */;


-- Dumping structure for table carting.racer_document
CREATE TABLE IF NOT EXISTS `racer_document` (
  `racer_id` int(11) NOT NULL,
  `document_id` int(11) NOT NULL,
  PRIMARY KEY (`racer_id`,`document_id`),
  KEY `FKADCD1BD917352767` (`document_id`),
  KEY `FKADCD1BD9A1B9B1AD` (`racer_id`),
  CONSTRAINT `FKADCD1BD917352767` FOREIGN KEY (`document_id`) REFERENCES `documents` (`id`),
  CONSTRAINT `FKADCD1BD9A1B9B1AD` FOREIGN KEY (`racer_id`) REFERENCES `racers` (`id`)
) ENGINE=InnoDB DEFAULT CHARSET=utf8;

-- Dumping data for table carting.racer_document: ~1 rows (approximately)
DELETE FROM `racer_document`;
/*!40000 ALTER TABLE `racer_document` DISABLE KEYS */;
INSERT INTO `racer_document` (`racer_id`, `document_id`) VALUES
	(21, 10);
/*!40000 ALTER TABLE `racer_document` ENABLE KEYS */;


-- Dumping structure for table carting.races
CREATE TABLE IF NOT EXISTS `races` (
  `id` int(11) NOT NULL AUTO_INCREMENT,
  `number_of_laps` int(11) NOT NULL,
  `number_of_members` int(11) NOT NULL,
  `race_number` int(11) NOT NULL,
  `result_sequance` varchar(255) NOT NULL,
  `car_class_id` int(11) NOT NULL,
  `car_class_competition_id` int(11) DEFAULT NULL,
  PRIMARY KEY (`id`),
  KEY `FK6740FC27644F83B` (`car_class_competition_id`),
  KEY `FK6740FC21F1B02DE` (`car_class_id`),
  CONSTRAINT `FK6740FC21F1B02DE` FOREIGN KEY (`car_class_id`) REFERENCES `car_classes` (`id`),
  CONSTRAINT `FK6740FC27644F83B` FOREIGN KEY (`car_class_competition_id`) REFERENCES `car_class_competition` (`id`)
) ENGINE=InnoDB AUTO_INCREMENT=9 DEFAULT CHARSET=utf8;

-- Dumping data for table carting.races: ~5 rows (approximately)
DELETE FROM `races`;
/*!40000 ALTER TABLE `races` DISABLE KEYS */;
INSERT INTO `races` (`id`, `number_of_laps`, `number_of_members`, `race_number`, `result_sequance`, `car_class_id`, `car_class_competition_id`) VALUES
	(4, 7, 4, 1, '12 4 8 9 8 4 8 9 12 12 4 8 9 8 9 8 9 12 4 4', 7, 6),
	(5, 7, 4, 2, '12 9 8 4 12 9 8 8 12 9 4 8 12 9 12 8 12 9 12 9', 7, 6),
	(6, 10, 4, 1, '1 7 2 9 2 9 1 7 2 1 9 7 2 9 1 2 9 1 7 2 9 2 9 1 1 1 1 2 7', 3, 5),
	(7, 10, 4, 2, '2 9 1 7 1 2 7 1 2 7 1 2 7 7 2 1 7 2 1 7 2 7 2 1 7 2 1 1 7 1', 3, 5),
	(8, 6, 1, 1, '1 1 1', 6, 2);
/*!40000 ALTER TABLE `races` ENABLE KEYS */;


-- Dumping structure for table carting.race_results
CREATE TABLE IF NOT EXISTS `race_results` (
  `id` int(11) NOT NULL AUTO_INCREMENT,
  `car_number` int(11) NOT NULL,
  `full_laps` int(11) NOT NULL,
  `place` int(11) NOT NULL,
  `points` int(11) NOT NULL,
  `race_id` int(11) NOT NULL,
  `racer_id` int(11) NOT NULL,
  PRIMARY KEY (`id`),
  KEY `FK9D24CC88A1B9B1AD` (`racer_id`),
  KEY `FK9D24CC88EC711227` (`race_id`),
  CONSTRAINT `FK9D24CC88A1B9B1AD` FOREIGN KEY (`racer_id`) REFERENCES `racers` (`id`),
  CONSTRAINT `FK9D24CC88EC711227` FOREIGN KEY (`race_id`) REFERENCES `races` (`id`)
) ENGINE=InnoDB AUTO_INCREMENT=28 DEFAULT CHARSET=utf8;

-- Dumping data for table carting.race_results: ~17 rows (approximately)
DELETE FROM `race_results`;
/*!40000 ALTER TABLE `race_results` DISABLE KEYS */;
INSERT INTO `race_results` (`id`, `car_number`, `full_laps`, `place`, `points`, `race_id`, `racer_id`) VALUES
	(11, 8, 6, 1, 40, 4, 9),
	(12, 4, 5, 3, 0, 4, 7),
	(13, 9, 5, 2, 0, 4, 8),
	(14, 12, 4, 4, 0, 4, 3),
	(15, 12, 7, 1, 40, 5, 3),
	(16, 9, 6, 2, 24, 5, 8),
	(17, 8, 5, 3, 0, 5, 9),
	(18, 4, 2, 4, 0, 5, 7),
	(19, 1, 9, 1, 40, 6, 1),
	(20, 2, 8, 2, 24, 6, 2),
	(21, 9, 7, 3, 0, 6, 6),
	(22, 7, 5, 4, 0, 6, 7),
	(23, 7, 10, 1, 40, 7, 7),
	(24, 1, 10, 2, 24, 7, 1),
	(25, 2, 9, 3, 11, 7, 2),
	(26, 9, 1, 4, 0, 7, 6),
	(27, 1, 3, 1, 0, 8, 3);
/*!40000 ALTER TABLE `race_results` ENABLE KEYS */;


-- Dumping structure for table carting.roles
CREATE TABLE IF NOT EXISTS `roles` (
  `id` int(6) unsigned NOT NULL AUTO_INCREMENT,
  `role` varchar(25) NOT NULL,
  PRIMARY KEY (`id`)
) ENGINE=InnoDB AUTO_INCREMENT=3 DEFAULT CHARSET=utf8;

-- Dumping data for table carting.roles: ~2 rows (approximately)
DELETE FROM `roles`;
/*!40000 ALTER TABLE `roles` DISABLE KEYS */;
INSERT INTO `roles` (`id`, `role`) VALUES
	(1, 'ROLE_ADMIN'),
	(2, 'ROLE_TEAM_LEADER');
/*!40000 ALTER TABLE `roles` ENABLE KEYS */;


-- Dumping structure for table carting.teams
CREATE TABLE IF NOT EXISTS `teams` (
  `id` int(11) NOT NULL AUTO_INCREMENT,
  `address` varchar(255) NOT NULL,
  `name` varchar(255) NOT NULL,
  `leader_id` int(11) NOT NULL,
  `license` varchar(255) DEFAULT NULL,
  PRIMARY KEY (`id`),
  KEY `FK69209B64530F7E7` (`leader_id`),
  CONSTRAINT `FK69209B64530F7E7` FOREIGN KEY (`leader_id`) REFERENCES `leaders` (`id`)
) ENGINE=InnoDB AUTO_INCREMENT=17 DEFAULT CHARSET=utf8;

-- Dumping data for table carting.teams: ~8 rows (approximately)
DELETE FROM `teams`;
/*!40000 ALTER TABLE `teams` DISABLE KEYS */;
INSERT INTO `teams` (`id`, `address`, `name`, `leader_id`, `license`) VALUES
	(1, 'м.Чернівці, вул.Мамаївська.6', 'Чернівецький ОЦНТТУМ', 1, NULL),
	(2, 'м. Кам\'янець-Подільський, вул. Грушевського 74/524', 'Філія ХОЦНТТУМ м. Кам\'янець-Подільський', 2, NULL),
	(3, 'м. Чернівці', 'Чернівецькі яструби', 3, NULL),
	(4, 'м. Стрий, вул. Бандери, 12 , кв.6', 'Львівський ОЦНТТУМ', 4, NULL),
	(5, 'Adress', 'My Team', 5, 'E565'),
	(13, 'пПапвап', 'АПП', 8, 'Пвапвап'),
	(14, 'fafa', 'Super Command', 15, '123412'),
	(16, 'Чернівці, вул Комарова 19/21, кв. №56', 'Com', 14, 'AS №123456');
/*!40000 ALTER TABLE `teams` ENABLE KEYS */;


-- Dumping structure for table carting.team_in_competition
CREATE TABLE IF NOT EXISTS `team_in_competition` (
  `id` int(11) NOT NULL AUTO_INCREMENT,
  `competition_id` int(11) NOT NULL,
  `team_id` int(11) NOT NULL,
  PRIMARY KEY (`id`),
  UNIQUE KEY `team_id` (`team_id`,`competition_id`),
  KEY `FK6C8DF3C7ED6F4EAD` (`competition_id`),
  KEY `FK6C8DF3C75CF956A7` (`team_id`),
  CONSTRAINT `FK6C8DF3C75CF956A7` FOREIGN KEY (`team_id`) REFERENCES `teams` (`id`),
  CONSTRAINT `FK6C8DF3C7ED6F4EAD` FOREIGN KEY (`competition_id`) REFERENCES `competitions` (`id`)
) ENGINE=InnoDB AUTO_INCREMENT=11 DEFAULT CHARSET=utf8;

-- Dumping data for table carting.team_in_competition: ~6 rows (approximately)
DELETE FROM `team_in_competition`;
/*!40000 ALTER TABLE `team_in_competition` DISABLE KEYS */;
INSERT INTO `team_in_competition` (`id`, `competition_id`, `team_id`) VALUES
	(2, 2, 1),
	(10, 1, 2),
	(3, 2, 2),
	(1, 2, 3),
	(7, 2, 4),
	(8, 1, 5);
/*!40000 ALTER TABLE `team_in_competition` ENABLE KEYS */;


-- Dumping structure for table carting.users
CREATE TABLE IF NOT EXISTS `users` (
  `id` int(11) unsigned NOT NULL AUTO_INCREMENT,
  `username` varchar(255) NOT NULL,
  `enabled` tinyint(1) NOT NULL,
  `password` varchar(255) DEFAULT NULL,
  `role_id` int(11) unsigned NOT NULL,
  `email` varchar(45) NOT NULL,
  `reset_pass_link` varchar(255) DEFAULT NULL,
  PRIMARY KEY (`id`),
  KEY `FK_users_roles` (`role_id`),
  CONSTRAINT `FK_users_roles` FOREIGN KEY (`role_id`) REFERENCES `roles` (`id`)
) ENGINE=InnoDB AUTO_INCREMENT=19 DEFAULT CHARSET=utf8;

-- Dumping data for table carting.users: ~12 rows (approximately)
DELETE FROM `users`;
/*!40000 ALTER TABLE `users` DISABLE KEYS */;
INSERT INTO `users` (`id`, `username`, `enabled`, `password`, `role_id`, `email`, `reset_pass_link`) VALUES
	(1, 'admin', 1, '8c6976e5b5410415bde908bd4dee15dfb167a9c873fc4bb8a81f6f2ab448a918', 1, '', NULL),
	(4, 'roman', 1, '4eaae75f1df2f52bda44f6b18a400542d51c81bd7c00b0e720be5dc2c997575d', 2, '', NULL),
	(6, 'team1', 1, '03ac674216f3e15c761ee1a5e255f067953623c8b388b4459e13f978d7c846f4', 2, '', NULL),
	(7, 'team2', 1, '03ac674216f3e15c761ee1a5e255f067953623c8b388b4459e13f978d7c846f4', 2, '', NULL),
	(8, 'team4', 1, '03ac674216f3e15c761ee1a5e255f067953623c8b388b4459e13f978d7c846f4', 2, '', NULL),
	(9, 'test', 1, '0ffe1abd1a08215353c233d6e009613e95eec4253832a761af28ff37ac5a150c', 2, '', NULL),
	(10, 'test1', 0, '0ffe1abd1a08215353c233d6e009613e95eec4253832a761af28ff37ac5a150c', 2, '', NULL),
	(13, 'alex', 0, '96cae35ce8a9b0244178bf28e4966c2ce1b8385723a96a6b838858cdd6ca0a1e', 2, '', NULL),
	(14, 'tem', 0, '96cae35ce8a9b0244178bf28e4966c2ce1b8385723a96a6b838858cdd6ca0a1e', 2, '', NULL),
	(15, 'demo', 1, '96cae35ce8a9b0244178bf28e4966c2ce1b8385723a96a6b838858cdd6ca0a1e', 2, '', NULL),
	(16, 'tester', 1, '96cae35ce8a9b0244178bf28e4966c2ce1b8385723a96a6b838858cdd6ca0a1e', 2, '', NULL),
	(18, 'kolio', 1, '5994471abb01112afcc18159f6cc74b4f511b99806da59b3caf5a9c173cacfc5', 2, 'kolio5991@gmail.com', '682c5d12b454444f10e3660f3e1317434e93eabc9b58747552d05a642cdb45bc');
/*!40000 ALTER TABLE `users` ENABLE KEYS */;
/*!40101 SET SQL_MODE=IFNULL(@OLD_SQL_MODE, '') */;
/*!40014 SET FOREIGN_KEY_CHECKS=IF(@OLD_FOREIGN_KEY_CHECKS IS NULL, 1, @OLD_FOREIGN_KEY_CHECKS) */;
/*!40101 SET CHARACTER_SET_CLIENT=@OLD_CHARACTER_SET_CLIENT */;
