-- MySQL dump 10.13  Distrib 5.5.25a, for Win64 (x86)
--
-- Host: localhost    Database: carting
-- ------------------------------------------------------
-- Server version	5.0.67-community-nt

/*!40101 SET @OLD_CHARACTER_SET_CLIENT=@@CHARACTER_SET_CLIENT */;
/*!40101 SET @OLD_CHARACTER_SET_RESULTS=@@CHARACTER_SET_RESULTS */;
/*!40101 SET @OLD_COLLATION_CONNECTION=@@COLLATION_CONNECTION */;
/*!40101 SET NAMES utf8 */;
/*!40103 SET @OLD_TIME_ZONE=@@TIME_ZONE */;
/*!40103 SET TIME_ZONE='+00:00' */;
/*!40014 SET @OLD_UNIQUE_CHECKS=@@UNIQUE_CHECKS, UNIQUE_CHECKS=0 */;
/*!40014 SET @OLD_FOREIGN_KEY_CHECKS=@@FOREIGN_KEY_CHECKS, FOREIGN_KEY_CHECKS=0 */;
/*!40101 SET @OLD_SQL_MODE=@@SQL_MODE, SQL_MODE='NO_AUTO_VALUE_ON_ZERO' */;
/*!40111 SET @OLD_SQL_NOTES=@@SQL_NOTES, SQL_NOTES=0 */;

--
-- Not dumping tablespaces as no INFORMATION_SCHEMA.FILES table on this server
--

--
-- Table structure for table `admin_settings`
--

DROP TABLE IF EXISTS `admin_settings`;
/*!40101 SET @saved_cs_client     = @@character_set_client */;
/*!40101 SET character_set_client = utf8 */;
CREATE TABLE `admin_settings` (
  `id` int(11) NOT NULL auto_increment,
  `feedback_email` varchar(255) NOT NULL,
  `parental_permission_years` int(11) NOT NULL,
  `points_by_places` varchar(255) NOT NULL,
  PRIMARY KEY  (`id`)
) ENGINE=InnoDB AUTO_INCREMENT=2 DEFAULT CHARSET=utf8;
/*!40101 SET character_set_client = @saved_cs_client */;

--
-- Dumping data for table `admin_settings`
--

LOCK TABLES `admin_settings` WRITE;
/*!40000 ALTER TABLE `admin_settings` DISABLE KEYS */;
INSERT INTO `admin_settings` VALUES (1,'softserve.karting@gmail.com',18,'20,15,12,10,8,6,3,3,1');
/*!40000 ALTER TABLE `admin_settings` ENABLE KEYS */;
UNLOCK TABLES;

--
-- Table structure for table `authorities`
--

DROP TABLE IF EXISTS `authorities`;
/*!40101 SET @saved_cs_client     = @@character_set_client */;
/*!40101 SET character_set_client = utf8 */;
CREATE TABLE `authorities` (
  `username` varchar(255) NOT NULL,
  `authority` varchar(255) default NULL,
  PRIMARY KEY  (`username`)
) ENGINE=InnoDB DEFAULT CHARSET=utf8;
/*!40101 SET character_set_client = @saved_cs_client */;

--
-- Dumping data for table `authorities`
--

LOCK TABLES `authorities` WRITE;
/*!40000 ALTER TABLE `authorities` DISABLE KEYS */;
/*!40000 ALTER TABLE `authorities` ENABLE KEYS */;
UNLOCK TABLES;

--
-- Table structure for table `car_class_competition`
--

DROP TABLE IF EXISTS `car_class_competition`;
/*!40101 SET @saved_cs_client     = @@character_set_client */;
/*!40101 SET character_set_client = utf8 */;
CREATE TABLE `car_class_competition` (
  `id` int(11) NOT NULL auto_increment,
  `circle_count` int(11) NOT NULL,
  `first_race_time` time NOT NULL,
  `percentage_offset` int(11) NOT NULL,
  `second_race_time` time NOT NULL,
  `car_class_id` int(11) NOT NULL,
  `competition_id` int(11) NOT NULL,
  PRIMARY KEY  (`id`),
  KEY `FKC7F8C1CDED6F4EAD` (`competition_id`),
  KEY `FKC7F8C1CD1F1B02DE` (`car_class_id`),
  CONSTRAINT `FKC7F8C1CD1F1B02DE` FOREIGN KEY (`car_class_id`) REFERENCES `car_classes` (`id`),
  CONSTRAINT `FKC7F8C1CDED6F4EAD` FOREIGN KEY (`competition_id`) REFERENCES `competitions` (`id`)
) ENGINE=InnoDB AUTO_INCREMENT=11 DEFAULT CHARSET=utf8;
/*!40101 SET character_set_client = @saved_cs_client */;

--
-- Dumping data for table `car_class_competition`
--

LOCK TABLES `car_class_competition` WRITE;
/*!40000 ALTER TABLE `car_class_competition` DISABLE KEYS */;
INSERT INTO `car_class_competition` VALUES (1,6,'16:05:00',75,'12:40:00',7,1),(2,6,'15:20:00',75,'12:00:00',6,1),(3,10,'15:00:00',75,'11:40:00',3,1),(5,7,'11:30:00',75,'14:00:00',3,2),(6,7,'12:30:00',75,'15:30:00',7,2),(8,4,'15:30:00',75,'16:20:00',1,2),(9,5,'11:00:00',80,'12:00:00',1,1),(10,5,'11:00:00',80,'12:00:00',2,1);
/*!40000 ALTER TABLE `car_class_competition` ENABLE KEYS */;
UNLOCK TABLES;

--
-- Table structure for table `car_class_competition_results`
--

DROP TABLE IF EXISTS `car_class_competition_results`;
/*!40101 SET @saved_cs_client     = @@character_set_client */;
/*!40101 SET character_set_client = utf8 */;
CREATE TABLE `car_class_competition_results` (
  `id` int(11) NOT NULL auto_increment,
  `absolute_place` int(11) default NULL,
  `absolute_points` int(11) default NULL,
  `comment` varchar(255) default NULL,
  `race2_points` int(11) default NULL,
  `racer_competition_carclass_number_id` int(11) NOT NULL,
  PRIMARY KEY  (`id`),
  KEY `FK706F8784CA0A6B84` (`racer_competition_carclass_number_id`),
  CONSTRAINT `FK706F8784CA0A6B84` FOREIGN KEY (`racer_competition_carclass_number_id`) REFERENCES `racer_competition_car_class_numbers` (`id`)
) ENGINE=InnoDB AUTO_INCREMENT=16 DEFAULT CHARSET=utf8;
/*!40101 SET character_set_client = @saved_cs_client */;

--
-- Dumping data for table `car_class_competition_results`
--

LOCK TABLES `car_class_competition_results` WRITE;
/*!40000 ALTER TABLE `car_class_competition_results` DISABLE KEYS */;
INSERT INTO `car_class_competition_results` VALUES (7,2,40,'без штрафу',40,13),(8,4,0,'2 за маневрування',0,15),(9,1,40,'без штрафу',0,11),(10,3,24,'без штрафу',24,10),(11,3,35,'без штрафу',11,12),(12,4,0,'10 за красивые глаза',0,17),(13,1,64,'-5 за таран карту №1',24,14),(14,2,40,'без штрафу',40,19),(15,1,0,'без штрафу',0,4);
/*!40000 ALTER TABLE `car_class_competition_results` ENABLE KEYS */;
UNLOCK TABLES;

--
-- Table structure for table `car_classes`
--

DROP TABLE IF EXISTS `car_classes`;
/*!40101 SET @saved_cs_client     = @@character_set_client */;
/*!40101 SET character_set_client = utf8 */;
CREATE TABLE `car_classes` (
  `id` int(11) NOT NULL auto_increment,
  `lower_years_limit` int(11) NOT NULL,
  `name` varchar(255) NOT NULL,
  `upper_years_limit` int(11) NOT NULL,
  PRIMARY KEY  (`id`),
  UNIQUE KEY `name` (`name`),
  UNIQUE KEY `name_2` (`name`)
) ENGINE=InnoDB AUTO_INCREMENT=10 DEFAULT CHARSET=utf8;
/*!40101 SET character_set_client = @saved_cs_client */;

--
-- Dumping data for table `car_classes`
--

LOCK TABLES `car_classes` WRITE;
/*!40000 ALTER TABLE `car_classes` DISABLE KEYS */;
INSERT INTO `car_classes` VALUES (1,12,'Популярний-Юнаки',17),(2,15,'Кадет',99),(3,15,'Популярний',99),(4,6,'Піонер Н-міні',9),(6,6,'Піонер Б',13),(7,9,'Піонер Н',13),(8,5,'dgfhdsgh',8),(9,16,'ICA',98);
/*!40000 ALTER TABLE `car_classes` ENABLE KEYS */;
UNLOCK TABLES;

--
-- Table structure for table `competitions`
--

DROP TABLE IF EXISTS `competitions`;
/*!40101 SET @saved_cs_client     = @@character_set_client */;
/*!40101 SET character_set_client = utf8 */;
CREATE TABLE `competitions` (
  `id` int(11) NOT NULL auto_increment,
  `date_end` date NOT NULL,
  `date_start` date NOT NULL,
  `director_category_judicial_license` varchar(255) NOT NULL,
  `director_name` varchar(255) NOT NULL,
  `enabled` tinyint(1) NOT NULL,
  `first_race_date` date NOT NULL,
  `name` varchar(255) NOT NULL,
  `place` varchar(255) NOT NULL,
  `second_race_date` date NOT NULL,
  `secretary_category_judicial_license` varchar(255) NOT NULL,
  `secretary_name` varchar(255) NOT NULL,
  `calculate_by_table_b` tinyint(1) NOT NULL,
  `points_by_places` varchar(255) NOT NULL,
  PRIMARY KEY  (`id`)
) ENGINE=InnoDB AUTO_INCREMENT=4 DEFAULT CHARSET=utf8;
/*!40101 SET character_set_client = @saved_cs_client */;

--
-- Dumping data for table `competitions`
--

LOCK TABLES `competitions` WRITE;
/*!40000 ALTER TABLE `competitions` DISABLE KEYS */;
INSERT INTO `competitions` VALUES (1,'2014-06-30','2014-06-28','НК','МИРОНОВ В.І.',0,'2014-06-28','ВСЕУКРАЇНСЬКІ ЗМАГАННЯ З КАРТИНГУ СЕРЕД УЧНІВСЬКОЇ МОЛОДІ 2014 року (фінальний етап)','м.Кам\'янець-Подільський','2014-06-30','НК','РИБАЛКА Л.А.',0,'20,15,12,10,8,6,3,3,1'),(2,'2014-05-29','2014-05-28','НК','МИРОНОВ В.І.',1,'2014-05-28','Чемпіонат Чернівецької області (весна 2014 року)','м. Чернівці','2014-05-28','НК','РИБАЛКА Л.А.',1,'28,15,12,10,9,8,5,4,1'),(3,'2015-07-17','2015-07-16','dsgfsd','Gdsfgdf',0,'2014-06-06','Test','Test','2014-06-07','dfgdsf','Gdgdf',0,'20,15,12,10,8,6,3,3,1');
/*!40000 ALTER TABLE `competitions` ENABLE KEYS */;
UNLOCK TABLES;

--
-- Table structure for table `documents`
--

DROP TABLE IF EXISTS `documents`;
/*!40101 SET @saved_cs_client     = @@character_set_client */;
/*!40101 SET character_set_client = utf8 */;
CREATE TABLE `documents` (
  `id` int(11) NOT NULL auto_increment,
  `approved` tinyint(1) NOT NULL,
  `checked` tinyint(1) NOT NULL,
  `finish_date` datetime default NULL,
  `name` varchar(255) default NULL,
  `reason` varchar(255) default NULL,
  `start_date` datetime default NULL,
  `type` tinyint(1) NOT NULL,
  PRIMARY KEY  (`id`)
) ENGINE=InnoDB AUTO_INCREMENT=13 DEFAULT CHARSET=utf8;
/*!40101 SET character_set_client = @saved_cs_client */;

--
-- Dumping data for table `documents`
--

LOCK TABLES `documents` WRITE;
/*!40000 ALTER TABLE `documents` DISABLE KEYS */;
INSERT INTO `documents` VALUES (10,1,1,'2014-08-29 00:00:00','werwer','',NULL,2);
/*!40000 ALTER TABLE `documents` ENABLE KEYS */;
UNLOCK TABLES;

--
-- Table structure for table `files`
--

DROP TABLE IF EXISTS `files`;
/*!40101 SET @saved_cs_client     = @@character_set_client */;
/*!40101 SET character_set_client = utf8 */;
CREATE TABLE `files` (
  `id` int(11) NOT NULL auto_increment,
  `document_id` int(11) NOT NULL,
  `file` longblob,
  `name` varchar(45) NOT NULL,
  PRIMARY KEY  (`id`),
  KEY `FK5CEBA7717352767` (`document_id`),
  CONSTRAINT `FK5CEBA7717352767` FOREIGN KEY (`document_id`) REFERENCES `documents` (`id`)
) ENGINE=InnoDB AUTO_INCREMENT=10 DEFAULT CHARSET=utf8;
/*!40101 SET character_set_client = @saved_cs_client */;

--
-- Dumping data for table `files`
--

LOCK TABLES `files` WRITE;
/*!40000 ALTER TABLE `files` DISABLE KEYS */;
INSERT INTO `files` VALUES (8,10,'PNG\r\n\Z\n\0\0\0\rIHDR\0\0\0\0\0\0\0E`\0\0IDATx]E}qwt݁p\"J7R*t+Ht[((r\\&vgggg{wN֯\0E$\0ER?P\0~D\n=@t瑠#`+,\nr*` Q! =\nEQ3FITk&5QB4rCz\ZMaz_.af0DGWe~p]DIrFk>9%/eAE΄-UInH!SxPE,jGv[67s3̍8\\?BXGr6ОԶV6eu&``mL(?$tQیmdٔ=HPQ)s\\hgҏl b͎B\'K+n`UIlNL_Cg4@<ڈ̸?%_f8	Sf,b*S\"w2@cWlͺJAh\rik(|{0˘>S*\'p:rcȶT\rffɩog($[g{uʯMѩ`Qѱb\n,[Hoȝdʣ\n((hG1\Z#ԝiA+JɅPӰWATm:[7vbD=<}R\\C._ɓf>a\\x-߿RR8t3SE0d\0?eB^.=B^)>̃@ LZBa&_aP3\r`/2~K\n(\rFsm۶Y((u΁9\ZOXG<ArZM	:C\Z9\'ZҜ)̬LQ6TZQfxkEm=,m<ePαQ؎}e8b	:/0B#r	f22RS22\"08ihF̽뫔B\rlv0%֯B߁Wxި\"\"|XvAͿ-WMehe{6!\0tKudp7o(Z9Ѯt ;-z%8K`raB4q6:&_,=ڳ62yK]\Zha#*Zަc{^ꈝyiaX2<c0^w%%a*\\E*wƔGP.ܲ/Tc\'iZVX~Ce4\"r$ahw|Ƨ4KR\0GdBԽE3I & DtMg,@?LvdT3`SO-mk2Gg!A~fX)Sf°g/_~	6pٱ{9\n1hi	\00_:0Ϧ׻{!2G\n!8â	NGV!N@\'*#&M~mb{\nA(̅L@(ߑW9\niS&\\ᯬHxy-yQNjgBY[q266u-؉35>N9;4拶0(c	\\GԻfj)\\pA9;uk+OffV,_t¥۟,Tva?SsacyoI\"-VQڃ]+έ6}M,\r%mĩCd¹:;[W#[(0Ԡ.,&v3t \"cYM_T\\2c-L(*֌*rOD0IU#>_aXed;1\ZjR]b;\'_b@84dghHmΕ\071;l>SJXn8:~\0=K,ܛ2h,B~v1fv`g+)_84vuF8%a;HأxNt5t|Y\na/^|޼y/Bbb\";\"_|]˪Q[nF}R<*΋+^ZKJT`FP@j\ZH:L#wz,\\S&xGѭhKFM=4S*@]*<-~bPG{Y@*kVٌPG\Z#}hE\r3<8/m3eX`;,hmlNkh@˩.\\.&cQKcfVF[<\nJ^	^I:͏ۏ%/RHB^_~lPírZ8y]\'\n|ܫlGf<&70s:4G3FTEZd:sPN3\"vQ1g.()Ϫp.U,ck]uLqscGr3TC/K5vta#Wl,	A&f4>*W_&{:h \Zߊf4+a\"Y!`5,_PdbR/BBpeR}r}[8< ;$\Z]/.\'H^m;#(H1S TbzŪ)àyR͘EAؓڿ]UH^Xn°~K,IIIJ	,Yr?|bb\"Ц\rMު\nKˣ}ǏIv2ٶ$%JK#p*0\'d:tD+[*X%VGH+<sΝ=^GR6;}z9e$;UbvQIm*5GN*`÷	\"d\n[7nx|!n;`tcJR8@5 k=\0ϭ|\0iDGIL\n~@,\00#_u\ZcP_P{q0Ҋcڅ-$@ Wv*B)fѵmA*ց$|먨Ȓ%13/l=z]_@J 3#s⼞R=00X&D\rgH.:fgE3`C<` `Zܘ\0%PAl-EBu3tݘ3>z\nE_vr	l\Zcl3#,4H,yeGXf]h	\0;ر+[0*E	\nš)?V!D!3~q`;\\fl%7ΛSc_H2 En7\\疀]pNM1f.2<<)@Ԅi&j7Xf9\'XV@耩ogK*5qX;v*y&)Sf޼y\r:~<ZaG\Zu2&rd:pf6I(>vb֩\Z01&R|GL៓.63W 0T9mUE\nW3b޾mf!ZY1G:9JUkQ0P4KB=;ldV~$)X8)\nƣS$Lx\Z,N>M\\p\0z\\1\\\\`0ko{VP]õ#qoet|NK3\Z:^eЇ&it1ddzQӭD#bC12\0^>Ya383qT5ةl:(Zǯ8y`Œi5IRQA4;J怺Ƥ\')tllk*;XU?T@rTLMK̭\ZP5\\s}x\'[xܺοdd!c\ZaX HILîBm-N:q; jb嘱`;NnCBb	-m8=B\'$J0ٳ9BAԥaot[D49˗?A>L}6:\rz;>_V:$Plٯ^J\0UI($حIJr*EXsbHffɘUH oE6jڴw|mVmڸ\r` 05Y1O@\" #F 5zj^:KWԉ\0wpV[#6aЋ0CBb6wJL.(|Rkp>2QpᦖV<bpO,iUq#\03o-] uŋ.\rHEUPܙKUkb&z=+.;E\"+<{Nhp~w;Jb+:`\0Lyo&1XÂƮGg:jR\r-Iv%v%CU@\r,#Xp=a1z00R[0TTv`xT<b9?E~L@`;_Bq~E6LE10L)^Xѽ\0+ŝ\'\rh@)MqǖYa~O0˫?va\"\n\"a.0Y5,HVE,53djٚ\Z??a<Uh\"%\'fjD!ݡvN\0W/Y䄡}{ｿ\\&yM\\BQ05,4h%#z?2(`7ٮ@@|B\07sNlhz<M}b,\0;ɣ5צdl9E\rj^ש|p:e<!NAfO#cifrvU\0aa=*(*L/JS8۩\'5l%!+rчU(䥩kki	:zݶ76L`=RA9^UDh\'l9IMj\\i4aGeڙ-C)6AęOtjWBf4,6QYCJqm\\ZH-!1)yɪcZ4<u|9KxfʕԂ\\C!i\Z5<^\rqL\"N*ÂLKu1F&IT&xa\r3d#y._RPA8)6RN)\0EXCٸg&^%?\\@\nHPcP΢XֱP~kX1;{3|CLxupxmٔ0X*,xY87`a:4w9٦<gkly	c;jB*~(3(~x%J6=+ax^`vPJ(1ahwyСCW]G6y4$9(;p\0	_pӽR\ZogKFLL̷cv0$v(kOfm=\'ϛ=Dګψ=IZ6tͽTN4pԴl\nmۼhfU,)ĻDo3fZRX\"h6JAUvD1BP?ZJ`!a@v-W)DTmN#$ɼ3*Td+Lh#@2XbJጋbCg\'l	\0vc}܁ɓ{ߝ͢\n$8@VC$I\"-[IQQs-AY)bS?m=t$LҰ	z?;rfeF^6:Iu.oߥ+W\n^߇{C/^8-^\Z6hR\ZW3bz0Pa)&?@?N\"_\ZhV\nj~2DHHs^1SHjNX}/d8Nشd5w\Za+@ր}@Vx\0>C6Xwhgg\r%\">;*8m,sJ`Hvfď]PdM\nJ$4:ɇ 5b8!	Lv	0OI]	!ZgGGag^D1b˖-U^KLprMʋ)pSrbPZ.]\n;:xvwy=~6\0@\0kԨgh#\'X:	P9/Q@s|CʆUDFz{Is/X?=(H\"	v\n\0o\0HHSTu3\\;v;O8׃BbJ/0h\"a[ۇѺ9JJ>DxS<k%$q$!İ%*1v\\E#4?}0[ň1.\r9-]`9KôvZm-33tNvX>p.Wzz#	}\\LY4|>kZj`r*~VJdIOd$Rksؐ/֡^C53NJ*FFF\nݲCwTiU&YY\n/TKE+7[to{wRq\'{U:8nOXUt8-,6Q-B#ÎX~2clܸٲ97s錷){⼉K҅-e%O<OӦr(v|\nUKYv1mrYذԝ0Dg6Y\nO_8hbv&AsbvA\'y³:Ug2 xvNFCZR0V6!^\"l,K-SJ%AB0X)I_!bg.C=B8m\'>r9f:t͛έ`V#笔Xtym7W+8#uܼt钑#G~w88;v[@6Sh\ZH]eRk3&_!\0v`ogS>hzI\'^vR\0x@2v=㭏m6m{d0hRW3HK\\^fLVE`\\|\'k#?P\06^_t#\nBݏxA٥ר4$a6m88L5Ϭ*/ES]4Gn=sxhɺIIǧ_y$-_Sg?YQeX%ٺ6mVPߍܱ\n\Zx]T$}\\-\"`WmcHd	lJ.	[2;{|`\r:yc{\r\ZۘwQ0mT,h*A	u4*\'U0t2(=\0;CڳrT}#z=D\n-΢\"Z(i9cB%kq\"L]_,% H#Sjb6xqfBzs\Zb`;\0u?7vLu\0O%\Z~\ns%b3}P\'9I\'ctS̕dmR6|^Lx6dQWAS\0z!T6#rJ?1fԻ\'\rg!۴	vXU~93WlLQn133++EF@jڵ-[6bĈFC!sB_CO!PhM\Z\0Y#nԤE=C yݷū++HtG&<bVȄKN4Ke+b%Y\nVxQ3f|[M12CO#HYc/VdA=Œ#\".Z(rP\ro|%K~-vM$	Avw5{ץ#6ז4OU%K#eYWFT\0eٴtzܪh/\nZdXk^m؊\nƽm`J3k#\"T`!C/UqAVfфw7S<ISl$JgiӲhͯKMrqIJбs$W&|g+\rn{]k/ּjR\rVmT-\r\\5ZգФU+ѷPmY_\nCK\\s\r6\ZWoX!aK\"O\0\rcݟi`ǠA|ݴsGRixJ!7FHJ\':L~흝8L+٦јI]h_Ge3gϕ,Q\n[xc6qg4GEy;ZFo?]7mhgm9m#\rT#_O[+r6/pK5sKՠo߈ֿٵkwܖd~txw=t/=`+#bG!ceR8DL}}utvR%K\rXu\Z/pO͗\"P|!<&2.>l\03.AV@3Fe?ZG1;Q\ZXʹ\"0uu\rl}뉱霐>`ރf{IlV\nɹ)\\!K%%/Ⱦ9߂uL<rk#$S?W8uVtx/3|M62!v>O|E2ޭ1!N&sjשM\0`N$ic_)gW\\čbMXX[a=;tp\\QOi:v!\"e^22z3cm߆;\0b!\rB\0v0;\\EtcGGo۾z~WNЭ3aKXaT}}Ozc`dw7LS*\0­A#ڶwԟlmttԧxQѪgw7&}B7`H]`],XAKg{xM36c:.cLT	Wk_&>|fV kRDbŴ --ȑcO=]C`.ӧ/oT}?O?S[YyXD@)~A$~rFk-XQ}|Q\'˨ZA-VaO<M+ֶ+x=L\'N|MJ\n%o\'I}.Ór=EުZ7>$Ht|Ko4L9q<H?Whx=ǁۛ7bf@lڲ:5a_>3N>STI!`wfzx7҈Dvh{kJU!_yI෰b]ұ}F@/~Iˣ	mf2a\'_P-חF1:~E\0_tm=8}sTLN>BhJK;ޙQM$XiN5Ty&,Y[#3w%1.a9$^I:q]ڴC̬̯qúeK\nXeJRhʢQc&vNzmq:j_q ݽ5Dc%kJk2LdI\Z˱:f\"*B	3;!lΆj,0A0dDrd\r`#h-a\ZW\\D\ZU;B˓nY\'eו;Z.8s^J(1~Pѣm޲X\\dw]bVJ2VDUNZK,AgXw슟6y01߸z\0kBYa:\'K%ItBe!@]Ju>L:;(*&zʩVr7R)bSW92+\08!#	Jn;זu6maJp{PEJ#8hhF6w)X bЄe;{|Fݠk[\'<t!E鲤/TLfqФf^V]YI1,4\0 |)葀U,eLc)jǆx|YAu@cqy{;6c`:{LTdĽw.G!2Hk_}crRԩMr*\\{W`$ĽCf.&msƮ_Gf:o#jvm`&عoT|lH}pGĦۣȰդ\"uV+p-Uo&:qmLK(Q	\n9{w3wM7]	^̰CE|wWJRB::r͉i6bfǻnob\'N,[Lf\0YWRa_4uh~Ggv\0~.O\\g[P\'\'wǟ0T:sNy]!z>n\'_]ǔ/֬=`|zc7>XVhNIIܧۊ<-cnD`	sߥn6|7K`%sQ.H`|6߫D=9qDrefVhiTFX2r|i]r?RfeVS5\"SbU\n3q0.rcR 5\0:T.u XoC\n 	2T̿̘dEBt+f(,H`\rLbNWB!TϏ=Ir\Zr8xml؞D?;b]Nª>XV\ZS_C\Z/Y<r?#H?&&\'(6l7a\'HB7m֫Ӌ \nЃϳ|\'yLYQ4MY($avX1;|-5qUo7p:^ea\ZIH)VrJ@AЋWe./=	[u{ԑ0H\ZPZ61n قE8I>nI{ꯃio5lv{ⱣvLB^Ztޜ4f4?Ą=!My^#JN:F-N~~\n욿3wnӼeۇ<\Z02`1aNǽb6)\r>AxatCX7lQQ_|mIM.+331)N/\\ ^dgT1O)GTI._z\rW)X+|fQjCÌܬAaO9-G|\ZҤ1f19%POjx\nK]~|=Gg\04-k7I;A^~u\Zj޻ulcOoTj)G\\K(z:kk/0=ՆuU(Y͝dу	FDėtm.-=m5\\=yk爈bWRҷnñ1^Oʒ?CcuM۾<ʘ[[\Z\ZMgCK?rGO~c\Z-\ZqEBJr}|ى10bu-ISOd)o.W>$\nų߆/	GBB><A^wUM_X&h ~7o-M94@j>Dnm}WĽ])Ǐ/W.33	Ο=\r+*]Vӧޘ4g(5׹Ldsȉ3_͏tݪ][zSg!f	;/N	IN8ڣ`°5nAh~\",%3у>dOX%nw;cnm7(vzﭗ\n%eݩMbã3iq8IcѶS<pdoCs~s\0קn󶾿B>u \'уI۵~c	w!6}>t_L:=pw}-\0\r}ZA:|_رgPKx5iv1bXNs}5Cm-VgM>]<2J)o_}M;rRȶ3/gYGhU\'Y0δ@ 51@9\'{49¬Ϳ$NӡqQ֖bIB͌BIaSWBكw-`İE$j\nLv\0>UB~iEVMH\nB2v\\RĬ:K\'D:^$k꺉Jk\Z<,>4bO9t OR@mWdիߴxÆm޲]R$Gjph*I\".Dtnʦa0ȆO%\"(<	/܁/wȎz13C^S}Bf)@\"uN:o6n%~V\">+y4OI\nB-vER{!isF:V\\xf,.u+w.xk6lڂc;^&\rv6tE	jO{愣G5Z-J:vZc;n6~pm@wعu3A{>Jq:hʄǺ߸99#`<.bx8i@\\Em3I.Ea\"|~-S.`/;;5lڸ>a?0	Ja]ί8k${љEZF2\0D4``	/%)Z4zl^QuviW($s~GѪ8[Yu5o>^\Zcm[GYXIBāR,Y7uLn1;U{Ӆ&d-w:*  p! gڮ%)tJuRB`pnxa]۬\"q6/٥]ԐעGyeb{VI1v=(vT֣H۹{ߏvTRs5skl7(EpWޙoƃ]6䎵`˝~KF9\0>3#lWO	|n咹ОbGNnC8$!p5oWr12v3Ϗ`Q3Xmώ-\00ehI\0;\Z \rV 0ub&bϾu/5=XWbrJlty!n.VblΟ~+;z?\0,I\n֨H4;dPKheR>:L\'\'o_\ZuoPunZ-[-]ևK*+Q<duik|:ޱMYV@!ŵj~\Zٱ1Cz{!K;@mg.Xx~8.YMvȼxUL80(׳~B\0}\r<ao~q/~\r-ՠs;?&E\0t\'&5nuxRCo`w-^i/i-kT16)Y\'*\n`-Zҍ7BÑp@JiN*ReGxͨiv\nfϣ{_EɄ3,Hiymx1:_.r 1OfΟ3gȮ\0eb\"qkLDrX{WDB᭤мػrBDٳbm!QI|+0>aY]h%aN!{ Ήhk(ReDFFj@±ĴtgJbvS`Dw~DvS\r>l4т>5\">Txi#h,:j7yc?n@4 S<<;	gp0bTS1J#o<_z,L%zdN\"XyC[7zm۷\"/\"D9\0_+`q&¸\r+t	`^L;&3`l#FuU%F.UQmvˢEk;X;<azko\';}N5Ą~\ZJ:6eY?!YoNkxdU5	Z6r1|t[Hh\ntYQ.m[TV[>yTsv`jD 8yV^gE~!X1GXY\06o.\'Z{<Be~6\rfg8WǇZծUU{!Ǟ-Tko4<q_|	zKWR2ƕpƕ_\n\Zҁ\ZƏ,cR#1mwKi\rڰ(Vk_^^E&KW)5O/Dᨁ@&7o?G4SƂNF\"/xew`sRVkidi]W\ZHh#26tRɣ^l9_u\02Aczz¥+%F-O?HDDx#@0WVfj\\夀]0X=;zYQ|3mLWRw)Is_E;I-h`Wf]Q1B˹6vq8	{Z?!6\"0v_aԷC`iwY8:v0	<dQ]vd@lCgX3u0pK0[\'B?L+սw߁,$\"p,bSir 5-)B2qh߬7y\\-WR܍2^HG**-=\rb_zsڸū7dgg&i\0?z`&DTPvc$wl2^=dѱ:i1k>tjbؽp%Z5{*@:lObc+F@nx׽K~/tx	b&\0+AiծCǒ.G0>q{FpBl!1c\n*&&&<DGA9}r;%{aup6GϿ@k݃Z{=>t	`9xCXY[fD}#ƾX\Z@#+\rΟOOK\'OM:)=#+w\"KJ`W¼哩%CG8PːD!@%Y6yg`grF\\|VJ?CR>Xo\\\'ZkłWA-X;?BGQ>f!;t\nq;\"rBxYYXD.ŹT|7K\"\\Rg$aʝ@{;{v]###_7oةsfph><yұ$v45\'\"O<`EXf@?G6@<Z)6Ie@^\\<K\',\\vSOؿGE$K\\Ub4ޥ`C\0;y|!*¦©h٢dQxT0m֪%-6L\0;;o罰X>B>Ovڞu^\n%edh3][>sO?Lzx7ܦyj5+UQEѳ^l1Lp[ĨXL8h3jכO\\}\'\\QĠ˗.\'%%uo Q`C;ZD^SlY26{VKT&⥪vH\n\0^ڨ1[&\'7oE{XEtR\ZH\'0Z5\rAa	W3!H&qڣ 4ZaZzc\n!/\\1ÿS])kVJEcI]Har.:<<Usέ_}wJRGh5=v&_}Er[}+VҫFZ_=|i3RףΘ\r6G-a	,p&/dtP\rv2GMX\Z4nqKm*`N;N̞*Lx\rm+hA5w׺K`[uYq#5=wᑼ6*GUX!=C;}sN@ϼPgli*3¤eqt\'-c#ᇆ_<|ģ=\r:\0q[֯|Ln8thz=3f/%ZrRt]%:w yz3\r4#Q\'%&<ѵP#\Z\\c^;n>k\nvu\'頹=6Cg>S:٧L>9aڌM=Ar#\ZPj2?Rpβ2\0D,3+닯XڶyC\'ф76QDE\nQ+lojsf\'vd 2\\J]l!q;7i\",hD9iͼ.טA2\Zdg@\':8NP<bW,K0ӯwht0Ӑy1-6MG\0b\n:3doo_@0`-	+xkbq.pH3[[/H.*jÚE:wV3u64>ɾF:}T{\0	mq84D4Ԍ QzMbP*EYOSr֪Yة/^Dz\nc{ԸęJ[$Ix5\"a/>YyE\nX%0V|S$[6.K8牎p[>gyoj%k~/`%YU:bOsYVX[7;%#GWa.mZ:|c]\ZiP\ni\0r/m&lU\\Nl;b~/cVoN\nGE{OKɲ	zVz)8)H?S,ɐ瓎\"9r\n,SʦRwvkVސIƏiM\"]>\r@?8rx_FԄV*:ɡr5Y:3B[FbΕc	GF~$z^{eVR[qѵT5V{q5Ondu-W\Z]qϖ1u4-_ !BiXTu=4>brʔյXĦS>j΂z?S/&hs|RZZٲ1XE*`gfQV+Oղ:>kA9gڏO|ɉ#A|)b߾q1o4-ó35Cy~\r=/3o\nfzݴs`D0pKkt!20RHm4T$j+T$gAJy{w%<o )[>Ɯʉ׽;ׯX:[zV=CmϾ\"Zޛ0\"LoU*@;v2zܝ[7>sxb\\&Cy%X]eNov͘1n!g$OIf\Z=D=._}CPM޻sEޘ?gWyazxAEVE\'Mߨ)|\0yE#]@޹u¹gCyf-:Ժ1h)D:j\'ŵjvkE+}p͇<#&F}9{kB~5hIK|h	Tn4z8d^:6L[Mb|F_ѰIcG<wT9غ3HwOJ $R]>o7\'q͚i(+Fg\nc8NGh<<رϊb\r/5.G\'(Ӆ)꩜歁/b,W4h\0;6AЪ2J#-m@xI3s辜(R@,C`)AltF _`#=;|oŇm\0\ZlDÖ`]\'\'\rgo)QHKBgDDDo˅.$7鰖T\"D\0:\r\rmr,7wĝ%QJm9H0-Tqjz𿄣	O}ҏm\"8k\'T~:bKI0V:ߴvc.0!`7zuiOiE+gdB\'<GHo)eW%f&Au-o[6o!`~8pE4Cw*$.^\0_|x9\0y^}w1ÝuYS؜nS\Z\\DY9YVg\\}/^e2 ]͛5)R~̌#G\\azmE2^	*+rbo:<PJIKRJ?({[gj@>	ss8+&{OVJ>\'dZsܦkhF7&w)5Y0thk\"{I2tcsp\\hqE?}*Zd>X-\\ oǾ\06dɨ}xWձw&_0=]r=77\0\Z\\\"_$\'0:|1q״j.7<klyuXD*G}7=z\"2*gfd[]7TNiuA\Z_RE8sMCjX=o&uk)07asMա1)ɉO\ZK^-Y\rKةS\'=;ޜ*>tp\0H[S_$~?^8?ݹ-1^m:]ͱ\0_\ZD0T%0iN~cdWGM/.^}]}Ͼ}]\"Edn?22ÇU!ؿLqQQR\\urԤUՀק[4~Z{,\Z#)IhTZmk,/ieͬL>Q/䑾6~ʚ}HYwpbݪ؊7kT$vwS/[Fns;ı3:灛#rȘ7^Z}hPrkE+HӠ7<4a&%%&L\Zj~j>/?mu燍IJ<گ:@6ǴW2+UKWgx66?eұ>O:F*a6`^ƳglܴKDN,W[(UҦ|^jV I{C\rv1=;uc\0+B(3V\'8NHW3N|ѭ$k<`fqIƒ}A5\\Xr5BCHp[[.Pq_rb\Zvx!3+f	Г@\nM0C} -t{\\(!G06d8I[ZEz,qF{I\r(!I`3\0\Z8R;-lEv-]\0a5	j=Dq\0	t\'k8Tzg]bv#Ajn0.H4\r\0\'VtaRc1#bN022e¸Ep|\0JF|+yJ\ZQz\nFguJwжjʬ::[K}2L,tL\"ey[_o鈄Po#jxȮMNm`eه.!HzȑW:~\ZP-;BrMQ̋-ʽs98lp{֯1Aehެ7\Z5?O]+X T.TJjZvuFiB+ٱ!%$wO>3tr߿>ytv;J{tzȝ67fpЈC	}7	A\"!d>Q\nC>0y}b-X \rZ.\"VNEF^4?=ڗ-nɏ%./hg`1i\nzYCe%Q?.:16X׌=^\'Ҥq*f{=\\}].Q\":E+%ޝ8t9Vuw/|\nYodO6=v\0[7\\=Уu\\SE6>Z(GAXbv\0ۉ	(ڑap,x\nk4*eXr\'YuF%I̸OH\'B	drSĮ{i\r&1*r/)ȀϰSP`tL\"FA(>?D̋EdhG\"0ZoΝTbroA\Z6\\lA\"cR;uX\Z7N/OIycre˒\\腞Gh<{X\r$v5CЯH#Arg_;*_44ٶYݫ.gCvmBڲ¿ rַ\'OXy+?\'>AJm .Nqfʜw8oG\n}oli%\'&zcʔ7~ih}`~Z\"##YFtʌ㒓zDTBTԱzp}[g^yRq4aYM8\"00C*8&ټ0KEˡ#g!,	eej]=`+jB<S3,.!˰CJ;.27$\'검/1~M&[pț1֋lƏ ppb-`ǔZzCrh)q@5FO!`UU$ R8\0SBv.J)ɐ3}DX乘Q0ytaKցHV#}Y(;@^cͩ+Di+hEE, 1OiFN48$a8-I18\'[6Hc;Z7瘱\"k^	Ք\nxwٯ	Wb2v1ev_SE3	Q:ܓ\00YiAD*HVt㓓ŭNOL0,	\Z^M\"	?	۴Iz2,#x.Ⱦo_`D&Y~]e?w]L[%v5#UWP}j\n\ZD%kDܼyۡ#*W\r]7x7ؗYV\0iUWdR[A}w7(cp3,6jfCK\"8Pf͌tg-p\n(8f[%J[;Ϟ9\"ѵevd	[3\0O(0WӺ ;\n`Q0|V\r%8NP2A*=65e0+DODYbÒ\\\\ZR,0-,\0NW%&t-X3ru-ݣ~\n\'ln숄l#	k,ÍS/2	h/ruAtڼUR:OV){CM+\0\rSc\\MU@{@\\\nPר\Z,z\":,\nV\"<=P8?~ѣAI&i\Z\ndψ\'ӉTazT,Oo0 u7vƤ]Ѡ=>dvvgP@aDs~=+],`\Z~\0S*`ʺx%^R@/p&FiDǋ{W>Qtmֆ\"vEt;Qz\n.IRg[U=q:g՚h<YE\"\"\"c-ujgdۻj}{v6pK{N݆wjwk)oZ8Iq2ՠp[{}DitBT),f2dXBӎPQ&LFāX@g\rՉQJY<$8$NZ.9x;9U0<.u#ۣyIqRJ2`ʡ~+x잮	9٨V81D4d\Z&k\"B֩>͎GӋ%\'2vco0HQn*BէWR(Zmth\"\0\Zhʒz,i@\n:TNRDSZɋx P_\\XoU!ȝ8\Ze9UF4:Y!B\0&&L*\rSN[k\nfySB[v$(&n~t}d^MQðY#ʗ۽>V؋&\0CUoSp]ֆq?⿴UNVᧄUM7#NlVH&ȡ	R(sMو_׽vFFD0\\6p\\Pm^H[Y~߾_{k̰SEUN%8֏s	Sv&rɮ3\"UtoҰWPP%#.vѝBE	!{sCCuԜqKnctA8LYf%4.2xMIxx_AU03}5LGi4:u=\'yd%3TmXP@B@a*\Zا=x	`P.^bqqROW`8.*)0+2]@Wʘ3u\nCe\0%յbeaxvjbPt\rD+9Ě	Vyi#$^qp[r\'\r?X H9~<!!ӏF]ǓT!(+\nhۑS80*:TL\\R/`eŊ˗zfv*Llr\\/?J\\)&a#\"{nȭDWKΩ%Y&fs\\C]@PG^ݛ3s\0&fحmV@BЈD/BE\\ڙrYF޳A8\0]]Ţ+vRκ?YNn2sL|$<x+|\n\r56\\؅	%gK.fkC;J]4gTKU6@c(M=_`V5\"\r_UTd\\Ѫm @4˪d=E#4$NFJ	Rd]\'@_|ZtDm#ԃdK_2	QZ=GY!\n+a1ϣ5Rm@T@2H%F`ZIÑLh*|0!}X<;=qq<[`6\Z..s-\nV\'O٧{Lᮚ(H\0zYZ\ZXbGeJyO$\'~hUZ5ʔ)n\"ؼ)Yd#WO#Ȉ]5[7=JlHh*tV#]~iX<u\ZJFwSmN	<(lD#ˮ3t\nL.?6kK>޴$\Zf\ZǒI\'lŘa	)yhKV\\&\Z*Z#O{vKe.Xң\'B;uvEPa0;jG_@ȚCn|E<Ӹw^!t&`0\rB_(]JIdMw`vJY#ͩ7x<@o :Eea䀢0έC!a\"U$@>\"w1H͞~FzfjxZeZNr\'G |HƄ,\0tM_T27ܹs:_2R\0X\"/fXcnC9t4jlDEx]%xcz=6P;[ĽɽclON\"#\"v׸~İ=3ÜŶrRr\'iL{HahA8M.C$T_%\0eP3b09coֽ:\"6\0Mo&!.;KP?9PD=N(e*!ڐW`_!;RCr,WrI%j;I2#3t;	JSv:IΣsN]/<^>Ū\Z<Oc.9\0v;#yP$u\Zj\'dr\rL>i40Oi\0\nUhr/ + v]A̜ny`q?n,*63âb-j\\kN+<K*OaX;W@\0KSSS/^tŴ̛kWm{W)@jF:$H\nEXX̅\"?8klPJ/չR «dmio]@DѢE-\\0**221jRrlu54nX?#=1\"o:6L֮]:DDDn߽IA::N @!DٺGIVf\0p#mҨػUC2?8$bىf+m\"*$9oB3	b:hbu*Xdg\'Yw|m 9eH3>(Q{`	ÎPT,TH/9N+W/<!y³\Z\nQ\"ctr08H8j*a\ZUO%%WC Z] .PB;Vj%q,KȉxF;\0HiWFzFCv+\r(l	0>pM$Dr@kTJ\'kXːũL:Q貥ouS\Z*@Ԁ9X	ÎIgR^)ՙe9Fk\0\r#%6%;Z/좣|RCO,9+WkN@I^ϴ/TRKW8$7jBO,THuG\r-ܰV3IN}΋s6(±*bO,$On̆꺭\\_\"w%/f1Fq048H2ȷ7P4(hR75K:VFsJjl\Z_H=aAW\r+cQ*pFЇ1)9ң[51P.^W0kMKR<T\rRئEP3Y8Ǯk#i7Ʋ.q(\ZGc}Ò7]a!+++=	do3BEsW\\qW\\qW\\qW\\q$\0i\",?N\ZvW\\qW\\qW\\qW\\qŕI/^.VP^^wuq!+++++N9Wdq9N;YV._|܅Ԍ̬̌LKy#\"#\nDD/VH峮++++r\r#%-_&w#ج̬N>SdR\ny=^|@򕴌S璎)Uxl2>/+++++a#\\btEI>~̙*ǖ-Y#(̸ZpܥCGK*]4{Q+++++y?I^bVv*\\9qLɢ*ǔ$#6,\0NQI:}eJx\\W\\qW\\qW\\qW\\qW\\q.~÷֬CKMKHBͪJ+,+y%|8ߙ<x셈KsW\\qW\\qW\\pe._rXq	tWrXZ+M^ioR#OX86$&U%hᨠ:Ajw95фJu+++QN?[jU?WE.	tWrXZ+M\"Ҷ4W\'#_v	o,_tYrXbz@)Tϫ+++CQeݏ{5ߺ뻊JVKHĮQI?mwWYy%TbRNVP&P.X/\"}RS@cU]qW\\qW\\qW~WS}_:0+[}.	:- kT\"}ҷvazvFrjӧkMԺlg\07!g%$Pt*+++PX\0vn?8s9d!i؃M:[⊥`҄	^!vsg{%/$ٰqg;efC4{\"%3&$-Ylb`I;֬SЯO\'j.^xJB/_*T\\ʕ+(|++Y~ۂa׀>><HB\'u\\qzs_jDmqSu\raw(:t045cfjՃw͛;gбS^ɥ\"zپ&wrZfa.E֛0psK\Z`wWDVQ]<ܯwQk+\\z!=!Jht\"(*ҋ\nv@}JQTP#R#PFzݻre䒀O^7;;fl-N.W$$>N]u̴Eo8q򴫛;A(rϜ6fF\"d\\BJ@.GSOvvvLL3OD\"qppx!U>>>O~e\0\0\0\0\0\0\0\0\0Zn`W{qΡfue-Xp#X\02Oi\r=(HO?ʦ6|}?[\nv۷rh/ܗFu4#_vkbmRYw8D*+cޥ;|φg^~)ͭ٘RZb`WZVTH2^~ÆNUUF3f*(,.NYYY>֭ONN~$RPPfG\0\0\0\0\0\0\0DznLh/j\\vS&͙ozn֋ܒ*2*/H#`\0Mɛ%{z6NR)~gPc>`8u|Heg}fM61!]r5+*+{+[^]UYT_Q^&[wUJS&\"I2;+cָe},?/o6m㫯W;:9YBݻv\\r2?B!׷fXbUZ7]zfaܞ\r?V^|@,ѯ48 Ł~^@Ht̙}:88P׉{޽^@啚:dj[+	؊Ї+{ShxRE7̙3Ѝ(<qBj#4rydqҋ\r\rD:BCBw\r\r,nOf%nr0(/\0\0\0\0\0\0\0h~2r>D3Q8c5oX2a7ź9N*aیX]vZT:DE6BjCפK`+~_4ǹfT|GmoюXRXPyϏ8E$Ϝ\'0onV4!M8˳aslk0*Uu nĔJL\"w@cצzi~deܵѯEVf-%I%޸y\nѣǺu,5>$R9pgUЖMrey%>NoЊ/6ߧxx\n%|i/0,eR&/k	~III>[YYyy>*$$$)))((SNZ-Ac8NB7n,<2vÒ8QQ(Rp::|fdz64Sk	wt\"@\0\0\0\0\0\0Gaq?9::,p\\Q^^>Nz$ҽ-ʂ}{u	sVV~?yFP[xCmD3a\"wѴW]ga7#4`ט,+21y\Zޟ)W77J3]I}|Ư~>R;&cg?g_7+ H\'gU8Zl\\&+-)qϷgK`7u$gWR۫WuvCޙ=dϾ\ZfL[\'egfعq/ÇV.sy۟8\nl=yҤ~)\'7g/;th6zyY	.9la7ԙZgL*-**()*DJ#]Hm۶ꟃem5ѭZrww/))IKKH$zGQ)kfXFQS@Q?ϻaa!!p\Zf%H\0\0\0\0\0\0)\'ɔV۷\r4͇	C\"=|ޭ4͜wxؽҍ΋%q́ܓrt\\@kcOЩ=(9tPYT5fYa9nk#qxzw呣HO/7@\"!V*d~K`7svvg͢Z/qh9sRɶmQ#ƌ~whīpܹ}RVBpޜo޸x{\r2T<6#Ti?;=zYg[,SKзK;d8CwVBʨdg rN;jx8\'%&Nr;;;\\.\rچ9889sfDVCX\Za\"#BՁu5tփQ\Zfd<&:BSW\Z+,K[Q. JDJBQ\\\\a]$z3\0Fu@cA;Rٌ]_ǹP@^Ft\0\0\0\0\0\0\0#P1NNΚ%ieyYPO[ߜ<^HKfn܌׎W=\rM\nv!x{oּܯjJJJ,XbJeii띝u[-EEGa51Acljwhc:q/\"T\n\nںZ>c\0g(ؙ/=J60tQƇ-fMfM\\ϺuDl~t螁3^l\"*q6ǳ#:9DG=e>eVߩSצoє8F/HJ5CAD$zgάR\nv27ߴwtʤy|^IQQeEv;{6A-[Fb[oyz׍H/xԁvl6fܸց~;ў\nX4abdzjCQ|3r$K;O/lLX\\\\TpaKr/oG2){=υV^,YYFj;\rw/QO6P(lmm[sꡲ&iHݴy$U5.1dMIilziOdI3uye*NK*@VV!-qh\rc<a|C8-S{<Y\0\0\0\0\0\0\0MyEգWWUT\\_h+`n>;)d]\"PBAFaiH+aW^^{nwwiӦ988TnQԄ(FZ]6:Y:b)jjƶ\rOmzHefdU\ZZo<sԜ]7&jN]i2WK^R,/i0p/v1w%ׯiEصcǕWozN+3!ؽ3k[oNm^_\Z`bԛ6o~⒡ĉTTT8ngT͠$;#\\$~m|v:e{+Ў_)\nQUeA~ޞ{LO$W/{ݼM#z䩖(\Zܩ\rgxlKRj@`<RdYaT8mKs`H&h?Ѻuk!\nbq\n333G] (tXwDgMedkKtJHuvzHSm,fDUS{׋Dڂ`}l0qv:)tdB=P}h%3u\0\0\0\0\0\0@S&Tޖc,ϻWTU=ev8Duݻ\Zvw7.\nbHʩUuVVVڵ^zXL&ԧ[&FFF#:Qhj&;YF;qȸQi9*̌gmSG͢\Z8K/\\ɄjkFܚ*阴Ph~Q xgIy2;g~c0tƍ;wM2呯hv;z>}zW0!͙!U_c/JԐ{_~lmx<>_p4KB$Z`^0SYoY,B!QNf	2#_YV[%NYtB[K|NȼIlٺ=q@ p*ұ/|O(L(/^t۱^^^ݺuSD<ˣqwwwj;44{ZSk\n5~/E֦2֟YiGBo֪iylOŎ!~#\nv6`&;ĜMڟ\\\0\0\0\0\0\041TXR.nJ8u!mǎxA;\\PpT`.JJnvؚɼĺ8sUTT-T+&.aTLO\\S2ՉCF\ZHC\Z,ؙ)n&X<9ՒwE?(pu(]g:F%!f{ko/rbݰxR矟2m@Mvuttʠd	eۆTWWO\r)\"V(d\n\\TUmCڙ]B~ǿu[fԞ})쬄`ccx*}$˶ɩ[T*ʜh,p6ޚ#G(nݺ|JOOOLLDJ1cj?o\rմ\\֚ 0LX\'%!5^_\n(|P	۴FҨWEڣlOHsc\Zl0\ZgƇ\ZXw=fYmK`	\0\0\0\0\0\09]ӯgW>g\"ZeU݇2yp:]~7x\r`{6ۊC7䚐=8c;ԣ[Dwf0ʸFFk\"cT0tLuQN(\n}3vMq̖!vX6xBʫ$|g|z׏F{YrT};6=3Չ{>͛Ǻv~ŨC[/\\؁&9:N6v[6lx>X{	5;\\.kAmK;on@`?P-6\'dX/nǎ\Z5ͷgYTniu-{iYE~As. <ם)i6|~EYiFZo1x%}3cǏϟ?okk;x`KJNNN870Po%E\'BZIB5vFR^Y;dU?[,AZBjZB8KjXSs`h(*txj\\U͢z*J-\ra\rfXhQ맛/N\0\0\0\0\0\0Ց\\\\H>x\\\r3~߹?a0`b+orfx?̬1;#-m	#tVeX\'K=\'s\'uNVЦsƆȨXfAIJ|ڣ脶hhf=0kmOp㱞uH7G,UȗF9u*>^ʦ}XC<qfk;ȳxB;{S`o6maX>Hߩ4B%9!aQr[6ZGh`j#-9CR/nʫ}y|a$\"%\"Q~n{-*:;L~a}\"7U^$}Ԍ,>8=%pT`joӅ¥\\tST8aXiii~ڴia0a[Sی6\0\0\0\0\0\0\0\'UeR>vj^7֐3vF;!և7]&\"sJ	}_0K}x=;a!QkfKz_>\ZgZz(w/t,+.dvv#Tee9utv),,X݇.	\nr0e}RɪUk\Z0=NI޵g..Quӧ4ZGh@<89g1KQȱv2Jgx\"\'ZTbڂEFv.tn0=	Iص;95S.w^w!W8$bPUUQQQA\r\r\n͏\Zu^\0\0\0\0\0\0\0h,\"T[ڣu-XhDY+v͏ XI-]ffƺu=ĕ]GDDWttL}]~Nҥxy1-&cC,acX2Tq\rYvW:t\no0g^jkԩ>-̚o\0yV{	ܒ4ai]H(KX[;cKOh :I]ÍU	)c=Ƙ\0\0\0\0\0\0@rЈ`=$zb	Y[23m6&jν`r]vv֚_7bxZ~aaɓW^Ï<<-azr2$Rdzϋh]jr0,|v}V2ӂ(Rӳ**Kt \\hBc]}+\0\0\0\0\0\0\0\0\0-K;\0\0%+aXIJO/NL(_&;4<vz̀fR\r;L~?>^Щ]##*W\Zj8{\0\0\0\0\0\0\0\0Av\0X]Y]}ᱱkwc{u	4_aE2j{m=1$+OJޯ	V\0\0\0\0\0\0\0\0>kV/<>!)_+6\0F&-8.%?Ԡ-\r6vAB!f3	vb¥!m|BI[8%RO)6\r\0\0\0\0\0\0\0\0N(_mqZfE\r\0\nZcUYYG?JԮ9GcUTV<|e\\0qpL*^q_*Wv`os\0\0\0\0\0\0\0\0j6w>F@\0<+Zkర־\r)(A\\BРna\\2PhH~`_XRnw>][p\0\0\0\0\0\0\0\0\0\0\0\0.8,,53gs\nv)R2YG={{l>%K$RY~aqRZVVna]:p͕\0\0\0\0\0\0\0\0\0\0\0\0\0xb8Wᦰ|\"N\rA9i9E%eD,P<\rwqvq\0\0\0\0\0\0\0\0\0\0\0\0VX8VXRlF.b\0\0\0\0\0\0\0\0\0\0\0\0\0mpWV;6^\0\0\0\0\0\0\0\0\0\0\0\0\0ԂaH,y6͸B\\\0\0\0\0\0\0\0\0\0\0\0\0\0\0ԠT,ތ`I \0\0\0\0\0\0\0\0\0\0\0\0@;\0\0\0\0\0\0\0\0\0\0\0\0\0hA`\0\0\0\0\0\0\0\0\0\0\0\0\0-\0\0\0\0\0\0\0\0\0\0\0\0\0\0\0\0\0\0\0\0\0\0\0\0\0\0 @\0\0\0\0\0\0\0\0\0\0\0\0`-lU\r\\Znv6?dWW\ṉ^G%\'iB<z8;$a\r&տkvQϠvoNqU\nQ{	vٲI1U%$f2)\\\rLb!\nX<$HdҖ\ZXDzwꧣޡ݋Ý|&^%lt۸r:Q9~U)9n3<B;BJDj6m)KE2$i]Bu)Rnn9#UJ>63m+zoN,|35]	^RP(6ܺ;\'mG{v>:ATr2V%wbȖC[wQ\rwY+g5&J0(5S!t,UO=O`dj&AN&;u-&NV._=vKH%dIr;%%l6m>pZsR\nWWWjmڴ\n\n[G+c*/a+tp=o,W	v8,8TgJ琄Ԙ`7 uii)I<O\nZȣ6\n͖dR(vޟ\n\'\"z\ZDq`E`e^B)#1RARQM*E)~Tm]0c؜_lúT1㩿9DUjٻ@/?c(Į-9g*!}ɡ#]b3>E5Ĥب1Rٮ+7KWQu{b;nE$_eDBW`L$sG?#9IgEr^_v=!u\"C\\(>\r }*J3Z\\Y0Dbm1}\\ V/ZYjS懆zlmJ(OXz+7R_궷X;J7lRsu\\+	vRU\0FNy5rBOѺ,0$j#I\"=f\'\nl{z\0V=<6mop9m.kO׵\0\nnSS\\:Skۯym-Inh\no_F~꓅dj\"!)q8\nlIxeG-廎Vr8CՕUe&esf]J}|G>\"vΊC߾r@DjإܪO>-R*b2F*X,\'urrB%IBX/{ul	诛{Xjh8(IBDyRTC\n%=gq߱ǈGKJSKLKO>~lSPȉܭYÜu77[zTمӥJ٩p\n67<\\{.)>$d)~~˗^P~,N-!];OْT(W+ǭ$]q^שauhDr1;B?TPq~e$\"L줴`QH$NL8em4q]{-\'bEKڣ~arOVII-3v}0MCL8{D%u*IQK<QޏCX8Pyӻd½}ZtvjW#1e#ɷ?(.\\BJ]ëj(ؑ]v{7!>`hO7uDc2nzPwHBz	^kAR$+!V*nӛiil,|[U-$isYd\'}d0v9jN#Y.a͢{uU-U-=fpê	O+D[[YwW~o ˗O>39WW\'O,**6Bcxx`rIP}bW	J=Y\"ϊZgF{ZH$#Fx[[۵k￫Wԩӏ?8t|}WUJ+VMrjFb4睚arqZ-<y0#4\'X|S|$/AjبTjWb7|~nw? Lz÷.fe}RGgdKC^r9pm[YBTul <4;lfɎzьvAnܒoqLHHX@PZ#n7PՃ;_a}l=f_PA[qxHRM)F]斎\\gOZ6>ڍba~xQ/#Z9Ԯɴسd,ޯ]yfoc:RJ~+avƹ!<hZS*I]ӬR{o\'پGj-/;&EGr9C^Y\0|D~t2#SJ]ëjӠn]D_%6q7\"r::N$XJv}jT;RBFm+w;t\\{z\0V=<6mop9m.kO׵\0!~޴yEnz&bzoUKEYrAF%s}sQ[v=fbC%y%Ujx8yg3HWېnqaVG+\Zƍ~<qC+^sco]6NjgGEEEQQQFddztmee=t9ug8եTUN%(&wJ~]ӟ:Jnb\\u!|=joo_m۶8qb.\\\":ujǎ۾}̙3\rSPv*O.ؠysHwwF1\")/Fr#1vĸ7\\R)\0`,L%7а0L03&2$Kg\'q8[^(ݹ9Fqpbo>-E)\\|vZsb!t`/ǋC\n(vl⭑Tӝ8+؇&GϘ>:tx{9cJUC;YգBTbl;?<aIsP~u R,oi|vOH[GMnaָ\"t)fAC!>ގ\'yJKYۏw~oW(6]ξWƸ;}-,sc{AAm\nR#\"¯Nu7ͣTse{Gr\"!d_q\rJ\Z1g\'L($JJ8_91LQ/٘#3&HM8`#KM\\M%9,Q 13\ZXUUH=wG\']v3?^(m9v,W7\0\"yHBNȜ`b+5;0vUwv0TVwe;TU ®{]\0D0/ወ~#L^͖da-ꮠM^܆cρ2\nMj4.nfMZmj~5c1>Oݕ}b6ZCal\"z_&6x\Zz/3uWs5)z21\nv s-{31ޕ맢>|8sʔ7ϟ:>pm:B?ßۭ=ےeE,{>Hޢߣ3=D|Y_QQQ>WnN؋;3vԭ\'ԫLX\"9yt^\njGa>RM~/\\;؝*=L\"64I=Bw^zN4iժU8cǎ\rc+V0-؍K/p5պ\Z8cKoOΈes0-)JU])+@q(1!sf%~n%q6[足cS?#FLE{͚Q06j\'SvN:LE1\'i&M>#6ՈAݮ\'_?kiWI~[A,QYk;{(*Tl۶mEeQ.]ҳ{XAK!-m{iq;${8K:)/UH_[6ENu~ Z=h~OthIkG@\'w}<tt[8?sE,}NQ41h7#K%[~2%J?rxê=fHZ]XXT\"ӚEȵgH$*Nr~f}Cn`ׇ9\rx`٬{v؍99qzCqE$3\nvOlVsX苗Gwh.:oZs¥/VLhFUF[	vD៸=!B|a`7;Rv&~}f#	v7\'O(+j\nW؏ngQs{z|V\Zַ~pN;KSkx͵HX#2B˷YB3կf	m~t֪?8{?ĭsr1daCHU}8yFwcFKUJ^wNWKjGZ.EoJ/lK&&&\\po^9ňν[ұ[!o4	!Θ,;i\r$II_BYz!L^T(9Wr|p,賹#w]<m\rWWAQΝKfLĲ]\'wZ;B?iv){*..p8,svvvIIInR˅.\\7o_,&J\rպ⺳8+^6U+u(*IY!\'H\0㐕$\nnl\n,g\0Պt$\'>Y]Iyv&O<(/8\',E8jiP<ѥ\n%sW%6s?QFp0yҫhǿOB\\Ϳc֊Źl$5B?1I>=_WLkJrsO=<5v22^Vvjݻ+(\"{,\\jcj+v<vi`X5MT5u[ftdG!IȫSok\n!XOݷN\r9?ᲃŜYݻ~;mZK/fŒR8W=N!X(znL9:M:2ϐ24aU~J~TnvoKWD\\m;q!<<{YM+jEY͇Ӛ1\"Iʓ2䄍mk6nX(O@7BYejXߪufOv-~ m;kZ6?uWyr`k\rc#ڷ]{MҰ /ӈ`W^Q˯{ճIgvlK{rwǪdeL\\^parzZ&+⭏!#ݙg.YƧ}ޚ.]xmh,?uGlQ#=`Vxh%;$ky	7;V]:Se˯{i`[.dA#iӽ;r-];#EU.$9(Ǿng`WUUbb1Ivvv.\\ҥˆ\r,X|r*|͚5|>ڰD\Z6~BVcc7`jщRRVᗪ%oe\rZ7,1DL=OTv\Zج\\]`fH,[[x8APP2N#\\=_C;wꆰ\rTw-AF*\n\n\nN=a g쾻 Zc:ȚXE8\"zzt\0ؤ,v^rVxUO`j4Q[hB!j?_T\'ٵw-\Zh{%o\\jMů#ﵼ$a7f޻h簝_\nIB^/u}r{?t1meSq-oBo}Ͷ{E)ݳO[x`oYB|;z(:PdT_+ջd܌\ZXU5\r\nBBCo,8\nY\\7VU>]ѣ [WOB\\Z{Unce*\'#v\0o38;\"Pì`yba	1TJBڐ!Ry{vn>ct?W}7&HS1n!ÍhyuP\'P:d*ٚF&tCEP׻(aY`Ma:D	ƫ_Aj7XE4zҺ^kC\"	LS1.t#^;[Xq4_mi5l(XTyZƵXAƧȰBKhYlDI*[,;LԔp͍`An՘Vi*wM1p#~wl^Nw!\rAѩM\r:WFϝa^>6neFMO`gH)ٕe%n^ޫJzTK֥U^>-Zxbnk{w`瞟\n\n\nf.Yy鴺~Znt1s_znݶ?I]K32..^KX\\qV=(d߱ŞyzyΝOdQlxEQJ#0(vVfh;CbCjḸTTTP|WG			zŋ?ÇD+*BbƓB!;V4&yTnbh]L+Ejz=aBYr$%86,:vF}p}h^Zx;`G\"ZB\nƿMť^sѐw1`Vwz<=%رy<DUUy,Xh~RIce9\\ͥ)%RRGoGb}b#܆wPy\ry1|4=$6Wd)hEF犩5{,;\Z[\ZcF_kS^	X!$꒽ol~Q߆53By7bQW:aTGcOD{حo|Ah;g\'Vx\'̣ N(gILz)#{!;gw2^/^\ZUiEaD27`c35ʯLxdQ]_4#錄Kq^gNd3.+JT}DG:~GUlNe͋\'Fm\\fxw7hyy/ԌGLV%Ln{lmՀ<ǟD||Y`r:UI5u0|8+gq:Vkʌq:Dm^Ai&lkgpLaj֫z+ʓHZLc\\{R7_SՋɲ`h/FjW<S\Zx\Z͵ozƷTSc;S\\ Ms$^Cߋ\ZtRWک[q?L?`-[x!~	M-KawL_8l*-X\"UR?>yW+p	h5FжuCbo^lllԽwv\"ĒBaS積їL\"rL09;(vm|Gr1uFgVlllϡe(Cb5#zщ\"/{\r5!؅x9K\"<xG<ڵktt^گ_?*RI뒖vE:{{=\0vX~<F)Dyb7s@RHIi)l<rnIد(Cb.m;SCb>[f!vɇeewz	I;gWር^Ǩh\r!:ytJ~}gdM-~]ݹ+1܉M=\'0{ر \\Ǒ2}F\"Dui+6F[k刿5DQ\'5(1}Q懷 /Ǧ}hkƽ@Km9,030}˸96}?͖V3QIvRZXzӖ{RMa]k=z1pOQ=uK[˓Ex?ՉHDa׾o,V=e;b.6ߒ_簋U\nIܝV׋UI7òjPU5a^U	Ch\'ģQF{\ZNMcH$ϛķ`~v|a3Ǫ2՛z\'+OɂºݸrCG0-!y\n!c͈U#ԯtYëUaGKz?\nAҺY1*LT~M]YUI~3<iԸh}ưbZ\n1yq\rmu\nȲʫF\r1_}F76Wn	F]oP♸-`\rC[\"hos4􌏫`,:A}ShaP Mޠ/gBCOk&1/<G~u%҈{tśܪd[/q۬	w1Tg`Fg^V`wd1ځA{W@p)Tſ&\rliA\nE\'H\'ή]]Wsa;>+Y/G8q\rk,3gNAsWFO_}ҤI￿ّQTCb\'wRX^tn\r\r# \n޶mo0jԨyeddڵY/9ԻAN6nBV%JJ(;2D2Xv8. 	U\"RVC6,[B^\Zذ0eщ/;1;ʰzѶsE\'zX\\\"{eK^a6uE\'.h -0P#[z}vRqWX,ww7nqrplvAl1p\\I\nxoq}dR,FZƑb\\gFuyš?s!B\0R\r}\\R#ؽLa4]z-s=9lyE9OYrMSihjSv=\'-OP\0CߛޕXe5Mdc탃-A5V;8d{k7nXw7ޞHLb=ߓ2vҝ{?LVV^DF&\rsJi~.d7g᩺\Zz<#u{UFK	`79)}r;\nJ{։\\ʲmJs=>5mfRaVZ~\'mVB-\'`2{cۖhrmc;Ajcju`|&Pf 	v\rJ}OeEoگ9nŴ=o9j`6=\'<irض*(c5Bv%GF/zl*i=Mi0ưVƴaڒ7=dk5k:lفȩ]0U Ms(Z =J~JHt4]2\'ЗlX@&˕Sn?0\nv{6g.Y|QghG\nrGV>sWelήCx2%%%/0a͛zqrºvBqQQЛLNZbK2.{?`꺔E\'w\'ўo_l\\9݌1/,Z{޸qP(NGMOO?Zhh	VX1uGz)\nvc*\rؠ/?\'m;(\'i˭\"H)G*\rRM\"%A5GC;NyIVR]oMa&`n\"_mhߚ?krsfQR-Lߙ#:\'RVU>\Z]118ޣR2_jv;g(ϙڸrRq@nWϑ]HT8\rb#m}]EE\rߋ Rz)<T#>.r%Z5I&\\G&8!jT#\nVh7-\Z-}{NDter\"5WOAeHUbg51]zb$zMZV{95w~Q:xmo<kVPe#~Zӡ7.Z#ޕ{ЖΑ:\"۳/D`(N>&`PsungJmE}Uj*:5ݿƆҟpk(QH\rK@LXIK:9f	rQf;PV~\'|RG6z8[o!ColW+-pIK˚L$Z֍~o*t˄X:$aV{inHM\nDwܮa4uZv*\'\Zl3C\\eEcf	Nkaf\Z=cqt]_j!$21,F#-͵bsm2Ӷ-s]aб7ziu&*݊V?ՏPY~(tnD9=gezi`WݦDrhgU,n\r$Y;#8d\n@gVUii)V(7nrʔ)Sl[PwYN#U%ÇӋɞ<yR3$V;D1\r5&ة2Rܹs7ngϞiӦQg?u/p˗/_vmذa	ybԂRZkS;١хгh!Fs߼}1\nv6(A,)ZPJ)rǍ-QT#[panzءZ\';GgG&W}V^xyԷVўîk_\nQUL[uƿmAnm6T$uuN ,c`MްA`dꫯ	i@a}мɅ2COFG9TUI7ڒC8RY߭vL\'EDrV\Z Z{\nݠ?y!\0;[7u\'^Ŧc\']zIw_eˊ	vR;F|?(-ώoSk.y=kdu#Iϫ@ uLDe[Yw?={3~4*$߭W=ScLk \r:#Aj->L2.m:*2bXQQ+9޾l]V=hXEu#r`;G(Sd!׮f8hY5w<pV0YpcZ>ڌ:\\;j{gA3rgԸcqMfAlmPAj4DìҝLoF0MS1\r	3_\\:`idtk4;*6mq&\nʄVkry1A?sd}G	B3#0\Z\niY檭o&h-~3Ӷ#2?0EZfl!cBo`p:l3\0H#~SZzC֩IٗE5]S/9LN)?xQU#jaa~`VrM\'ȪV*b8((hҤI|>_ 8Є`\'vB.325x4pW`rPx\'F]OwV^ƴ`߱]vƍ;wnxxxQQQ^.\\ImSǊD;wk2ea\nwiU2;&Uv,[>Y\n)H\nGTYiTowfL|֟\rohD\\[BA^vN^4p_kzhscɹSeNR:u]2\rϬ\"ec0M#t䥜<pX0\nv$8E[?0v/W<&VٯD_<ʗ\"\\ϒYdgTة)Ƿ\'FagMUkvj.*+kB1adIxlaj6]Ζ($ިDk\0]S\'^@Ό.mj1\'!lfwU~WզPS\\%+rC:aY`+/I*	JTbEUTz\'.Bl[=oY,-\n55-3`hn3f\Z:ƟOE,e\Zj1&=[LN-Ym>]h2+=:,dLZf^`͝zPwiww>}x<Bakk[L\"zq9`Ft)9դL5fSĪ\r.e;ORtppٳ+WD\"Il6\ndXjΝ;O8qΝ	v~^yy\ZR4]22ҮUsw#(2n	pisHz\"A?{ژZGz*Duu%6[M3zMu u-FX\"\n9kKΙJBd4CGN{ӓ(YJXI1#z&E\\0\r`\"yǰTtT%Tw!xwWjfbJzOGL)ص0ϡ$ӭ<7?ͥ8Mz?Zj;jEQ8aҏvXQ\n\'t+	vMK3+Ŭ*q7QOBk1ƲŎmz#;DߋH(ĸ\\o+	vRU\0=N)ƌ^:Kqm;Ү~XUhB]}{|[`^S2\0V=<6m]ɂL[U-$v-&,6Ik4co\"x_έi-*uΎocIQnaa3aSssғkPqrok8o6]JEoQeȜ`ދ^UTRY,w\Z\ZɉfTMzЧδPg3b/5VOآRǻ?tgrr1fKJS+LsX:vSS%O߻]]GW+OnǮv/w7%QUG.$cxv̊>?r== VcO3,B$H//L.}Rˮs$T׫xm~U5ZN,l\Z|_큲*ӕ(BxCNV;\rX[_1kшUժ05r/\"|/(,\ZSyMMX4AZ-ЪcShkO׵\0\0\0\0\0\0\0\0\0\0\0\0\0\0\0Mv\0\0\0\0\0\0\0\0\0\0\0\0\0Ђ\0\0\0\0\0\0\0\0\0\0\0\0\0\0Z \0\0\0\0\0\0\0\0\0\0\0\0@;\0\0\0\0\0\0\0\0\0\0\0\0\0hA`mn\0\0\0\0\0\0\0\0\0\0\0\0\0\0#Im\0\0󽼼\n\0\0\0\0\0\0\0\0\0(999b\0\0 Jl6q\\a.GH$ > \0\0\0\0\0\0\0\0p@a@\0@\0\0\0\0\0\0\0\0h`<À`\0`\0\0\0\0\0\0\0\0x\0\0\0\0\0\0\0\0\0\0\00\0\0\0\0\0\0\0\0\0@;;\0`\0;\0\0\0\0\0\0\0\0v31\n~T*! !@\0\0\0\0\0\0\0\0h`<0\nv,zvF\0\0\0\0\0\0\0\0@;PSu۷oժUpp-[Ԛv\0\0\0\0\0\0\0\0\0Z8 0zZСCv]\\\\d2	 @\0\0\0\0\0\0\0\0h`<	v3f;99|GP( @\0\0\0\0\0\0\0\0h`<0zF;v\0\0\0\0\0\0\0\0\0-gcbQC@+`\0\0\0\0\0\0\0\0x\0h,ξUv^wӚ;C\0\0\0\0\0\0\0\0\0\Z 0 \0\"عt7筃{T4w\0\0\0\0\0\0\0\0\05@a@\0\Z.ٺ:	xUա$		d`SжZV{c{kk>ۧ}zOնoT*XT0		f$s{9;9}ks;ƼO_|rnpH89Sff\\h=?ֽfk{o	\0\0\0݄F`Ht:˺{(xxò_.ct+#.~mz\0\0[!\0Nvyæ|h\r<*Ćvˀ\0+_;^/\0\0d`7<E/=\'c#o5m^}F=EǷ~qЍw=8$W>4ly2b]wY|T]W!Zlq#z\0\0\"Cf-k˶׾ZMK]ke}M뜁iG.Ϥ*ʝfʎ\'$T`\0\0nG`\0#$:xǕFNkx闚.Jv6_ܣ:]$s&\00yeUُijm? +qv0|,nQwϥu.7_lOGf̾8{GqV롏\\w\0\0\0>{SکiwO=\'??37҉n;zŲ\r\"yݨ7.7>2ϸv|szYx/|wϧ^xC,8ZlvHHCw1ÑYnZό-%F&QU;)zztjgk-1﹉}a}3CmfUnbPFNHxʸH\0\0.D`\0#$|vw|m_=Wiklbk8ݿy\'$%^zֆ%%B6vi1vF]xx=/m\'d.;vTi;,uUl2c,CƄI1jsUtUboj3[JϮ6s̪.4nx}uqdlg5Ӗk׶Nks̙;wk׮]n]t\0\0@r#C>nyfٻ//Xw$5kߺvvڏΞ75~j^$^e^ynS1}9{|ffmFb!9\"nc@ZdS3\"p(\'liy@)0Zk#k9Ϳ͈̈́hػEuܵ^n0{D^CO~߿4˝ovtGZ)62Nsevu\0\0\0#C>;}Cuߪک)nZ嵮aqg	z2\"c֢29EϲWS?\nvz\\Zv&zvUB	\Z	ԌP924E٪vS1u={r;εW6%6nʡlmξy}mOp=iBfGZ\0\0; `Wx׿,.x\Z\ZIwvs 򙏎sbTLљўj\n\nW`q}>9W;\"`SbdDW38.R\'P<x~Ϳm3\"v-3TFeoW64N{ޏVCg.x]jה.pfI\0\0\0B`\0#$#dx,O\ns\r|s]}T䉣:~K=聝ym:a-z	H\"Y#Rl-^-r{\"K2֋\\l=e_׼]uQt+;\0\0\0@`\0#$|L]{gV.1W-yo%־a1n0N?	)\rZIe/Z?\"ɗTɕSd4X	[}<Lckjt\":g{-Yl͸WN,O~⥺＼jmENo^Z\0\0 !\0	]~w\\Ϝzg<~.dڽw]<7Ӳ2l5MOgbB܉Sb#ƱDZM@z$p\"rI(5|I,g6l[\0\0  C>;MKrWim׾|CmSgVu~ƥ3;QEZ£TFg4U`\'-K`B`\0\0\0$(; +2j|Uq9tǬȎZ퍷v+8;9P.^.&dWg͛Uv\0\0\0H\\v0;@w`0|򕟛;pþlx;L|\0\0\0B`\0#$*Av\0\0\0\0./v0;@\0\0\0\0 \0\0\0G`\0#$0\0\0\0 \0\0\0G`\0#$\0\0\0\0 !\0	;\0\0\0\0Hpv0;@\0\0\0\0 \0\0\0G`\0#$\0\0\0\0 !\0	;\0\0\0\0Hpv0;@\0\0\0\0 \0\0\0G`\0#$\n\n\nz\"\0\0\0\0\0ޮ-\01c=z_~]\0\0\0\0ĩS\r\Zm۶ޮ-\07^}999}e\0\0\0\0$gϞ:u7ޘ?~oWvƍO>?]\0\0\0\0!##i\0\0\0\0\0\0H v\0\0\0\0\0\0@!\0\0\0\0\0\0\0\0\0\0\0\0@\0\0\0\0\0\0B`\0\0\0\0\0\0$;\0\0\0\0\0\0 \0\0\0\0\0\0	\0\0\0\0\0\0H v\0\0\0\0\0\0@!\0\0\0\0\0\0\0\0\0\0\0\0@\0\0\0\0\0\0B`\0\0\0\0\0\0$;\0\0\0\0\0\0 \0\0\0\0\0\0	\0\0\0\0\0\0H v\0\0\0\0\0\0@!\0\0\0\0\0\0\0\0\0\0\0\0@\0s/j>vu^jZZ!du{\0\0\0HJÇ*\0݈8wƶ̜K}ji] ᵷ?z԰aqevI\0\0\01G`Hh:]\0$>Z[鰡_\0\0\0|1G`Hw ioK?\\>4+x\0\0<F\"\0z@Io9P^^<i\0\0#xv\0\0\0z\0<;@\0\0\0=H A`C`\0\0c$ !\0\0@1G`H\0\0#$\0\0\0\0xDv?v\0\0\0<F\"\0	;;\0\0\0\0#xv\0\0\0z\0<;@\0\0\0=H A`C`\0\0c$ !\0\0@1G`H,k޹~iIi]?e;{UmWpܑҢ~tي}\'s߇>W(QTGｺe\0\0\0xDA\n}3K5?㨘sOM}֭Nͳυ\'-\0\0\0ċH Jgg:ʊϬ@\ZFggqG;;\0\0\0/#xvD`;+uO_w|v^eL%V+\':&*;h}\nv\0\0\0<F\"\0v!r(MvV\n\"Kl푓m715X1\ZBfe[F	3EU8;+IfK;nS\'	x\0\0@xDA\n\\xK̒xKiJ֛P2s譫;c֍kj0Iv/o	s?m;OZ\0\0\0H N׉ٲ9<P+sX&gP^6;spđz!1vT;V	F::J-*%;\0iwG7?zK] njoWH8<F\"\0va	髪*\\)*wՁǂt^F	oAyqfɂ@ݲ~;#=OZԔ3-v<;@\"ʞIYn~p-1eAw`gO\0\n.svޜ=D~]Kw_ ;,+=+A`H#$i1hf6W2#	z4sXm{k聝k	Cvm>;v:/k8ѪP2n]7np|=qL6M_G|ǡyG[}k/|{ֽ|q9ų+_۾cW]tA	|NVc됤\0); wKt%5w`ŏRGeE	V`\'eztHu۔X4Lǔi&\'mԞN58$W`wW~\'-g	삁6rK~ޮ E`#$E(1T,[\nN<Ε5h,.;anƉ#i7$=O`UvF]`neOgWۭ\']{zl77!|оQjΙ>4/V>iYC%;$5;@G`H%@^..pn&;Έ\\,μi$.Rxylk1=a}1%V׋m_\\APSӳFVT~ʬ Kz=uhݹdE\nDC`F`H!\0vĚ5.O4!\0	Z)zx\'s5S,̧I)=X^`wեK8>:bbu@\0hx扗oV>fČzw5WtvY͝O^f|`N&K2vHjvP`N1=3+f1spoJEٖ:EbH\"-S[\0*k+.\no^_%Og(\\ˢptu	&\Zxq_isfMI\"C,?>Q?8rA%%r+{xq3оM[t\\PZFf^QW̟=)CV_C0ti3[(wEh`͛pe쵽9r\"Iq;/{eޕ#xvc\\h`3e,׻uyٍ;?\r̞tШȅаųN2.\\sN^\ZvM\'.iZ\r{\Z8}6df+\ZY6iHo]Pp5۳s;ev{أ;.TT:fΤCcF`F`H!\0	;͒7NCjP5*~/a}꿔9e_QQ-;sdWWzͅQS;y`}믯U/ޣ^q7X]iƔ53ehE_LOIZ5c\\MUEм<𙎃FϘ2z\\Efvw^h)eIu\"k߾/Y6ɽ]{gic7}FO{u3})\Z E`#$\0>+X5=^8frU%W؉V?êg*\\}뢁yCM(}x:Y&)cf.qf=#QQ@4R\\]s9b=uMZvyVV^ḊR;.^ݺ[7hJ!표sbwɬ[Z5v\rץy-	I\"Cv?	9;pRͤ+Hs+v͙:Vx?n9vdh/}Z:,OꉣM;?r@=<O^V~ʡyζض3Vθ鮫wI(Ҫ3,naqE^k?MK-\ZYYQV\'h=g.\Z5-,ׯޞw3K-RV^68?tKGNj[+hըwSs\'sA3s+2~wy9޴owj#k~,_(ug`o_3AK-(pOt|\Z>v]̕M%5;{痬<j^K3:zo=G3dwݠȵ=n!#Fht{m4RR?2~@8-L4hGjvDGn>e\'^h۞w{-EuqL`H!\0	;$\nRӳKG.+\\=j;iZ{sSutRYZֽ/ٳn_4,m_\\A5fư~}.ٸ̾8hPIiITKwh*fmLٱihYjT[=PmK]QLzրkIh.+oȌW1v\rY};oO`W=~8{Kt[`woiQ#0lԱ}o;n~nwo`yZ\\:}B^jkټF9/	<rڄUOܲ3mFt;b}411-~l\r\"1M8;ۍ@0Һj[	\0); A`D]XJ;r@p-G`wWJU]t㭻Er5겧.a^8/>.퓕[2NV3u{E\Z1ə(ͮs\nYKV>alyQQYPs\'6UJ8dЂKë[vd\r}\rGE#*\'W7`Ĉ⼾gZ־-{X--grDxșC.M쮌)K\nf/1<k:POm>c4kHxM_?YV:fJEz?\Z5ymRH3F?hDɰgNy廛og8؅ICꊿtU~M,6gVe{7Ąǝm`xOwͰFRqH#~XP8(Hj\'MЉGbek1\r1W(B1+&o16r3C\'}nYBi`7Tɾ9r^gn&j:G`H$x`7hؑwo|릹iڥN9|S.edۻC.XˋERԇX՛:lܘL}j(g]{~sszoKM<T@Sr&Ο91UeB~ɣG<uJϺwϾO7n`Ffb刊&^58`LuyYܧ;V?\rf9K`oun\n+7ZN;uPnaeeiP/?Ѫ;}HN7b{X{Lgy˿x3l\r̟:oCʋl׻NuZF޼Ej\\K=&X;!Qs\0էO\ZK8ܱbHNj/puڈ{BXQYk\r](v7&E5|*\Zј#*=%-sW2ܙ>2͢\ZtvjkONVtiKl`Ye2%\"v<;@\'.ݸS2m))}W&\rq\\7߿[w=~M(3,<(R\nWL.	τ\\w\r[NV#tܱU#\n~?Zn飧̻335v^5zbIu>[|G֭֩%|v^v̀a7/x7vLavufGMe_Iݼ<I\Z2%ۊI~\nNOJs5TS[\'j,ou zNZIU`稼4G>ՙ.WL~5xvOvW.[V?n<_5_]WyQ:)UڦzEd+;fcr#]?%g`w)f取7/5a5Xy{]gk]Z[Ͼ񺙕#?ګˋ\rqӯt|Snn΄꾱%t`\'ΑtM\rq:L̓gkڷpQ`i^h&j6FLZs}XYx|6n0!GiMvVv(i윗(*f·@`t	; A`]eK\ZˇNSR2gv.~;W5Դ9K=Ϗ]򫮜]&}κc#;6zuVkijZzߜ~ynA>ꫧkIcVr;%)sqRu.[}*3;FmstqunhrfnaǗYlxjZi7|f9st]M-+ۻ69%vFuI`g6MvGUC͛v\\5d#fݻy\"Jl𠻒Nְٙ#3+Q8;k!Z[[?#G݁]~~ѣ;~#|v?u/_ cz-t?_^~d}r\nΘfwXÎwZc\"Dfސkoa|v&LI;o\'7MSp=w5f{hO\\mR]Бoz1ٽk?2,=:GutWVI3ν9ڶ-^5mXݑZEH`k9w`񉍚8jĆox@ǗsicI7ںoJU_PQua(w3n`қ͌uJ6#{Z{wՔXy%G`\'~RQĚ:SZQUhUCJ=jv@W!C൶k3g,((Џqܹs;^wv{7o\';M韾td=g^cW-5s6<%5-3+oߜlļ<9ܶ+7KW|SMyWfɔ#K*++мYpӦC\'}fL|R]/*8nԠԴpMz:xয|iL[e{O?8b	9Q;%)l\ZmNA^}m/k쬚C:cvVqɆC({u,_ౡV~aߒZ~)^5uj$s`g>Z8A5I`gTDT}m	aY!l:	Vx=M\'hFIFBIלP#TnkU^\Z	I_Ԍ\r*:;sF`t\r;^kk>{}iᨮR:u-SŶΞ8q25|q	|v?IiWm\r\nFz~%/5G?AD\rČ/5=k7^7҉C֬޶Ho7ZZy7}vz3WY|ngc݉\\qYHz\\GZg]1s3ǟn_~T\']konȡ\'yǴݧ*R%,y5{];m;q900%wP邫tt׹M֬yj})EeǕ.=_`w{~/g\'#麱/93+lQ3$H\ZyCFt5M>~ͷԴj4xl70+9Vk؅_n}5\n䜞^OX:پ)(Q~~׊fEZ9ϑUC(ձ~_ǲzk	>Vqa|3k%e*,c};32q8+V)E`t\r;}K_x?yŶN9zu@`\\]_ՓmFs}5֔:r*vN~߽NyWvۤ2RgIҦS~_;ި96sLMIF7Q#\"Nӎ~=Z9gSI,b̀4]?CJxb=>Ύocˇ]=-K(!}M3@V2ZŢ E`;}x]xP](k9~⅋a~Z;\\\0+֋O_YuHO]Fv9S\nUK>tɔ)9;/o4O10_AQU?MDW^J֔_hx?<qUHʠeN46,m戊*3gL8|>ZzqeȄXv{՝vОݽ!%W\\QѧѥCS<#9݋ͯ-Fս>9/5qTnnTWGewumGeHvv%fR.@`H!\0	;N}%&Vvpvַ߀c9jDaX19\\vƺO>{ҥVJF+lϺ2gkҝ?\\]Ꚛ	_q0-=#3oᐢ%}RRӳVJLTҁg~7Gu=I?9|F9?4f8Kܑ+;ټ{W]SŖSr;I\ZiƺCM\r59{|[(LIW0p/Uvnaeeiu8԰{=u\rG<TV]hy?ݿ{oSg:*)~:eC{8Jvvt`i#xvOvZwn=jk(r`GOY?Tұ9YyU*2WO崻Y\nr3Z3*(*/6zCud5|L-LsҋMZOnpwв₾.rUHJnc-iEg){k2oNѣF+T)B$b陹Nٽ/aoSsK驣zvW<߽t蓺U\n}FڏTV<pumja#hI7;Rv<;@\'G?hyl)iك\n2=ydoDtbͥMF_[-Z4x@I!_=vtK.|xZiQCĔ(0<ܞiimd\Z6 7~Zf4ftIllW[NmZ*knzࡣOii}r2$nB.;y`Ӊg_h}C/<sAvCt!CR#xvD]]]oWHVءkxOD҉y.p!R<F\"\0B\0xwxJ\"vC`$;@H A`C``vC`$;@H A`C``vsYvsrRSR{\"v<;@.آnwnI8qDfFPۇ#xDv?vF`0O`GV?\'t\0)#xvĴǶ<vK] nv<;@@[z\n@SӇou<;@@aX$K.^hG\nz:@\"1G`H$^`w^p59̟<-%uX>8*8;$s\r3WUoWHDv<;@@!Cj~] 	@`7|yJ۟E\\0ÿ	]kf@#CRcX@G`HH4vHjv\n In@Ѩʢ^SX\\av\r<ajfL8˫!LI;隫f	IP!Cv?_6N5aڄU/[]ČisfM\"\ZB`#$\0?rҡ_+niekTȅаųN2.;\03\0; ?ۿ⑇_=Tc?Y!}p媻UV,~ҚG#/xݮ5XEzրisk*浯x]t,6zƔ	*2\r\0:IP!CHd&Vb|Oz,եw>mã^^Z1woN*Cc]m1}Vlf1vm0+p\\Eiw6@!*v<;@\"eVZZZ__/]zl940M?ntbQ+R(VY[2!тЩf9+fܾqQp%ֽk;)H$R2V?{RMv7x[=2<v;^(ҝM\0)vHjv\nLc5ڧ7=3ES	4w`\'TwiT;\\QHYEdY}DNz<m|\rڬ[bmV\'O3v۪tg\08߾MHnAh7<DRۋB_\0m{d7nl*v<;@\ZvkE!g#g>TXUm6V+\rW	^i,Y͈x1O\\kO!${`!;_(#;k-~l\r\"1M8a9\0*3-~?JŘ*v<;@;cU83=sc\ZV$kEs7.nJi1kr>Rl\"MA\n@`aHe^ٝsbICꊿtU~MO?,u1\Za_xٶ&҇Sʗ\"e1ȊVn(@~860R\Z0Pu_wl]?{E&d8!5+&o16r3C\'}nYBi`7TɾrP4{:2P!C]ؙG;U۔Ua&	$wQʹ.~Yuc[)5Loh?{n4ɸ\Zs`*E+߾vѦ>=f-5=KEJJvnk`\'4jE>idOpǊ\"!k8puڈ{BXQYk\r](v7&E5|*\Zј#*=%-sW2ܙ>2͢\Ztv:YљV/QT̖l;@G`Hta`g`TN5iA򻨊6α1f0۵WY\ro<6c#?fln5WL6x.4|acfyc{\0tX;()ρQ|G$?\nDR\'\'[u\Z	wDNjV7]:qfr=zW`\'*sT^\Z#[LIo+&?AFE`!\0SZC<s<ŪjӔX<>=\\R\r%(qe3b +̭M:wԩ}㝏:}Ԥ97^?\'\0ν$uKf5_xn_`i^h&j6FLZs}XYx|6n0!GiMvVv(i윗(*ḟW!N#xvDv$M5dM&YgRU聝\Z%&dK!%c`?j0J5fC2{\0tM-+ۻ69%vFuI`g6MvGUC͛v\\5d#fݻy\"#UeݕTvXNPaY?R8&Txv+VF\0wJi-6PJJ+OC`@6ںoJU_PQua(w3n`қ͌uJ6#{Z{wՔXYy%=;2%,\\ՙ֪bFC\ZR&!TxvOv17pDq+	\09s\n:,^tvVJeLD\'x66p˦h;ctBnd,a$t	1NUI{)yNHuft0lP6PؙC˦Ƴ˄B`#$\0إ猟1mpN(H~qv!f4\ZvE[~stF\r%9guN/Eg@;\nu_Yisd6Eueױ\Zv@U97t\\9\ZBIJ9u_Όmt\\)*&Ίc\n*.G`!\0	;d2r&O\Z7pu@\0u	>OicXHJFXa TxvOviY*NKIM.[?#\'@7#W,1dU??_ĵD,\0; A`x]֝jO^ҪY\\+\0=N5v\n I.5--##3AQ7;*v<;@\'!;\05;$5;@H A`C` !*<F\"\0	;;\0IP1G`HH4vHjv\n<;@@!Cj~]<;@@!CjК+$\"#xvDC`d~.^QxEoWHD<F\"\0	;;\0Wn*\0qKOMwC\"TxDuuu] Y\0\0#$a;\0\0\0\0#xv\0\0\0z\0<;@\0\0\0=H A`C`\0\0c$ !\0\0@1G`H\0\0#$\0\0\0\0xDv?v\0\0\0<F\"\0	;;$}-^Tkoޮno:p91G`H\0Yio_={7+0#xvOv;_*xbHGAb+mGNzhB/];8\Z/c(kv&#4#oB#7y[V=?%vQG*8dswo?	}1ty@Qm\ZoUJ٭٣.ڡ)?u_Js	Huo=,vS\\uپ3YwJ=[*/2_.u{׵ϗPkOŇߓ̨+jN	^E`#$\0+g8L>dFG\riU^8I$`/UJWbWFuGv~}-vL:II	lc~ѓ;Eڪ~TmIWV>zv.BSJE,6JV/Oo$r$-iC\rM10OG`H$Y`u%̓~;_~ypݏn/^}=P(GQR~ֻ7k>Yz~Ӣߙ5ҸGp44MЬ?&{Ŗ58mܥ	wnS ݄[<_TC$*o>]Ii<$?_`\'K,c>j?w-v_Wg|:xӁs]BS\'rTyrE+֫;qE\ZY]JMݲh\Z`S7d}?=ѩO\nU|,8\\ݣ;=[շgTߥ7RRqWoηe I{il0Y`g*]UV\rGba_gvg`;,X9^HظC\r{हhT&.8C`皞`\"/PPCۼZ^3?[>(#J$͟;زg:	_WG:x#씕wַ#bg@븦<~;R:sm,؊ms\r\'?dah>,3pOoc+Źav9bjeLeo:]_\ro!s\\DbB`#$\02ssQBJw5GLH<V<Rq`> nVtg\rL?dBeo-okD\\zڠZo,?Jܣ$lkܬ&Eg˖)ZCld??54B3=(O׻?%\Z]Gc}x~LUɆ?i=}SYwJYFG`Z|MrӉE~ԡd{q^S%ګ:Mz(3V7SUԙ:aG7wi`[cUǯs\\2#!C+yyC5QJ.xupx(K󺟴QBv9W)^Hc+SЍ?BbC?]CU`:32\"vq9Pzp7|nxw&[!v0j\0\0#IDAT0Ⱦx/Ijh}z0|>hC?7eE?o:!o?w埻J{f;#T_WA;E=#WEv3.\\`J?:Ef@BEF:nFhz>}|{$wy[Ǿ~dߥg˖8<;>0V5Q泺2,C`#$vLȭjZ靏?v𨗫V{÷pX	\n_JhwYKN1%VfIc2Xqکw}ej5+?z\'j>[y<eɮvΌ\'Sgpm*,Yi߾#Gj1vҍrGZيsX	+ixa}\\jV`\rQ\rJRXvc\Z!YW]mo:°mbQ8yWV_kς)Sbտ\\=%VD# f[ve`aܹDzx;b\ZaZJ5:+/_<XYCvl@`#$쌁ff%=T[ܦ7B:4*V]+1yzoPNqEn(m\\#)Ҭ?f\Ze<ĖD]Ko[uVf[Zxۇ[sT	v!r1{ףLfŽztu~ksoٟ9\Z}3c+Jՙ̥FԎ!d-=EiYSe}m:a5\\_`y𺷞2#w:w`gO봮	kdyU_`}vQZg`\'U>h[WvwJT\\QuwSkdM׺Qΐr:}{ȶ=ΑOU/۔X?vו-s.\'=N;eCa7; +nkgJ\'\ngU;a1K;^kk$rn㓏,ofurxG5m>g%$\n۪ǅy[GZ͊Toik+3ZNUCwTgF	ߊu	H1܉)Kadrb#K=)&0}QO`){\n:i^9$w\rvA9KFn^Rwv3#v1.>d_Nu\"[v1H͝\Z6?(K\ZFŮ^z~^u^Y%OGZ[*7)H/2m-kצ#ŘMǽ]#;vϳs#\"Pw}FU?%W`\'okōG`H_N\ZmY$cL皊Ūje1ښ{mH8Jc\ZmF$ӌaxZ{pO>jI$;s^?7!fp3sЙ,ZxNS#R\nfi9aW\nUɒLM~8;s\r;N*_ƾ(No!Tg[{6S҄(Ki7樓Ylr{pNֹ\'yƖkގ?lKx1ڇC.\'TW`BF?!v|?BS2;ϑoQ*ZWlV$E92.lHpʕ+]\n5G6P˫]-8zrrQ6tBH[f\\Nكݶ\rYC\\#O~\"C؉9\\靏/j|X93q\\n_@.r(>PdiF({qƬ\r˵o<VJH=)!i$X`\0&s!?X+A(B&Vcy<;@;UZs&	\"\0O5vVe砾hSbk~Jc36ݾiÓq58vɎ\0zJGBt&PukD/W<F\"\0tBI06b嵊?sl:a(v8mVMbv\"j\n]R#\0 u:V\'K`;F)#$z4ӜS_34kӔX<>=\\R\r%(qe5.\0\0#$z8\rp3pn7[B.V󁝣\Z%&\\K%=;\0\0\0\0#xv6XQ|^\0\0\0xDv?v\0\0\0<F\"\0	;;\0\0\0\0#xv\0\0\0z\0<;@\0\0\0=H A`C`\0\0c$ !\0\0@1G`H\0\0#$\0\0\0\0xDv?v\0\0\0<F\"\0	;nэE5+3kd/tO;ĝnv]=xQ݃[~0_</oߟJ#WG._k9q	{T_+\\=f{bi7\0\0	G`Hءɔ-[io_3m&Y\"F^D9v?<Un^zGe~Z!1[\0\0$$; A`9~ܺrʒ]{/\n{VD3e7r_>mߛKo[uD?zKhTyɣ`k4\nx≅B/j묿|{_ԋKss(Vq!B3J/TRuPC*_.s<U-\\muhlɨi{C9mv1s݌\0$/; A`p;i4YI`WQ1z0)=WV(dxKiʓEҤOQJ*\"BIѡ][!@{;Pc>\'6bV@`O3G32v\ZmǬn~C{L\0$3; A`p>4L؉3ggl%I\\8w4GՅ.7;332[̅vF&*us4W3%!]}5Ά,GEሟ@+kh-ĐάGxy9v-x7?~[y&5\0\0ɍG`Hvd]d$yv3M6֢\'e͎J\Z聝#4/w}B?(NvR4Uw٥B[\Znfi\\κJ:9:t\ZxvJr-\ngERM6\0\0$9; ;DaO\ZRv\":N+ i2sg֫ᷴ?%;Q)}MHg-׼-]343^m8\0xvOv2j/#v4:%VpSb|ھܤj~.Lt$4v{~tXڨkIQv΂TsWlc\'\nXf\0xvO\"v^ozo.7EuL*m:N1m:a仱l:ji(wTwag&m	}L))ǑsKati9)T ;\nQ\0$1; A`Lݗ*{S{C5yS.י&u`92kӮ[1v9O-,9\'CqxFEmwq]n#pu;M?Y=v;1e7n0Ye˖wD+\0\0E`#$\0.A=9\rRNw9cp\Z﹎\0\0; A`C`<v\0@\"Cv?%72\0\0sy?F@`H\0\0#$\0\0\0\0xDv?v\0\0\0<F\"\0	;;\0\0\0\0#xv\0\0\0z\0<;@\0\0\0=H A`hW<poi?=T	;\0\0\0\0#xv\0\0\0z\0<;@_`F9O%w\rz^rV;6wWySV)yQM6vP}6>YVvfl\n3o`qՌM]`>.t(:r[MpVI=/^\"@\0\0\0xD>;WDÊy/vw#o4ߋ%dpNV⸡P/MٔM3lX\nwfGzMc켚[`\'qE\0\0#$KOAm`8sWW^sw9\"=J4αr#]3#-fw&]34MNLwb\nl5#I\0\0\0>#$܁]	WܽQQp3ktȘ?z\r/\':ag]޵B4瀷b7w`g4[b	4!QO;\0\0\0<;@SN	BF[0y5kW+*~k\\lc8!؂U<YgӬ\'+t1p	$\'~tc`Q͊\Zݓ}Xq`]7[-?oYi4^/|\\|~Փ;BZ쾑ю{]?~Q&\0UK1񝷮\0\0$; ?3Ȩ8G d!=5>7g@˭A`i4sp_N*\\43҄$}l 9ᦱ!oٲzAH*a6Sۣ]xX<_u\\)t/f]1<㇧K{o.k=؂J\0\0ؙ1k7Tac&	TSb헋әۆTs+sgZb|R뿪Q;ih_^.2TUl\\cxZMpov2=Y	ǭ+,e:߹ WmE>}3׵ƍ<V<qM\'X:zmT:4~}o.mPudxNuE[-bVUzۨg$OUj+5k3ފd_Wqd^5)rb݌\0ؙq<W~%KjvsuB~w^^sIH|C`l4y64!VO;\n&ޗ*#?\Z94`\Z$4KrOc[BMwo/\r\rCiz^ѨNI>U(vP|Eؾk<5OGf:HSXYoPݫBqjcJ,\0 pxv]bmָGE\\uwedEkE\\x?聝,ݲYb켛ÔXG=5;nǋ;}|LAp>&`v[ʰ[yb0u#swӽOv^pn;V]jAi3b!wǣWqU׽lm<:[\Z=uy\0\0;DA|o^LȆy]uwe;yƑ\\u!掌̊ӊ_QGs=^r/%jBM\'$3;	\"s0%8^;;\\W\ȓ}As-Y-F1 QicJׅw1*U`X;9G󁝸r\r;yK}vf\\7M\'\0\0D`#$:K,pK.<LdUb`\'ُByab\nï?%i=-RT9V͓5_1*EOjeJp&/$lx5o+Of_k\\[a?%\0Lv<;@\';tQam5cDT}^gZ\\lSb\'J7p)biem_nR4rMv&z4_I7W\"uWdUwl`\r竃CiKv>1F42\0dA`#$\0)s*|{w	ۡymTǙY~<2ܒ\"rDL޻Q6dQMSԹ%ͯ1*xc9b:ۭPW5ފWK[\Zv\0 \"Cv?}\no?7T3:5!s^fkԣ.{neZsql#c5GR]\\z7Rƨb/fj9ʖg{ݸˉ^\rp7ϑqw\'\0\\^xvOvHuʆFs@\0\0$; A`C`\'1kA.\0m\0\0G`H$R`8q54C.6\0wy<FF`H\0\0#$\0\0\0\0xDv?v\0\0\0<F\"\0	?\'o\ZyC5֏+yzA!6);n.и(t[)F\\șjG\nQxX4uhKKKKY溊VX\'IC̶UwK\"!\0\0@1G`H؅\rV\ZJKùmlW8s#I,y3]^g\'	Xd&(ZR?WViLK;.4Jt6*|c#^s5y)qPf	޽@[R>\r\r-M74<Eb$W;f|̕K\\$2YI2&1KNK\\HrX5qRҘ7*K\ZhOj?jk:_Jٻv:9*\0T`NM6޴jO\ZMԌ6ޜ(S.|`zAPx/QZ0AchkD3ٕ[Ss\0FRy23/\0zbF=(.,?`glvx]Ĭ.v\".{2tkvδ\0\0H*O}ɱ5Z5U\Zc+P,%\'\\F击Zrx{_\r{L\\\"qg{v)q}f{ؼؼ߻_7olr\\^Zᡄ\0\08;q],H˹wR/վ_B.^v\'/|ӉPjws@o7]ۭn^<ڽ]m$]vQ;]=9Yn`c]{Q\0\0BFRyz\r@[ĥZ1\'Xz,_<%o0`\nNMݐn`=]||~ST!\0@H*Ov͡uwvyW0N̹\\ݶpvKb5[KCo&?`\0\0N#Y;:%/۾p(Pk:U(֥mY,nC1JLrm}[{v`wv}{^[v\0\04 BKᩙb9tvKl?cs>55^]^\n}^](EyHy\'e6]f-~bLX{ɇOUkw[ZםK%}>g/\0vT`#Oi1e`wSڕkC,{\0C;(`7/bwoi<VJ7ŶxKh\rGu{Uoz|ŵ=4zw푼=\';P[ov9-/5\0(`G	v A1\Z6_bݻK7`x	vթcq]f[cyQMѷnwS˰.ΖM\0(`G	v A1Z4U[ صLt\ZCb>|otO/HfQ%\ZY~zhqV6:}\Zo>,\00f\'A`LdI=%6?%6Jc\rZ\']U2k_1辰zT*ja^^\rI=}&\\\0; @b&5uƻuvQ[\Zl2s/X`fr=1w]zׯe\0&6~ْ].W\0<;(fr]{Rj\Zh6ؒŮZ{]kzLwSb|)u[E92>7#k	v\0	vT`3.JT] \n/oGإ^Ga_.t\0c\'Qyv;ny{v^k~靛&D (I5R_Tkb]az\r%\Zw¨Hm^ȮN\0\0&QyvP̄Šfsf\0L7T`CF;λc$`lԛo}yw\\+5|Q5[ݒߖX`Eu7S\rt6[-l~j?̻,Ph_>W}<s~`7v]\00FRy?nۧ|繙h/igSP?IĴl#E\Z`:߷UnM7Ɵ-;c=7HP$+n~^H,9b7mOWSķX	vcc\0\0H*OSb*m(e>]Ȯnk\Z(%*}4?^\\Y[oj.ov#@bdmڲ%\Ze|sc\0渽֗jN\01p\ZI	vP\Zvrԭ+4@>31vuy<k/\0zb{\rQ6ʺVg;;?[v^pl6+O9ڻ3N	v\0\0H*O7K-\0a6{}55C2c}{*93w\'f{\Z+~3f7GmuS!k`\rgQ5prs!Q^9M}a,zk?6\'`\08;(zfĹp{)6mڴ=*<®5[9_Kl(yuтݹwf:Vvan]w.=l{|_9=N\0`FRy\rv97M\Zv|[VpDXzjkjcn_:2%6u	v꙾`p/X8.5.%L\0`FRyvQ&åW,Ͼ.5_78mN\\Zwywh^f-]uwd\'v{Fr7l-6%65v]Ծ\0\0T``WN++=Rl[l\0Sb7OmVj-Xfm۶yvg~/K#历5$\r`FtbCט	#\00N#<\n!]\'L}n:kOb`s[cjvRhiϑq\'7][ E[lݺ5؎$Nh`aM\01p\ZI	v0X&<xb>3 \01p\ZI	v ME\n\0\0c4 @cd#l) \00N#<;(F\0`FRyvP̄S|U}Wpo{_R?|Q/Swu=7\'n-5zg\0\n<;(f\n]ovWw\\vk纯ăEf.\00, @b&2ǔI={ݮ7MP{k}Ww5~u\\>pr~pۯ]wK^wG4ɗHR[f_tɇ`l\'3n6(/Ճ}ax\00;*O\0`*qgQX5V\rJ`E`w7(oP:إ\n`ev`}[V[އnXL댝;uWsNl{>lv]\\\0 @b&2إt:T EQr\nyHWZ5Om-mg=nƥѻb\Z]4](hs\'pmQ_.9.5;6~56~ϝa Qy,`So/s[芏] `E)Iܖ7943}5P:qGb=	;LKhc,aTu=ے\Z^yG^m(\0\0\'Qyv{h-{]^ovR[X}o^b{of&DD;X\\WnA]Y\Z;[<إӾ~}gaF^׽v]USjFE\0\0\'Qyv̵t\n;7ͦ6=;%~y{Z3Re0GڻљZlJlEwHN?!Z=K\0\0A;(쒣ڃ6mm}pcmwQuƑվ&c|L&.xc{>ۋ{W,96FMvYu7Ë5vțNXѢwǸ(`|#|䐺`kDv#\0y!Qyv`c[ۙ*p`xVJζ|<^Amyo$sR+)vi\Z]]=r[\"o\Z\\2{,h9o+K\\wj+Qu]x#R/l;m/;wm~&]\0`G	v0|KfxoJRԫFť2ڼmzٍ7Mfmu{;njMXP^ݝd[c	ݪ3j\0&dF ``I\Zfg<mMl*>-lvwx:sL]}fH`tݔK]\0`BMi$, \nnp\Z6區	aÎ/EL=|Scw<.\Z)7?عU4`G]gu\0s\ZI	v0#!v.K_\\/x{\rخ#I\0`FRyz\rN$o/إok\'e6nkgmo(>nF\\î;\0\0i$\'Aw]mӦMۣ[[\'/-mOQ?q^.\'%\\7<v/~][捴ꥻV`\08;(r#\rO^\0\0c4 P˹`7Dt6;\0\0i$\'A@`Nvpn\0\0c4 hN\0`FRyvP`\08;\01p\ZI	v A1\0\0c4 @b;\0\0i$\'A`v\0\0H*O\0`/|ro꼓bO?𵿾ૻb1)<%?wc>]zeOkO\0\0SG;젘vu\\շnwS-_|19\\Sڕjs.[_\'\0L;젘	v_?po|5j8H̘>FG\ZF_Z<>C޺ղ[*v͌˼X{`s\rZϏn:#쒫+v\00;*O\0`_vkzC2խH\\)GGFl7ma}ѭ)3Q,&P-.:_cfN=9.1>W\0`	vT`3Y.9ૣ;.-Wr<-ŻR:9^ÍLeo7rB$\rG]=v5i~0~=^.ڗ{<\0`	vT`3PlW}2o~pZMLK%X1^qoWkWd^K<?%6cG]0Cg;9?fiv>װ^#Y\0h\'A}W.`7Дm?\\L-ޕny\\5{~\\.Oc[?-n;ʗX``_ %c`{`s~Y;w~M<\0L: ;(fF\rxӉ#n?zk/=ګ~ogk`ث^)=V468%6 mԿHN_;%6BSbהL_îoqK.Rg\0L7 @b&,o\Z׽)j{#DoitZ~7hunw[v؊5.z].@l.p`#(7}ؼkpYY}[X\0\0I;젘vuU\Z[+};-u߆Djo96-֞D+;®1*-sӉl@m?:ܚZvX{ˈ7\00;*O\0`\0@8;\01p\ZI	v A1\0\0c4 @b;\0\0i$\'A`v\0\0H*O\0\0\0T`#\00N#<;(F\0`FRyvP`\08;\01p\ZI	v A1sum>6\0\0±;՗^p½`G	v A1sON\\bǓzf_\0`QXw\rGxy׬XW<mz5[_ny޹9p=7m,{r^=g\'Clnya8ڏ]07kro5w4\\5\'>	v?Uz}O=\0O\\?%K,;*O.\Z+𦋂&\\\'>1ȫZTv&#؍[UxLN1?Xs-\0\0,:Y9܁/{Bl_;>5WƵklV/\\;3E}jQWl̦Moߞr=:7lŶ}q{xvſKn2WyqMDm\rXE}૤a.hG_`W{ڏo!\0;찅ز`G	v0ts\n&PoؑWtz=6mmo\nOMl8 eWȽ-y Y.Y6΃ź7^*\nRxcݘ݁`^W!~w޻1\0\0X\0&AH7H(ZZw}%_=wɅ3dkigR`wpZ۝NHV[l;-[F(U:,]zoA]<=wg}gwY\0\'Aavڱ)3+Ѕ;,kٹ-^}`ׯ&sd}mt޵;hSx79ܫ_ۙ*lĕ5nÿXxJlpPe쩨w\'4a	v\0\03\n XkWMYɹcSe]hj`\'(=/C\r^]vZν1A3jӬ}3.oJaW}AGصm##3#;\0\0H;(ڹ+ٷBE,Pn:]zޫˢ\r2:W\"j\rkeݰSbSqj`}2%2SbsuۭMSb\0#\n ]b]zR7]7r-yMڣf6{oĀnɊEݰ7.65x`}m\r#w]>W)<.n\0\0`	v0tTcn5k]WllvM^R-}!]ro:;0[|zy_[lݺu_.J!bc8`\00FK,Nލi\\aK$\0!AavC\0\00;!u	v\0\0tvP`#\0!AavP`\0@`	v A1vro^;O-NKWr;?+\0;(L\0@%oݱI`\0!AavP̴N~Utিg|\0	vP`39.5ozE2\0`X&A`Ly[yy?p{2X\'YVlNv^JyR/wW\']zo{7sɧyBSy:Ʒ3w\'_ni{#f`ȴB^^4JݟHͦi~)w]\0\n `^ݎ[w/sBOk?vsw=N^5p4jEPv煡?sy9za? 3.,::լsO]_ fTjCٳW-t^/IQ~)p?֎]翙`^\0*C;`}\"Ƭ^lFhv/tv|*hNOuU(%PiT	oU\'{u+XjU6_tW5Ȳsir[ڮDZ+Gٕ\\{;bK=aJa]v\'0\nHM\"u5eS͒OtT2h=5{kxWlt]^kz?#Uբ( &7mm2ɱvn>x^]<K||ƳEmƣQvy\Zv%[OpR+ZUux{x3&v_bQpCmWny]ſkEMv_e!]\"t>ukV]T{6m\0P&A.>@,6B9sKDvDj\\xvg*;Rbx]|ݯwM]>lLxlwr.#vE>z;y3;PhM\'c[+Z]IMםvjgycˆ+Op/:Tktڻjto^I0v*=o+C;.SңR\rvv;S/ާ(#;jÓ.eS{bjw\r\r\Zv/6Xb9-O]3.hkt\"QFvT`<ho[V[\0*C;:إM+8e~O==f{Sa`VYrƮy\nuvva{rktF&z\\pT4%ŊU\'$``9e.3wiͪwmg/ĔjPv3%!\řM\0!AaW`J].JF`{0b#C/zMh)uo0.5.ˌiŔh[MSbSSh3ͫEPL?^!u\rWdj%\ZvvYU\Zv{`G[K%ھ@evP`5%6=ySbm~fGeV7{0Zs]`xef x.z)v۹6aCkԽ!i]bluQ,ug(}.[Ϻz%6=S\n%6ƚYʻKl}elr^K<\0P&At\"(.}M[WD%$*hװKyK5#.s\0Izl3qӉ?M\'਽tt\rivyק(\"nQ*ڳod﬚ZWF[^\'nWxkxݮ=Ѻ{Ktq/e*xd.E9_t]4xLXs]Du2;(L]T\'UZ=;4F%xqtM\'r?p.ttplٺukJǍz`?եOhU._~FgkeeeXj[Ho!z={%.k\r.vOھQf&>E|.%^`e0\nI8R$\nD5݈)DV=\0Ѓ`	vP`86?.~h\";\0`	vP`(9q6=A^H.\0%AaT18v`W]\0K;\0\n @b;\0\0:;(L\0\0\00;(F\0C;\0\n @b;\0\0:;(L\0\0\00;(F\0C;ؾ}L;Ӥ㡇ڸqv\0\0&Aa<裇~5k&O=Tq7*\0@	vP`k\0WzqvW3<SO._|;\0\n0jڵg({_`̬X裏E\0@	vP`@i;\0\n0v\0\0&Aa\0\0\0*L;\0J3[sD\0\0zx~.\n\0(	\'PUKV|yG?`{dɒKvaJ;`@ijg}e˖kgexGN8ᄲ`{uСFS8O^7O\nvP`@ij,Yl2nP.dpࡇz>-Aa\0OQ\0{	wС;w[;\0J3`w1̔FEr=۹s?%Aa\0C;c-[V\Z0O	v\0FR>(a&`#\0(`7|P(L>F$P\ZnJP.|H4ݔA\\~3;`@i)\"@f	v0\"vSEr=`D\0즔\0{\';\0JXݷ(zGnW4y庻O^\')c\rU~(`#\0(\"vQ7Ń]JLnA2vp`7;`@i{6N`%\'Æ!u8xc;9?\'Ɩ#Xp~vcBG>AOiH<_SsYtUr/#Zqq_~]wj\r>oA+D<<EcqwO\Z9u^!@>1}]on묛~$nI	v𓇞a[dɒw&]¾կW\\#[{ub%a2S!Z;˜W5b;<\Zj|<,~GQys}ߌjߝQ`/sj٫\";x\'=_?-PU?1GzWY9LXSbP<,mm7_RbpL`DW@t^w]غiؗu+	v0\"^b*c`(vٱn:\Z?GJ=sJ\0O<js櫛y ;8\\zu{駟C|y.v=h>H?%\n\'{\\k1vᘞo~UoϞt+[W3%?F$A`vI}褁@	Mx>(RDXv Q	GJ=3M\'?-[׮^.&~E	v A1`rvK8Eɛ5?ZKMW,8c(D7%~;Tހqvi`DvP`HH5u?ͤ{l|/I!;nAj~MO	v A1\"\"@.`ן`# @bEEr=`DvP`HP.|HE+OG>xWٻŴ	0O	vO?ݹ\nvN[$|P(L>F$A`\nvGetэoy	ox퇷}:ꛚ{\'G?箾_\\\rS/|ݱ%v `cbMuv~^56x룒k1NnA\\~3;`]&5ZۓWogGwTm[Ѫxԭihm{­|;ɬ\n%QuG9l<XG&\nv\0{\'.9tv3<k\rvtbY\'<O\'S`Z=pY\'=܅*ʎ/ݛ\':qK{)u;;vy9d;ne<O[$|P(L>FvK.{/~knϮ_~ӦM/w|Hc)]λǗ{ꫜiLϖ`7K^{]ٲ+vcu[k91kѕ2܁pg}H`wq-]S5>(a&C=t<)Aa`{WxŚ[:#W^}v,.7إJ 1n)aNΏ>}]|Z/rw0jF7@hJlh?]\'v5#M)0O6Փw\r0%\r췞l,l\rG]\\W>4Rɭl\\7oR.w?vh>e?ڷK,)T\0{	wС\';(̔XX>n;5*\Zvɒ5={sХ]`W/nbb][;e]x?\rv#\r]8e4;\0z5ϻ~.\n3%e^fj4/\';.JcW\';W(m#b~_FPށaa-&\0\0?FaJ,,`h-IVɽQ,SN9RAwP\"|J;) uvE[$|P(L>F\nvW죿+򂣎j>rUu;E`v\0{\'L\0	0OŃ݁;ݻp矯-&رvP`HP.|H\0	0O	v A1\"\"@f	v0\";(F[$|P(L>F$A?VZdɒwIs{;*ݔA\\~3;`ɽOTU1GzW즔\0{\';~>˗V젯߅}5?_k/=W즔\0{\';~~AC3˖/EA\\~3;`@i)5un=e/^oc!La!F$P\Z._|}Ç^Y`>(>g_^/}W?v{|?|O3N7,<\':\\Ur\0F&ͷi+<-;`@iOt|T?f=џt2P==,n^M_i!;\0J#EO	g~t[4%ӻo?t\r?PFŋ:c\\y+O}zk\\c$ݿ;[@-a`cLߊ2=]gt^kz6\\Gw)ul1[3#͗i+<-;`@iQ8A_\rk_r+/^:3w{bKں:ocYǅ]+~&%w^cYm%\r.7ŏCw-fk`q4H4]4}TQ,w\roG׮Q0إa^lr]]OQ!#|B	v\0F\nPLԮLFbTӿX%b7:1;.cu?bݵ#˒uܟ.|`ۻRl78X\06M`#\0(`3MFr台}}\n-whygw۩ja+gݡo$Fե`7ߦ`D\0b¨fm}ͻĞ\'V^W[Cu;Wv;Z`W[ Sbn.y?`4H4]4}Tb,u$F]b$]M\'N@|<uV\\ֹ/lx/?M\'>oف; @oWxZv0\"v1Qa9wNhzb@?8kqSGY.^7߹[~Ktbe8xW5{ƿ/߽1E#BonwUoy],z|B	v\0FRcP]]{]d	vL>F$P\ZnJ	v\0|H4ݔ.,F{;`@i)\"@f	v0\"vSEr=`D\0즔\0{\';\0J#M)0O	v\0FR>(a&`#\0(`7|P(L>F$P\ZnJP.|H4ݔA\\~3;`@i)\"@f	v0\"vSEr=`D\0C+-\0,RB4ʗ\0_&P\Z\0;`@i;\0`\0\0\0JQv\0F\0*F!P\Z\0;`@i;\0`\0\0\0JQv\0F\0*F!P\Z\0;`@i;\0`\0\0\0JQv\0F\0*F!P\Z\0;`@i;\0`\0\0\0JQv\0F\0*F!P\rvx%/9v#\0ϟ~_\ro;Sb;\0JOnE[ח.\0{>wkO,ܙVCO}͗c\0x·?[g̮9|fff!^E;\0JpgZjzrx?{zeW\0EՇ{܉kW.mXW<,V5\00K,Yt鲆*\'P>j6(\0\"m^B;\0JL\0FRy\0q\0@N#<8\0\0T`@ii\0PH*O4δ\0\0(i$\'P\ZgZ\0\04\0(3-\0\0\np\ZI	v\0ƙ\0\08;\0JL\0FRy\0q\0@N#<8\0\0T`@ii\0PH*O4δ\0\0(i$\'P\ZgZ\0\04\0(3-\0\0\np\ZI	v\0ƙ\0\08;\0JL\0FRy\0q\0@N#<,cxnؽw\0`Q8vag3{_W<,cx_N~޲+\0pq+O;;}//>s*\'P;Ӫ;lf%\0_^C?%K,;*O4wUcvp꿿ɲ%\0O;GxKfffb\'P;Ӫ={ǿW\0XԾ;찅ز`G	v\0F\00\n\0(`\0Pa&P\Z\0;(L4\0@	vP`@i;\0\n0v\0\0&Aa\0\0Ilaؿ|YKkg90u;(L4\0PefveKW,[tI{3y=xhn=s᚝`	v\0F\0J̣[QveDg0v\0@閟f3vPsSC%Aa\0\0͜3ev0.\0\0	v`;\0J3i[Nkz,0gu|&͇/9#/]y]a\\}3-{?n@`@i==O*wi>ׯv\0Ln@`@i&3s×ߺ#d}@EC\\t\\oǖh׺\Z!\rHq\0(`7ERCc#/?ny;\"\0݀;\'L{KNnkнGQ{Yr}|\'qISɗH<l`?V7^z{\\`cO55qКmߨyj~5:s\"^#ڷ8G@M|wNAEg8aGHGv{P?\0`7 I4S/DBѧx	ث]Z+١]g(.ȇv?N]z>kX~~CpDC?\0`7 I4ѧ;H\'tKԨXj>Z:]g\ZQw9jyGyRCfya\\gcXb^h|DM)`V_cI>v0N\0`H*QhfkW%fq6B=&:N|:C4F핇qc`7{w<]o\'*EBw7+~c!8	v\0fj],n$~MLpn5SM=oz˥]kٟc,P}87xKAǷ^~Ie]5(wZcSQ_\'<*/>+j_ae㱽\'oQ^{uB0ăsb9Q{(:\r^-,swwoC]7agx`@i*욫Fue7#\r:V`Ѻװ0?x\Z<\rK̇\n({` ?\0݈n=힋	l\\VYF{Y\'۩?vm?uՇE|[|}a[oN	$P)vFiٍ߼aF\'>%+z+5:IKuهL \nLMݳ5\Zvja4D\'uJ}oŚW;/]R\'̥]5:r6p{Y6̥vI4SZ{(\ntxr^k`{<yŽ<4\'a]dagLTDK^5dW\0#\r`>pӉ}_ގR5pzgFm	vFVi͇z\rv=k>iߕ?_{v0N\0`ic [SòV%o.93^.`!8\ry{\\-\rޗnuD+caaHgdn\0i)u9I\'sH{N\'厰{jCb^glہ`c7lx`8^$P\rvQ{]jTӉ싎XPwN	Z*4x֥yh;NDC۳ocd=p24I&~]e\r	vD\0_#L zY\'q5jo\r|=]sv\'lhͫM-/	oۙ`c	]&`@i:Evo@rw6Q[N)`]``;%%\ru_k#jdsړB{ľT$yeg\'\Z55ak[ZS\\SkI׸`3#좜\rv]:؝ә3+\0(ͤy$ֳΗ\0FvQ٭l~]Rkhƍ\\}[s/\\T.{F{kuB^xtv;N\\NI%P\Zn\ZC{{@n(LV{^gt`@iEk!]wju\0`ɧnxGح`$8	v\0F[t]nz\0:&؍9ug 8	v\0\0\Z&`$P\Z\0(`7 I4\0P:n@`@i;\0t݀;\'v\0@	v0N\0\0-?kg.){?&Cѓ^q\0(`\0n/uU^z~?=Z&P\Z\0(ݲ#g|ʙ+-5.ك;pg?u;(L4\00	9|fv|=ֺHv\0F\00\n\0(`\0Pa&P\Z\0;(L4\Z~?+g~ĳeK\0Eu+}\ro;Sb;\0JOn?eK\0EW=bU=Qb;\0JpgZ?f=_Vx]+\0,\n\\>6:cv333*\'P;jU;Г{?wǣ?ӻ/\0,\nǮ>gN\\riB`G	v\0fAϴͮ_.\0XdҥK5Ծ^W<,VF\0m\'P\ZgZ\0\04\0(3-\0\0\np\ZI	v\0ƙ\0\08;\0JL\0FRy\0q\0@N#<8\0\0T`@ii\0PH*O4δ\0\0(i$\'P\ZgZ\0\04\0(3-\0\0\np\ZI	v\0ƙ\0\08;\0JL\0FRy\0q\0@N#<8\0\0T`@ii\0PH*O4δ\0\0(i$\'P\ZgZ\0\04\0(3-\0\0\np\ZI	v\0fϴsum~\0\0±;՗^p½`G	v\0fAϴsO^v}l^\0ӎ[yqGqSy׬XW<,ܙVO՟va3Kw.\0z,Yd!/Qy\0Y3?3gW=O.\0}>^233<,ܙVk?\0w}a-Ė;*O4\0@	vP`@i;\0\n0v\0\0&Aa\0\0\0*L;\0J#\0T`	v\0F\00\n\0(`\0LeftK|ZZ;>=}ρî+Aa\0\0-[5#W-[bҥKޛsPCs;(L4\0Pgu؊z+{G&?{`Ov`	v\0F\0J5k1\'\Zj-\n\0(`\0n5Ǯ){/ϟݿ_q\0(`\0N`$PIvro^c=s??03i>|9}|vmmwbO$$8	v\0F*+3o;j7O>sڷoK.:uUj]=\\\0&`7 I4oݑy>lv!uBWQti>ׯt]\0X݀;\'vS$5.>=yRs`cr&\0Ln@`@i=%k7kj1{އ?1֬.f׵I6SɗH<l`?ӎ8qyתy0ѱcT#ڷs^~ȾΏ3y;󝓇kCH7QF1Oy\'\rHq\0(TFZzԜЇ}SKM<Q.\n=}5`>uکk[G8c\\wݏonh`\'$8	v\0fz];t|5DNs>\ZuCGõ2p[kuv2١]C8|jXP_ȁdV;\Zr6G^=;5vjh?&:~\"\0̛+_u9ɇW?RI4\ZI%\nl\rjw,RU(>s$TiJ=n{{;N5SlG8{~*nɣ@n\"\0̛]/t\'˿_x0`@i65˲F\'t77uċOB5Ͽ{wjֺ޷AǷ*X D|k.PpǦd`7OyT<E_|uCWվxc{wѝO[;(F[_;íazĪsQt>j[X_RG}ػovþ|o\r;\'T25WOnGt\\G`37uyjk\rR뢜\0|ب`(*\r`ލ?͵]mUmWu[.kɬVSg^}^Ni=elG=[;@\0`wǜ]yÌO|JW26LK__z%:G~Ħٚ\rzaL]0\Z\"\r`ލ:%vǾ7lbͫZEl.R.]\ZYv9v8ؽ\rR;ߋ`$P\rv5kwٸwP;Nd}1СN5(PZ>.yٻBװK,=\\N_`7O4M\'}{;s܆oH<zdGcWec]&ŷ\Za[5nrkU6}<}W|U\"8	v\0fz]ꖦ:+5,kU&hbwKm$?D>nxd@uD+caaHgdn\0i)u9I\'sH{N\'厰{jCb^glہ`c7lx`8^$P\rvQ{]jTӉ싎XPwN	Z*4x֥y\'\ZCkϾuG$a<<X\'ef`\Zv5&\r`~2Ugƹ n-q_7vٵv56ڷس&ngݎ\'wesg;H\0`eYuUFQx\0ZNɼvٵzk\nZPrH]bzlSQPm^T#Tlm.4ngK[J5}KW֋z\"\0̯Q]#!jyaֽ ,:5ŵ>Qt.O\r63.`Х99L*LZGKo=|Q<k`ڵ.uFzkȵg5E7hG:/]\'7Hg;T\01/\0\r솒du7}fK\'8	v\0F[2u^\0&9؝|wD?\nL`@iEkAGص/y+[\0[`7׽-`$P\n;\0`ZLh<`@i;\0t݀;\'v\0@	v0N\0\0	v`;\0J#\0$8	v\0F\0J5kYlEO>yE4\0Pt+fV-Sz;pdPk	vP`@i;\0tˎYv+gX8gڻ0v\0$XvGYnh[\"F P\Z\0;(L4\0@	vP`@i;\0\n0,hϖ.\0׭|7L\0(͂?{gO.\0O\\WD\0(i=w|S[gw=\n\0(;rW\'5,īvT`@iLWCOgO޻\n\0(_=s;qʥ\r*\'P=j66\0\0cɒ%K.]Pz^E;\0JgZfWV\0XD-KvT`@ii\0PH*O4δ\0\0(i$\'P\ZgZ\0\04\0(3-\0\0\np\ZI	v\0ƙ\0\08;\0JL\0FRy\0q\0@N#<8\0\0T`@ii޽\0U?#	d`FX\".P(xl&8C(ŵSu%~\\^?ծx\0IW|$v`.1!Iӧ9}t==_jG=|N\02\'+-\0\0\npI\0ƕ\0\0	v\0J\0\\F;\0q\0@.#y\0\0\0<`\\i\0PHz`@0\0\0(e$=O WZ\0\02\'+-\0\0\npI\0WZG_<GyЋ\'C+\0u˷o}[y\0Jgn+.>ѱGC+\0kۺ]?x}mڊ`G\0}WZT}+OX}\0\0+.rvrÿUVc|\'Lf1/<\"Q\08ouށF_	v\0Ӿ+B\0v/_zu;Fy\0v\0\0=L;\0\0\0z`	v\0#\00\n\0F\0a&`\0;(L \0	vP`@0\0\rV_~rpح7{~&g\Z\Z\\躂&`\0?4зkPULDg&|y5;\n\0F\0[kK.t鳧;;(L \0nM[LtGO.h-\n\0F\0lֵbx`\"`\0\'صHN\0ۂUoc?cc?6߰g<\'n܅w\r.[v/؝C2\0Ok`$`㽻}z\";W*{H<\0Z];$`3?=R҄u+:إ˯wJ*]BW9+olv-젓;\0양̔aǏL+$ȍ\0t?Et`@0=إN7+4<Gny#RKԯқH*=l~g\rUV8*n_59i\r{J]g-os嶾L(x>`tr*e _e}#\0,9Et`@0:ؕ`fq\'ܔ,5[[vQZaE,a7UNڹ)9z7?;V\\X^xMe6_0;lyhA7Z$A\'	v\0|]5|e7O2aIjVMsk;;삂]Śfo,k}?0{~2jp<dVZ?ɫ3ɴF.-9y\0}#\0,ƽ׼bOj߳S;$`o+\'(͹i\\Վ2~r\"X\n%lrnT֊%`WYwyx<I`5Mog{w/w>m\nv.6ok`,(EBw+~}Rc:I eRY*z\Z4 6մڹModi`77S_?\'\ZLk4.T\'Nȼg89N;OTI|-6sP8隻=6%v~#\0,.Zs^Ǟ{ uOǟJRww?Zn{7sϯ~<7M/ǇD÷zM\\SۥXi&~%qa\'[8~:I v3iZ++jzQ*҉̼S;p`i,9/1A/u?lT0E(̭g~Ao%`w᧟QvgJ2Vmv}î\\jJɬ݆~+Mߋ)&-`nLm\Z`b7&A\0f@nì\\\r{wКL+\Z</uvpZr̆Q;4\Z?îT3O-ZF\0Xr%vd(Ѽqm\rM6إa.e<``nk.|3t`@069c΢O}\Z]-֏`[L\\~^<4\'滿5g{`ӠRW&}mz]jC=5	vF\0XJx}<mkͣgG6n޷;|y]]K7.o}Jk^=tkFN\0f+M&y/oL\ZJvKdj[bS/r/ƉmߨŷO\"~Z\\3ӽs;6\ZKg];F♉-}#\0,E[6W޽u2s[vĺé){249[ܳt\'`o2eN4:LPk	qɿ4wDj=RyD^c[֧a25=9̤8e5솖v\rk`7Zdd5\\v/MwL_`WةM+/F7X`7r+	v\0]TW\r(.>0^FQRo*H&πKdXEnK<ԥnMYhrza]k^?ÙF6w2u,m,ob`ڷ+&>O֋ֿ\0b]9]U_[yܻ j,F6wk{gҕ:~lB\rv{{f;V\0t[[BKsMRi\0-:Esn]j<𮬜/r}Ǯ*Wr{6hvqxwt+`\0%-d/m6L=	vI\0v+V;]1\0hA7w=xlHt`@0݊vշUL_e\0rφ A\'	v\0\0X.4u:I \0Nk`$`\0\'صHN\0F\0Z$A\'	v\0#\0	v-젓;\0\0/۴y@ߪݦgg&\nv)\0v\0@pk_wC]3cS3g\';;(L \0@\r3ϮLtzzf|bj\'_\\к&`\0t\r;O\rfđхֺHE\0F\0a&`\0;(L \0	vP`@0m\rvnӡ\0`پeSwg`v\0`_y#G^\n}\0\0+7n^?x[vP`@0ҚmC#\'N{y\"\0[6ѱϾnZ300Ўv<`wUWm_|Gtj|2\0[7\r׿aڱ\'L[*ͮ\0\0:cժU}}}e?i+=O v_iU?l\0`j&;z`@0\0\0(e$=O WZ\0\02\'+-\0\0\npI\0ƕ\0\0	v\0J\0\\F;\0q\0@.#y\0\0\0<`\\i\0PHz`@0\0\0(e$=O WZ\0\02\'+-\0\0\npI\0ƕ\0\0	v\0J\0\\F;\0q\0@.#yqt\'NMV]M\nv\0,%WZ\0\02W	v199UMWa73==}캩ɉLm\0XJ\0\0(e$=̙3_򗯾7Vnfff^zٿ~,ͷ+1::w\nv\0,\rWZ\0\02w̙:vX%7i۶m_~`p\0@.#ygΜyV^jUdӧ;\0Fx揾9СOO>V\0a՗oxn;gM\";\0ircW\\|΁c>V\0a׶u_Mk۴\'LfW\\=k?:\0\0X]̇5ɬ;z`@0Қ/<\"Q\08ouށF_	v\0Ӿ+~\0W^ݎ;z`@0\0@0`;\0&Aa\0v\0\0=L;\0\0\0z`	v\0#\00\n\0F\0a&`\0t\\?v͞əF&`	v\0#\0\r0߷o53陱ɩ\'_zyaN;\0\0>wR#]mlrN-h-\n\0F\0l557=83yѓZK;\0\0.۴u@X?=9)Av\0#\0	v-젓;\0`w՛.lj;u~7ٳ~z6}i%۾u2w+ŗsxyv-젓;\0얕uwwy/]ODsjcn)eAk`$LwG~YPnEԔ~s#NvR۵_`Z$A\'	v\0#-#)uck*!oh[bX&	vI\0,`v\"9ջ?K<}O>\Z0T0oҰ[y HԯқH*=l~#PuV8vdvפʯ>W=]ϰu\ZmuOkr3|cD599}Z9\\WV=o%\'صHN\0fYr\Zl6DBt򼝛&`rQb.[+1삃]eWmra43qNTNڹ)9z7?;V/ʺm\nv?`8w8т]o%\'صHN\0fj|GuCORӵn[+a.4Ɖd-q57yU|gr2S+BX+Ikbs>:]FCY;3ž\0Lnk^\'Ï?)t`@07ؕJw\\v]2U(yfp3V(Yʺ3ƛy8`7?߽e[fZ]l`7YPW\Zt`@06/BQ	=\rNmkjZqX4|\\Z^z@5\'RSآ]T\'Nȼg89N;Oltd2_.͜wnD]\0Kx\\W䱧fn]S&ݏ~MK}8=Qu(xC}p0bv)Vڷ_IEi;_N\0\']e̬AV\nmiTZyW\\b˝`8oK~A4x]T\Z[ZF\0Xrv~lw&$-cf79.i.)}yJm|*zjhb\rԦ&|ct!`yܰbkrBf%om؃SdXK/lƲK]3}\\<<!E%6ϰZ- ص\0{KuQyU\\lK\\&eZyv\\6<<f;$`m{-9\Z?.itMX?Bm\Z80qe{P7N4o<evMfJ]eXggz]jӕ{s$-`)-=4ۇ35)O۸yvu.9Z*sήun+}F7{u:I 24-/53-k(-<Ūo- <o[b?-WݹG%3î#Ė݂\0\"n-Iv+:Vt[bĹxbԔxx\ZX`GYJ`@07EIv2M\'\Z&o(m8U`WK|ob;6:e}&3Y33/YZg5f`7Zdd5\\v/MwL_`WةM+/F7X`7r+	v\0]TΒ\r(.>0^FQ6ՆTE4?կdXEnK<ԥnmº׼3,nģ[l\ZRteG=~CzQ`7Zl+a+{D]nq-Z{OL[\\oa5VnO|Ϭ`J nvKHpii]*M\'\0,:Esn]j<𮬜/r}Ǯ*Wr{6hvqxwt+`\0%-d/m6L=	vI\0tU+B}\0=;oO\n6$:I \nvK:î毲E:~*!vI\0p\0.\rvGN\0F\0Z$A\'	v\0#\0	v-젓;\0\0	vI\0v\0@p];$`;\0 6m^3зj#ęɳt`@0\0םfPbN-h-\n\0F\00u}k̳7=~ɗ\'`	v\0#\0ݠSn393qdt.`;\0\0\0z`	v\0#\00\n\0F\0a&L[;8rt\0XqoYw]-A1\05W:5>ȑB%\0s#L>1~˽64r\'B+\0eyk;_{5؊`G\0}WZTMMM=}b>ȑNO>V\0a՗^7l۾y]_Y;\";\0iV͚/\0@gZ,`G\0WZf7==@\0VmB	v\0J\0\\F;\0q\0@.#y\0\0\0<`\\i\0PHz`@0\0\0(e$=O WZ\0\02\'+-\0\0\npI\0ƕ\0\0	v\0J\0\\F;\0q\0@.#y\0\0\0<`\\i\0PHz`@0\0\0(e$=O WZ\0\02\'+-\0\0\npI\0ƕ\0\0	v\0J\0\\F;\0q\0@.#y\0Jg#zdc\0Xn\\}7^}sִo+=O ^i}-<v8:xc\0Xvm[k/شM[y\0Jkc\0`yۥ[N|^\nKH	v\0Ӿ+_#/\'B%\0]xn_?00Ў;z`@0Қzg\n}|\0\0+}|Y	v\0#\00\n\0F\0a&`\0;(L \0	vP`@0\0@0`;\0&Aa\0v\0@7\ZX}Uc^9{htjlr\nvP`@0\0\\@߮\rC}kV-~^3=~婗;(L \0nsW-U;&Ϟ\ZԂ0`-}co}{\0+e60ęɳ\\Z&L;*@g\\iځ{<zrRN\0ۂ>\0+`\":I nvW钏̦&|S~Þ=\'g`ӗ^[\'^m0_|;JAEt`@0쾱`>o_h.nnLRے]E`Z$A\'	v\0m2ngn둺_ԺRSn{;߽z~邧Oa];$`-Uf	v2Sҷεwr!صHN\0ۂBgإy7O73>h4PüSwWM&RJpCKwZ?ǎTUVؚoW9}Mpf/?J/\'	T>]WV$~xG\Z}#?a];$`--h]w,TvnJd-G(oİv]J[^I[>џo}ʱ];7%GOXesk\')aD\nvͿ\0`\":I nvϰFڜ\'qK\'YW0T$5]&ܹvA.bMP7NTϬdT?JgFgr2S+BXUљwdZb`U6\Z%gUNl$M\0lDftDnk^\'Ï?)t`@0ZaWPw4jGKYIEɉ`*~uCÛp3\rV(Yʺ3ƛfoK%({efr?+3\\{q1Z]l`7YPW\Zt`@0Za?z\Z4 6մModi`77S_?\'r5Z:ȼg89N;OTId]z9(t72d@Gvњ<׭+6~<Tbڤ/r۸yO{~iz>>\'.E}Ի&Wl:.J6+(\r;<qvI\0t[ky]`WY=3~&nչr.fG[\Zafm2p`i,901A/u?lT0E(̭g~Ao%`w᧟QvgJ2Vmv}î\\jJɬ݆~+Mߋ)&-`nLm\Z`b7&A\0ۂgMgnLj15r!37~KߩNCk2e,hkvӲg6dfޢvyja`F̰;2qph^ո6W&0	vٲVgcnk0`m5\rev:I nv|༏9\Z?.itMX?Bm\Z80qe{s5ļ6%6s uϰl\Z4S*ĺo=-ػBϰK-Ph&n!\0Ki/\r>yyHyvG/϶vf%Vvvs[i4``7y߫\'>?{vI\0t[[[bޔ\Z_:ee\r_%Ūo-85D}y/>d^tܣ뎍FFaWxfb.13qKlIش_yֱJ\'m\rgN`no>8rW\nvН;\0`:.PD\rG[JsJTփ].0n7NU3Y[ĖsdMpc3i,n^uM0x]\Z.$ص\0Y5]csjnv$U=vjʋMv.؍:hboeg;J\0t[k}]rxd˭WQԛ\nҷ6y\\j&*r]ry(=.u{lRFS}^:4chcyԾ58]f7}ߐ~^4#ftb]9]U_[yܻ j,F6wk{gҕ:~lB\rv{{f;V\0t[+!\\6T\0bv\\[WyZ2++\\++տD7~]|6l;?~`J nvKHk햰 DnA2b\rS{lpt`@0]*n[7w=xlHt`@0]**sϱ(<l	?+\'#?pt(\Z#]/`hO[ݯ?`$L;\0``};$`;\0 8Et`@0\0`\":I \0Nk`$`\0\'صHN\0F\0l5}?R/N<+Av\0#\0}ݹk+v͌M͜Ԃ0`;\0 \roX7з<z3^|yrA\nvP`@0\0\r7X?5=?3GFZ\"A \0	vP`@0\0@0`;\0&Aa\05ؽxκ#O>J\0guN݂#L[S㓏y)Q\08o߸yo.A1\0JkzzmC#\'N{y\"\0[6ѱϾnZ300Ўv<`w5O\'ƿsydc\0Xn\\}öc+=O ^iUݬir\0tƪU˒Mai	v<`}Uivӡ\0`j&;z`@0\0\0(e$=O WZ\0\02\'+-\0\0\npI\0ƕ\0\0	v\0J\0\\F;\0q\0@.#y\0\0\0<`\\i\0PHz`@0\0\0(e$=O WZ\0\02\'+-\0\0\npI\0ƕ\0\0	v\0J\0\\F;\0q\0@.#y\0\0\0<`\\i\0PHz`@0\0\0(e$=O WZ\0\02\'Lx揾9СOO>V\0a՗oxn;gM\";\0ircW\\|΁c>V\0a׶u_Mk۴\'LfW\\=k?:(\0V]̇5ɬ;z`@0Қ/<\"Q\08ouށF_	v\0Ӿ+~\0W^ݎ;z`@0\0@0`;\0&Aa\0v\0\0=L;\0\0\0z`	v\0#\00\n\0F\0a&`\0t\\?v͞əF&`	v\0#\0\r0߷o53陱ɩ\'_zyaN;\0\0>wR#]mlrN-h-\n\0F\0l557=83yѓZK;\0\0.۴u@X?=9)Av\0#\0	v-젓;\0`w՛.lj;u~7ٳ~z6}i%۾u2+??=z`~];\"ȑ#w\0\0\0\0z֭[;\0\0\0\0Eh\0\0\0/\0\0\0@\0\0\0\0v\0\0\0\0E;\0\0\0\0\"\0\0\0\0t\0\0\0\0`\0\0\0\0]D\0\0\0.\"\0\0\0@\0\0\0\0v\0\0\0\0E;\0\0\0\0\"\0\0\0\0t\0\0\0\0`\0\0\0\0]D\0\0\0.\"\0\0\0@\0;vˉ3\0\0\\}?VO~CW%7{rC-Cmx./0~Kkn\\rs&驭r_%\0@#\0,RM\'r9OJ\n3Z\Z(?v%<͗z\"ؕ#\\?>O|mo~ݹW?+j\0:D\0|gdXIUj~IźKxR:Tyw|unDduZvO-fST:M&pf;HS٫+5}٬~_ᣜ9q׌0񿔹o\ZͰ+}vF_=`\0`\0,GM~a`<C\'*y34Z73AjtV*SeZ6Xhth\rI[o+a%?s\\eKi61H:&N{9rW[[b. \0Tr͹&^,/;\\7+oxգ-,\ZEy]66Y} 7C22UPuJY.ʩsiZjȞ,Xˡ(\n\0\0Us[<+ukfe+*};43]u[l!إ?h\ZNECwhud=KRE@^:\0t	\0	\\XKo5Z\r]z6[v\r5viR~5^6gZ[mW,7tCk0]ع:WI!NKTu\0t\"B6޽;.\0Y9QdфT^Qxp46SkQt]fW.gMgn!/hp6g$%r\'}o\0л\r5=`d\'V%,҉&C^.Q;HFfYZ\rUTrQMjӅЎ4\'ZHyEk2.?c\0tT`799z\0VĔ5yZ&(=}Shjh+!rͬ85Gy7TJޞ6gfgZ?q/,e\\{Όw\0)&&&B6<#\0\0\033g΄myG;\0\0\0g	v/nC͏~#\0\0\0EX݆ǂ\0\0\03_~91w>q_gGXPa?<7{7ʏ~\'meMxĪ-*wo.v}XYܩۓyH~W]G>CK~//\0\0\03^z)1w>oEwݹ`WP9+>{\r~>x,Soۣʛ(^/{w%a?=9rU\ZdvGSr=~WpkiO_~nq\0\0\0EݩS#<7ϋ,e\nU?ч˟xwnC>peҏ:42ƻ;r~Qxٓ#z񷩅/ioC]|?O<!\0\0\0=H;ydb-/7Oz7~ںO+ήp&G(pmwT4w䘷G͍WU춨{W&3HTwwQtiˇc|pQ\\[JR{kZiw-_S{fխY2=NxVfDWY*3Qv9SAe:\0\0\0Q$?~<1a>[M?҇6\\6wvzaG>}T(3T\\J>Vǉ׉jegD=!Ovv2|Q~*\\xV/ܟ\'s`T~T\Z\rG~ѭ;SMwO;یv\'\0\0\0	veM^x!?kїnC7O}p\Z?qvj?2D7-Z[qV+m.׮vvDw[Gh|s[>4zS+Fs{$s{oy䕆//?uV~eo<x%\0\0\0	v^uU_x^?}{\'\'\'\nrvo|u~0aɑ#4U|þ:ҟ5b>}ZoϿLr?ֶ/އ#:\\zSH_3g#_rFn9Lu{;WvV껎:$\0\0\0=#woo\r\rUKg|ސas%Fws>Ǣ?(:WK?}gK.^Mr;gOG~Z[qn_[62#SGo#8WxG丒9f[\Z{f?2|¿֯9S}wS{Hm̂߭[ݽ|Ofۛݷ#G;\0\0\0g?î>яOΝ;w====55U{ݳ>{qgu8Fo҇;Sdn}[>g|[;n],!1Ta3C̭W[P<Pw-,3/mlW	K69Y(m&xG=y9[֭u&zal$BKLF9hrڸ~##\0\0\03*npp0҉gJ/xCv|3sW&uy\\@}螳 ;\0\0\0gTڵko4E`7>>jdd$nndg\0\0\0Q	vׯaժUM>z{ؿ߿ٓ7ޡwQ\0\0\0`qfff^):t(nC;\0\0\0gTݹ瞛isتmy;\0\0\0gTy`Om9~`\0\0\0J[fMuɳ>0J\0\0\0\0IENDB`','secondtest');
/*!40000 ALTER TABLE `files` ENABLE KEYS */;
UNLOCK TABLES;

--
-- Table structure for table `leaders`
--

DROP TABLE IF EXISTS `leaders`;
/*!40101 SET @saved_cs_client     = @@character_set_client */;
/*!40101 SET character_set_client = utf8 */;
CREATE TABLE `leaders` (
  `id` int(11) NOT NULL auto_increment,
  `user_id` int(11) unsigned NOT NULL,
  `address` varchar(255) NOT NULL,
  `birthday` datetime NOT NULL,
  `document` varchar(255) NOT NULL,
  `first_name` varchar(255) NOT NULL,
  `last_name` varchar(255) NOT NULL,
  `license` varchar(255) default NULL,
  `user_tmp` varchar(255) default NULL,
  `registration_date` datetime default NULL,
  PRIMARY KEY  (`id`),
  KEY `user_id` (`user_id`),
  CONSTRAINT `leaders_ibfk_1` FOREIGN KEY (`user_id`) REFERENCES `users` (`id`)
) ENGINE=InnoDB AUTO_INCREMENT=18 DEFAULT CHARSET=utf8;
/*!40101 SET character_set_client = @saved_cs_client */;

--
-- Dumping data for table `leaders`
--

LOCK TABLES `leaders` WRITE;
/*!40000 ALTER TABLE `leaders` DISABLE KEYS */;
INSERT INTO `leaders` VALUES (1,6,'м.Чернівці, вул.Мамаївська.6','1980-06-23 00:00:00','СЕ123345','Сергий','Пономар',NULL,'team1','2014-06-02 13:30:00'),(2,7,'м. Кам\'янець-Подільський, вул. Грушевського 74/524','1974-06-27 00:00:00','НВ','Руслан','Кагітін',NULL,'team2','2014-06-02 13:30:00'),(3,8,'м. Чернівці, вул. Каспрука 13/9','1980-07-09 00:00:00','кр122312','Петров','Розуменко',NULL,'team4','2014-06-02 13:30:00'),(4,4,'м. Стрий, вул. Бандери 12б кв. 6','1978-05-03 00:00:00','1-СГ№216123','Роман','Шандаревський',NULL,'roman','2014-06-02 13:30:00'),(5,9,'Vfdvdfq','2014-06-03 00:00:00','Vdfvdfvq','Vfsdvfq','Vsfvdfq','Vfdvdfq','test','2014-06-03 13:30:00'),(8,10,'fgwer y3et erthyetr ','2014-06-04 00:00:00','34GT3RG34','Test','Test','3GF4F34F34','test1','2014-06-04 13:15:23'),(12,13,'123','2014-08-01 00:00:00','123','Alex','Mandryk','123',NULL,'2014-08-04 16:36:21'),(13,14,'123','2014-08-01 00:00:00','123','Tem','Dem','123',NULL,'2014-08-04 17:21:17'),(14,15,'123123','2014-07-30 00:00:00','123123','Tarasa','Demoa','123123',NULL,'2014-08-04 17:48:56'),(15,16,'vul. Geroiv Maidanu 12.4a / 16,7','2014-07-30 00:00:00','151','Tester','Mester','5234',NULL,'2014-08-05 14:29:47'),(17,18,'123','2014-08-13 00:00:00','123','Qw','Qw','123',NULL,'2014-08-13 14:19:00');
/*!40000 ALTER TABLE `leaders` ENABLE KEYS */;
UNLOCK TABLES;

--
-- Table structure for table `logs`
--

DROP TABLE IF EXISTS `logs`;
/*!40101 SET @saved_cs_client     = @@character_set_client */;
/*!40101 SET character_set_client = utf8 */;
CREATE TABLE `logs` (
  `LOGGER` varchar(200) NOT NULL,
  `LEVEL` varchar(45) NOT NULL,
  `MESSAGE` varchar(1000) NOT NULL,
  `DATE` varchar(45) NOT NULL
) ENGINE=InnoDB DEFAULT CHARSET=utf8;
/*!40101 SET character_set_client = @saved_cs_client */;

--
-- Dumping data for table `logs`
--

LOCK TABLES `logs` WRITE;
/*!40000 ALTER TABLE `logs` DISABLE KEYS */;
INSERT INTO `logs` VALUES ('net.carting.service.UserDetailsServiceImpl','INFO','admin had logged successfully','2014-08-19 18:58:18,544'),('net.carting.service.UserDetailsServiceImpl','INFO','admin had logged successfully','2014-08-19 19:03:25,116'),('net.carting.service.UserDetailsServiceImpl','INFO','admin had logged successfully','2014-08-19 19:03:25,116'),('net.carting.service.UserDetailsServiceImpl','INFO','admin had logged successfully','2014-08-19 19:08:25,170'),('net.carting.service.UserDetailsServiceImpl','INFO','admin had logged successfully','2014-08-19 19:08:25,170'),('net.carting.web.CompetitionController','INFO','Admin has disabled competition (id = 1)','2014-08-19 19:08:31,771'),('net.carting.web.CompetitionController','INFO','Admin has disabled competition (id = 1)','2014-08-19 19:08:31,771'),('net.carting.web.CompetitionController','INFO','Admin has enabled competition (id = 1)','2014-08-19 19:09:07,312'),('net.carting.web.CompetitionController','INFO','Admin has enabled competition (id = 1)','2014-08-19 19:09:07,312'),('net.carting.service.UserDetailsServiceImpl','INFO','admin had logged successfully','2014-08-19 19:10:03,276'),('net.carting.web.CompetitionController','INFO','Admin has disabled competition (id = 1)','2014-08-19 19:10:08,122'),('org.springframework.web.context.ContextLoader','ERROR','Context initialization failed','2014-08-20 04:52:28,833'),('org.springframework.web.context.ContextLoader','ERROR','Context initialization failed','2014-08-20 04:52:47,178'),('org.springframework.web.context.ContextLoader','ERROR','Context initialization failed','2014-08-20 04:53:36,557'),('org.springframework.web.context.ContextLoader','ERROR','Context initialization failed','2014-08-20 04:58:21,716'),('org.springframework.web.context.ContextLoader','ERROR','Context initialization failed','2014-08-20 04:59:06,103'),('org.springframework.web.context.ContextLoader','ERROR','Context initialization failed','2014-08-20 05:00:29,564'),('org.springframework.web.context.ContextLoader','ERROR','Context initialization failed','2014-08-20 05:02:58,740'),('org.springframework.web.context.ContextLoader','ERROR','Context initialization failed','2014-08-20 05:04:10,765'),('net.carting.service.UserDetailsServiceImpl','INFO','admin had logged successfully','2014-08-20 05:06:58,167'),('org.hibernate.engine.jdbc.spi.SqlExceptionHelper','WARN','SQL Error: 1054, SQLState: 42S22','2014-08-20 05:06:58,821'),('org.hibernate.engine.jdbc.spi.SqlExceptionHelper','WARN','SQL Error: 1054, SQLState: 42S22','2014-08-20 05:10:05,352'),('net.carting.service.UserDetailsServiceImpl','INFO','admin had logged successfully','2014-08-20 05:12:06,094'),('org.hibernate.engine.jdbc.spi.SqlExceptionHelper','WARN','SQL Error: 1054, SQLState: 42S22','2014-08-20 05:12:06,492'),('org.hibernate.engine.jdbc.spi.SqlExceptionHelper','WARN','SQL Error: 1054, SQLState: 42S22','2014-08-20 05:12:12,092'),('net.carting.service.UserDetailsServiceImpl','INFO','admin had logged successfully','2014-08-20 05:14:36,849'),('net.carting.service.UserDetailsServiceImpl','INFO','admin had logged successfully','2014-08-20 05:16:57,202'),('org.hibernate.engine.jdbc.spi.SqlExceptionHelper','WARN','SQL Error: 1054, SQLState: 42S22','2014-08-20 05:16:57,496'),('net.carting.service.UserDetailsServiceImpl','INFO','admin had logged successfully','2014-08-20 05:21:26,029'),('org.hibernate.engine.jdbc.spi.SqlExceptionHelper','WARN','SQL Error: 1054, SQLState: 42S22','2014-08-20 05:21:26,304'),('net.carting.service.UserDetailsServiceImpl','INFO','admin had logged successfully','2014-08-20 05:22:57,508'),('net.carting.service.UserDetailsServiceImpl','INFO','admin had logged successfully','2014-08-20 05:37:21,193'),('net.carting.service.UserDetailsServiceImpl','INFO','admin had logged successfully','2014-08-20 05:48:32,837'),('net.carting.service.UserDetailsServiceImpl','INFO','admin had logged successfully','2014-08-20 05:49:34,265'),('net.carting.service.UserDetailsServiceImpl','INFO','admin had logged successfully','2014-08-21 14:23:08,497'),('net.carting.service.UserDetailsServiceImpl','INFO','admin had logged successfully','2014-08-21 14:25:05,364'),('net.carting.service.UserDetailsServiceImpl','INFO','admin had logged successfully','2014-08-21 14:41:21,485');
/*!40000 ALTER TABLE `logs` ENABLE KEYS */;
UNLOCK TABLES;

--
-- Table structure for table `qualifying`
--

DROP TABLE IF EXISTS `qualifying`;
/*!40101 SET @saved_cs_client     = @@character_set_client */;
/*!40101 SET character_set_client = utf8 */;
CREATE TABLE `qualifying` (
  `id` int(11) NOT NULL auto_increment,
  `car_class_competition_id` int(11) NOT NULL,
  `racer_number` int(11) NOT NULL,
  `racer_place` int(11) NOT NULL,
  `racer_time` time default NULL,
  PRIMARY KEY  (`id`),
  KEY `car_class_competition_id` (`car_class_competition_id`),
  CONSTRAINT `qualifying_ibfk_1` FOREIGN KEY (`car_class_competition_id`) REFERENCES `car_class_competition` (`id`)
) ENGINE=InnoDB AUTO_INCREMENT=9 DEFAULT CHARSET=latin1;
/*!40101 SET character_set_client = @saved_cs_client */;

--
-- Dumping data for table `qualifying`
--

LOCK TABLES `qualifying` WRITE;
/*!40000 ALTER TABLE `qualifying` DISABLE KEYS */;
INSERT INTO `qualifying` VALUES (1,6,12,1,'00:01:12'),(2,6,4,2,'00:01:13'),(3,6,8,3,'00:01:14'),(4,6,9,4,'00:01:15'),(5,5,2,1,'00:01:12'),(6,5,9,2,'00:01:13'),(7,5,1,3,'00:01:14'),(8,5,7,4,'00:01:19');
/*!40000 ALTER TABLE `qualifying` ENABLE KEYS */;
UNLOCK TABLES;

--
-- Table structure for table `race_results`
--

DROP TABLE IF EXISTS `race_results`;
/*!40101 SET @saved_cs_client     = @@character_set_client */;
/*!40101 SET character_set_client = utf8 */;
CREATE TABLE `race_results` (
  `id` int(11) NOT NULL auto_increment,
  `car_number` int(11) NOT NULL,
  `full_laps` int(11) NOT NULL,
  `place` int(11) NOT NULL,
  `points` int(11) NOT NULL,
  `race_id` int(11) NOT NULL,
  `racer_id` int(11) NOT NULL,
  PRIMARY KEY  (`id`),
  KEY `FK9D24CC88A1B9B1AD` (`racer_id`),
  KEY `FK9D24CC88EC711227` (`race_id`),
  CONSTRAINT `FK9D24CC88A1B9B1AD` FOREIGN KEY (`racer_id`) REFERENCES `racers` (`id`),
  CONSTRAINT `FK9D24CC88EC711227` FOREIGN KEY (`race_id`) REFERENCES `races` (`id`)
) ENGINE=InnoDB AUTO_INCREMENT=28 DEFAULT CHARSET=utf8;
/*!40101 SET character_set_client = @saved_cs_client */;

--
-- Dumping data for table `race_results`
--

LOCK TABLES `race_results` WRITE;
/*!40000 ALTER TABLE `race_results` DISABLE KEYS */;
INSERT INTO `race_results` VALUES (11,8,6,1,40,4,9),(12,4,5,3,0,4,7),(13,9,5,2,0,4,8),(14,12,4,4,0,4,3),(15,12,7,1,40,5,3),(16,9,6,2,24,5,8),(17,8,5,3,0,5,9),(18,4,2,4,0,5,7),(19,1,9,1,40,6,1),(20,2,8,2,24,6,2),(21,9,7,3,0,6,6),(22,7,5,4,0,6,7),(23,7,10,1,40,7,7),(24,1,10,2,24,7,1),(25,2,9,3,11,7,2),(26,9,1,4,0,7,6),(27,1,3,1,0,8,3);
/*!40000 ALTER TABLE `race_results` ENABLE KEYS */;
UNLOCK TABLES;

--
-- Table structure for table `racer_car_class_numbers`
--

DROP TABLE IF EXISTS `racer_car_class_numbers`;
/*!40101 SET @saved_cs_client     = @@character_set_client */;
/*!40101 SET character_set_client = utf8 */;
CREATE TABLE `racer_car_class_numbers` (
  `id` int(11) NOT NULL auto_increment,
  `number` int(11) NOT NULL,
  `car_class_id` int(11) NOT NULL,
  `racer_id` int(11) NOT NULL,
  PRIMARY KEY  (`id`),
  UNIQUE KEY `racer_id` (`racer_id`,`car_class_id`),
  KEY `FK9F10E05AA1B9B1AD` (`racer_id`),
  KEY `FK9F10E05A1F1B02DE` (`car_class_id`),
  CONSTRAINT `FK9F10E05A1F1B02DE` FOREIGN KEY (`car_class_id`) REFERENCES `car_classes` (`id`),
  CONSTRAINT `FK9F10E05AA1B9B1AD` FOREIGN KEY (`racer_id`) REFERENCES `racers` (`id`)
) ENGINE=InnoDB AUTO_INCREMENT=32 DEFAULT CHARSET=utf8;
/*!40101 SET character_set_client = @saved_cs_client */;

--
-- Dumping data for table `racer_car_class_numbers`
--

LOCK TABLES `racer_car_class_numbers` WRITE;
/*!40000 ALTER TABLE `racer_car_class_numbers` DISABLE KEYS */;
INSERT INTO `racer_car_class_numbers` VALUES (1,1,3,1),(2,2,3,2),(3,12,7,3),(4,1,6,3),(5,9,4,4),(6,9,2,5),(7,9,3,6),(8,5,4,6),(9,7,3,7),(10,4,7,7),(11,9,7,8),(12,8,4,8),(13,8,7,9),(14,4,4,9),(15,3,3,10),(16,21,2,11),(17,54,3,11),(19,13,3,13),(21,88,3,15),(22,55,3,16),(29,10,2,21),(30,5,3,21),(31,17,9,22);
/*!40000 ALTER TABLE `racer_car_class_numbers` ENABLE KEYS */;
UNLOCK TABLES;

--
-- Table structure for table `racer_competition_car_class_numbers`
--

DROP TABLE IF EXISTS `racer_competition_car_class_numbers`;
/*!40101 SET @saved_cs_client     = @@character_set_client */;
/*!40101 SET character_set_client = utf8 */;
CREATE TABLE `racer_competition_car_class_numbers` (
  `id` int(11) NOT NULL auto_increment,
  `number_in_competition` int(11) NOT NULL,
  `car_class_competition_id` int(11) NOT NULL,
  `racer_id` int(11) NOT NULL,
  PRIMARY KEY  (`id`),
  UNIQUE KEY `racer_id` (`racer_id`,`car_class_competition_id`),
  KEY `FKFE2396DA7644F83B` (`car_class_competition_id`),
  KEY `FKFE2396DAA1B9B1AD` (`racer_id`),
  CONSTRAINT `FKFE2396DA7644F83B` FOREIGN KEY (`car_class_competition_id`) REFERENCES `car_class_competition` (`id`),
  CONSTRAINT `FKFE2396DAA1B9B1AD` FOREIGN KEY (`racer_id`) REFERENCES `racers` (`id`)
) ENGINE=InnoDB AUTO_INCREMENT=32 DEFAULT CHARSET=utf8;
/*!40101 SET character_set_client = @saved_cs_client */;

--
-- Dumping data for table `racer_competition_car_class_numbers`
--

LOCK TABLES `racer_competition_car_class_numbers` WRITE;
/*!40000 ALTER TABLE `racer_competition_car_class_numbers` DISABLE KEYS */;
INSERT INTO `racer_competition_car_class_numbers` VALUES (4,1,2,3),(6,2,3,2),(7,1,3,1),(10,9,6,8),(11,8,6,9),(12,2,5,2),(13,12,6,3),(14,1,5,1),(15,4,6,7),(17,9,5,6),(19,7,5,7),(29,13,3,13),(31,7,3,7);
/*!40000 ALTER TABLE `racer_competition_car_class_numbers` ENABLE KEYS */;
UNLOCK TABLES;

--
-- Table structure for table `racer_document`
--

DROP TABLE IF EXISTS `racer_document`;
/*!40101 SET @saved_cs_client     = @@character_set_client */;
/*!40101 SET character_set_client = utf8 */;
CREATE TABLE `racer_document` (
  `racer_id` int(11) NOT NULL,
  `document_id` int(11) NOT NULL,
  PRIMARY KEY  (`racer_id`,`document_id`),
  KEY `FKADCD1BD917352767` (`document_id`),
  KEY `FKADCD1BD9A1B9B1AD` (`racer_id`),
  CONSTRAINT `FKADCD1BD917352767` FOREIGN KEY (`document_id`) REFERENCES `documents` (`id`),
  CONSTRAINT `FKADCD1BD9A1B9B1AD` FOREIGN KEY (`racer_id`) REFERENCES `racers` (`id`)
) ENGINE=InnoDB DEFAULT CHARSET=utf8;
/*!40101 SET character_set_client = @saved_cs_client */;

--
-- Dumping data for table `racer_document`
--

LOCK TABLES `racer_document` WRITE;
/*!40000 ALTER TABLE `racer_document` DISABLE KEYS */;
INSERT INTO `racer_document` VALUES (21,10);
/*!40000 ALTER TABLE `racer_document` ENABLE KEYS */;
UNLOCK TABLES;

--
-- Table structure for table `racers`
--

DROP TABLE IF EXISTS `racers`;
/*!40101 SET @saved_cs_client     = @@character_set_client */;
/*!40101 SET character_set_client = utf8 */;
CREATE TABLE `racers` (
  `id` int(11) NOT NULL auto_increment,
  `address` varchar(255) NOT NULL,
  `birthday` datetime NOT NULL,
  `document` varchar(255) NOT NULL,
  `first_name` varchar(255) NOT NULL,
  `last_name` varchar(255) NOT NULL,
  `enabled` tinyint(1) NOT NULL,
  `registration_date` datetime NOT NULL,
  `sports_category` tinyint(1) NOT NULL,
  `team_id` int(11) NOT NULL,
  PRIMARY KEY  (`id`),
  KEY `FKC80DE8D25CF956A7` (`team_id`),
  CONSTRAINT `FKC80DE8D25CF956A7` FOREIGN KEY (`team_id`) REFERENCES `teams` (`id`)
) ENGINE=InnoDB AUTO_INCREMENT=23 DEFAULT CHARSET=utf8;
/*!40101 SET character_set_client = @saved_cs_client */;

--
-- Dumping data for table `racers`
--

LOCK TABLES `racers` WRITE;
/*!40000 ALTER TABLE `racers` DISABLE KEYS */;
INSERT INTO `racers` VALUES (1,'м.Чернівці, вул.Комарова 31Г,22','1994-07-16 00:00:00','КР №772048','Максим','Лелик',1,'2014-05-15 10:24:29',4,1),(2,'м.Чернівці, вул.Головна, 285, кв.28','1986-06-26 00:00:00','КР №772048','Віталій','Вахата',1,'2014-05-15 10:27:53',4,1),(3,'м.Чернівці, вул.Сторожинецька, 60','2001-09-26 00:00:00','І-МИ № 078300','Андрій','Балашев',1,'2014-05-15 10:31:16',1,1),(4,'м. Кам\'янець-Подільський, вул. кн.Корыатовычыв 68/54','2006-02-10 00:00:00','1-БВ №023157','Даниїл','Кукурузов',1,'2014-05-15 10:36:33',0,2),(5,'м. Кам\'янець-Подільський, вул. Гагаріна 69/35','2000-05-12 00:00:00','І-БВ','Максимa','Квапиш',1,'2014-05-15 10:43:35',4,2),(6,'м. Чернівці, вул. Переяслівська 6/11 ','2009-11-19 00:00:00','КР233423','Василь','Ющенко',1,'2014-05-15 11:56:04',0,2),(7,'вул. Небесної сотні 14а','1981-03-05 00:00:00','КР3431234','Олексій ','Зарубайко',1,'2014-05-15 11:58:22',5,2),(8,'м. Чернівці, вул. Шевченко, 25','2008-11-12 00:00:00','ра12342','Сергій','Надольський',1,'2014-05-28 10:55:14',1,3),(9,'м. Чернівці, вул. Ентузіастів, 5','2007-07-11 00:00:00','ке342344545','Павло','Мурзенко',1,'2014-05-28 10:57:24',2,3),(10,'м. Стрий, вул.1 Листопада 16А, кв. 3','1993-08-19 00:00:00','КС 729066','Олег','Карман',1,'2014-05-28 18:19:02',1,4),(11,'м. Стрий, вул. Б. Хмельницького, 21, 3','1998-07-08 00:00:00','1-СГ №158340','Марко','Лисак',1,'2014-05-28 18:20:26',0,4),(13,'Vsdf','2014-06-02 00:00:00','Vdf','Vfvdfv','Vdfsvdfv',1,'2014-06-03 13:59:02',2,5),(15,'пПвапва','1990-01-23 00:00:00','Пвапва','Піап','Пвапвап',1,'2014-06-04 13:26:17',0,13),(16,'Gdsfgfs','1992-03-12 00:00:00','Gdfgfds','Fsdggg','Gsfgfdsgds',1,'2014-06-04 14:04:40',1,13),(21,'м. Чернівці','1995-07-12 00:00:00','97NYY7MNH','Петро','Іванов',1,'2014-06-13 17:17:53',1,1),(22,'uu','2012-12-01 00:00:00','uuu','Dima','Pima',1,'2014-08-05 14:32:52',5,14);
/*!40000 ALTER TABLE `racers` ENABLE KEYS */;
UNLOCK TABLES;

--
-- Table structure for table `races`
--

DROP TABLE IF EXISTS `races`;
/*!40101 SET @saved_cs_client     = @@character_set_client */;
/*!40101 SET character_set_client = utf8 */;
CREATE TABLE `races` (
  `id` int(11) NOT NULL auto_increment,
  `number_of_laps` int(11) NOT NULL,
  `number_of_members` int(11) NOT NULL,
  `race_number` int(11) NOT NULL,
  `result_sequance` varchar(255) NOT NULL,
  `car_class_id` int(11) NOT NULL,
  `car_class_competition_id` int(11) default NULL,
  PRIMARY KEY  (`id`),
  KEY `FK6740FC27644F83B` (`car_class_competition_id`),
  KEY `FK6740FC21F1B02DE` (`car_class_id`),
  CONSTRAINT `FK6740FC21F1B02DE` FOREIGN KEY (`car_class_id`) REFERENCES `car_classes` (`id`),
  CONSTRAINT `FK6740FC27644F83B` FOREIGN KEY (`car_class_competition_id`) REFERENCES `car_class_competition` (`id`)
) ENGINE=InnoDB AUTO_INCREMENT=9 DEFAULT CHARSET=utf8;
/*!40101 SET character_set_client = @saved_cs_client */;

--
-- Dumping data for table `races`
--

LOCK TABLES `races` WRITE;
/*!40000 ALTER TABLE `races` DISABLE KEYS */;
INSERT INTO `races` VALUES (4,7,4,1,'12 4 8 9 8 4 8 9 12 12 4 8 9 8 9 8 9 12 4 4',7,6),(5,7,4,2,'12 9 8 4 12 9 8 8 12 9 4 8 12 9 12 8 12 9 12 9',7,6),(6,10,4,1,'1 7 2 9 2 9 1 7 2 1 9 7 2 9 1 2 9 1 7 2 9 2 9 1 1 1 1 2 7',3,5),(7,10,4,2,'2 9 1 7 1 2 7 1 2 7 1 2 7 7 2 1 7 2 1 7 2 7 2 1 7 2 1 1 7 1',3,5),(8,6,1,1,'1 1 1',6,2);
/*!40000 ALTER TABLE `races` ENABLE KEYS */;
UNLOCK TABLES;

--
-- Table structure for table `roles`
--

DROP TABLE IF EXISTS `roles`;
/*!40101 SET @saved_cs_client     = @@character_set_client */;
/*!40101 SET character_set_client = utf8 */;
CREATE TABLE `roles` (
  `id` int(6) unsigned NOT NULL auto_increment,
  `role` varchar(25) NOT NULL,
  PRIMARY KEY  (`id`)
) ENGINE=InnoDB AUTO_INCREMENT=3 DEFAULT CHARSET=utf8;
/*!40101 SET character_set_client = @saved_cs_client */;

--
-- Dumping data for table `roles`
--

LOCK TABLES `roles` WRITE;
/*!40000 ALTER TABLE `roles` DISABLE KEYS */;
INSERT INTO `roles` VALUES (1,'ROLE_ADMIN'),(2,'ROLE_TEAM_LEADER');
/*!40000 ALTER TABLE `roles` ENABLE KEYS */;
UNLOCK TABLES;

--
-- Table structure for table `team_in_competition`
--

DROP TABLE IF EXISTS `team_in_competition`;
/*!40101 SET @saved_cs_client     = @@character_set_client */;
/*!40101 SET character_set_client = utf8 */;
CREATE TABLE `team_in_competition` (
  `id` int(11) NOT NULL auto_increment,
  `competition_id` int(11) NOT NULL,
  `team_id` int(11) NOT NULL,
  PRIMARY KEY  (`id`),
  UNIQUE KEY `team_id` (`team_id`,`competition_id`),
  KEY `FK6C8DF3C7ED6F4EAD` (`competition_id`),
  KEY `FK6C8DF3C75CF956A7` (`team_id`),
  CONSTRAINT `FK6C8DF3C75CF956A7` FOREIGN KEY (`team_id`) REFERENCES `teams` (`id`),
  CONSTRAINT `FK6C8DF3C7ED6F4EAD` FOREIGN KEY (`competition_id`) REFERENCES `competitions` (`id`)
) ENGINE=InnoDB AUTO_INCREMENT=11 DEFAULT CHARSET=utf8;
/*!40101 SET character_set_client = @saved_cs_client */;

--
-- Dumping data for table `team_in_competition`
--

LOCK TABLES `team_in_competition` WRITE;
/*!40000 ALTER TABLE `team_in_competition` DISABLE KEYS */;
INSERT INTO `team_in_competition` VALUES (2,2,1),(10,1,2),(3,2,2),(1,2,3),(7,2,4),(8,1,5);
/*!40000 ALTER TABLE `team_in_competition` ENABLE KEYS */;
UNLOCK TABLES;

--
-- Table structure for table `teams`
--

DROP TABLE IF EXISTS `teams`;
/*!40101 SET @saved_cs_client     = @@character_set_client */;
/*!40101 SET character_set_client = utf8 */;
CREATE TABLE `teams` (
  `id` int(11) NOT NULL auto_increment,
  `address` varchar(255) NOT NULL,
  `name` varchar(255) NOT NULL,
  `leader_id` int(11) NOT NULL,
  `license` varchar(255) default NULL,
  PRIMARY KEY  (`id`),
  KEY `FK69209B64530F7E7` (`leader_id`),
  CONSTRAINT `FK69209B64530F7E7` FOREIGN KEY (`leader_id`) REFERENCES `leaders` (`id`)
) ENGINE=InnoDB AUTO_INCREMENT=17 DEFAULT CHARSET=utf8;
/*!40101 SET character_set_client = @saved_cs_client */;

--
-- Dumping data for table `teams`
--

LOCK TABLES `teams` WRITE;
/*!40000 ALTER TABLE `teams` DISABLE KEYS */;
INSERT INTO `teams` VALUES (1,'м.Чернівці, вул.Мамаївська.6','Чернівецький ОЦНТТУМ',1,NULL),(2,'м. Кам\'янець-Подільський, вул. Грушевського 74/524','Філія ХОЦНТТУМ м. Кам\'янець-Подільський',2,NULL),(3,'м. Чернівці','Чернівецькі яструби',3,NULL),(4,'м. Стрий, вул. Бандери, 12 , кв.6','Львівський ОЦНТТУМ',4,NULL),(5,'Adress','My Team',5,'E565'),(13,'пПапвап','АПП',8,'Пвапвап'),(14,'fafa','Super Command',15,'123412'),(16,'Чернівці, вул Комарова 19/21, кв. №56','Com',14,'AS №123456');
/*!40000 ALTER TABLE `teams` ENABLE KEYS */;
UNLOCK TABLES;

--
-- Table structure for table `users`
--

DROP TABLE IF EXISTS `users`;
/*!40101 SET @saved_cs_client     = @@character_set_client */;
/*!40101 SET character_set_client = utf8 */;
CREATE TABLE `users` (
  `id` int(11) unsigned NOT NULL auto_increment,
  `username` varchar(255) NOT NULL,
  `enabled` tinyint(1) NOT NULL,
  `password` varchar(255) default NULL,
  `role_id` int(11) unsigned NOT NULL,
  `email` varchar(45) NOT NULL,
  `reset_pass_link` varchar(255) default NULL,
  PRIMARY KEY  (`id`),
  KEY `FK_users_roles` (`role_id`),
  CONSTRAINT `FK_users_roles` FOREIGN KEY (`role_id`) REFERENCES `roles` (`id`)
) ENGINE=InnoDB AUTO_INCREMENT=19 DEFAULT CHARSET=utf8;
/*!40101 SET character_set_client = @saved_cs_client */;

--
-- Dumping data for table `users`
--

LOCK TABLES `users` WRITE;
/*!40000 ALTER TABLE `users` DISABLE KEYS */;
INSERT INTO `users` VALUES (1,'admin',1,'8c6976e5b5410415bde908bd4dee15dfb167a9c873fc4bb8a81f6f2ab448a918',1,'',NULL),(4,'roman',1,'4eaae75f1df2f52bda44f6b18a400542d51c81bd7c00b0e720be5dc2c997575d',2,'',NULL),(6,'team1',1,'03ac674216f3e15c761ee1a5e255f067953623c8b388b4459e13f978d7c846f4',2,'',NULL),(7,'team2',1,'03ac674216f3e15c761ee1a5e255f067953623c8b388b4459e13f978d7c846f4',2,'',NULL),(8,'team4',1,'03ac674216f3e15c761ee1a5e255f067953623c8b388b4459e13f978d7c846f4',2,'',NULL),(9,'test',1,'0ffe1abd1a08215353c233d6e009613e95eec4253832a761af28ff37ac5a150c',2,'',NULL),(10,'test1',0,'0ffe1abd1a08215353c233d6e009613e95eec4253832a761af28ff37ac5a150c',2,'',NULL),(13,'alex',0,'96cae35ce8a9b0244178bf28e4966c2ce1b8385723a96a6b838858cdd6ca0a1e',2,'',NULL),(14,'tem',0,'96cae35ce8a9b0244178bf28e4966c2ce1b8385723a96a6b838858cdd6ca0a1e',2,'',NULL),(15,'demo',1,'96cae35ce8a9b0244178bf28e4966c2ce1b8385723a96a6b838858cdd6ca0a1e',2,'',NULL),(16,'tester',1,'96cae35ce8a9b0244178bf28e4966c2ce1b8385723a96a6b838858cdd6ca0a1e',2,'',NULL),(18,'kolio',1,'5994471abb01112afcc18159f6cc74b4f511b99806da59b3caf5a9c173cacfc5',2,'kolio5991@gmail.com','682c5d12b454444f10e3660f3e1317434e93eabc9b58747552d05a642cdb45bc');
/*!40000 ALTER TABLE `users` ENABLE KEYS */;
UNLOCK TABLES;
/*!40103 SET TIME_ZONE=@OLD_TIME_ZONE */;

/*!40101 SET SQL_MODE=@OLD_SQL_MODE */;
/*!40014 SET FOREIGN_KEY_CHECKS=@OLD_FOREIGN_KEY_CHECKS */;
/*!40014 SET UNIQUE_CHECKS=@OLD_UNIQUE_CHECKS */;
/*!40101 SET CHARACTER_SET_CLIENT=@OLD_CHARACTER_SET_CLIENT */;
/*!40101 SET CHARACTER_SET_RESULTS=@OLD_CHARACTER_SET_RESULTS */;
/*!40101 SET COLLATION_CONNECTION=@OLD_COLLATION_CONNECTION */;
/*!40111 SET SQL_NOTES=@OLD_SQL_NOTES */;

-- Dump completed on 2014-08-21 15:13:00
